frame,px,py,vx,vy
0,10.015261,10.014571,0.991611,0.496492
0,10.015260525051024,10.014570570698440,0.991610783590835,0.496492482991628
1,10.107753,10.057662,0.987769,0.492932
1,10.107753107939704,10.057662482018285,0.987769300220498,0.492932231996066
2,10.204261,10.104420,0.985525,0.489520
2,10.204260538529493,10.104420323474281,0.985525482143043,0.489519814434333
3,10.301977,10.152206,0.984495,0.487242
3,10.301977391053240,10.152206428391324,0.984494552279358,0.487241952049742
4,10.400345,10.200579,0.984514,0.486411
4,10.400345472513138,10.200579048506160,0.984514461460323,0.486410587378981
5,10.499210,10.249432,0.985371,0.486731
5,10.499209849035623,10.249432401150790,0.985370753828682,0.486731049706704
6,10.598474,10.298683,0.986724,0.487738
6,10.598473969051916,10.298683208200197,0.986723854793083,0.487737964428758
7,10.698039,10.348235,0.988259,0.489038
7,10.698038577777259,10.348234744447424,0.988259446386529,0.489037944639995
8,10.797812,10.397996,0.989771,0.490381
8,10.797812178220735,10.397995710657229,0.989771351165193,0.490381321292865
9,10.897723,10.447894,0.991156,0.491641
9,10.897722923128777,10.447894195473420,0.991156154445325,0.491640819650536
10,10.997720,10.497880,0.992378,0.492767
10,10.997720153280797,10.497879569038439,0.992377709306570,0.492766694786468
11,11.097770,10.547918,0.993435,0.493750
11,11.097770368058798,10.547918445264898,0.993435482664284,0.493750243237752
12,11.197852,10.597990,0.994345,0.494601
12,11.197852210137430,10.597989612371979,0.994344529190397,0.494601299759266
13,11.297952,10.648080,0.995125,0.495336
13,11.297952341549435,10.648079865073925,0.995124814282397,0.495336254830973
14,11.398063,10.698181,0.995796,0.495972
14,11.398062530971483,10.698181062795507,0.995796198418925,0.495972333752141
15,11.498178,10.748288,0.996376,0.496525
15,11.498177734470669,10.748288194892767,0.996376413024068,0.496525192164474
16,11.598295,10.798398,0.996880,0.497008
16,11.598294870575963,10.798398152529202,0.996880478739172,0.497008137151095
17,11.698412,10.848509,0.997321,0.497432
17,11.698412048517223,10.848508963965331,0.997320759697385,0.497432086859576
18,11.798528,10.898619,0.997707,0.497806
18,11.798528084197846,10.898619324490799,0.997707262909912,0.497805828421228
19,11.898642,10.948728,0.998048,0.498136
19,11.898642198033668,10.948728311264485,0.998048004836950,0.498136366126903
20,11.998754,10.998835,0.998349,0.498429
20,11.998753828794415,10.998835213804668,0.998349369983994,0.498429267864752
21,12.098863,11.048939,0.998616,0.498689
21,12.098862522560850,11.048939436950702,0.998616433378217,0.498688973885261
22,12.198968,11.099040,0.998853,0.498919
22,12.198967870965729,11.099040449372627,0.998853239074661,0.498919057761308
23,12.299069,11.149138,0.999063,0.499122
23,12.299069481861924,11.149137760619645,0.999063034961786,0.499122440306286
24,12.399167,11.199231,0.999248,0.499302
24,12.399166970965254,11.199230915670848,0.999248467010289,0.499301561082124
25,12.499260,11.249319,0.999412,0.499459
25,12.499259966380732,11.249319499565594,0.999411736895103,0.499458512970180
26,12.599348,11.299403,0.999555,0.499595
26,12.599348120136179,11.299403146957196,0.999554726990798,0.499595145038914
27,12.699431,11.349482,0.999679,0.499713
27,12.699431122429603,11.349481552965079,0.999679096647477,0.499713138479991
28,12.799509,11.399554,0.999786,0.499814
28,12.799508715526789,11.399554482841312,0.999786353578433,0.499814059994975
29,12.899581,11.449622,0.999878,0.499899
29,12.899580705262284,11.449621778885964,0.999877904148157,0.499899396730386
30,12.999647,11.499683,0.999955,0.499971
30,12.999646968954970,11.499683363807044,0.999955086293611,0.499970576616014
31,13.099707,11.549739,1.000019,0.500029
31,13.099707459258875,11.549739240336903,1.000019188687870,0.500028977686469
32,13.199762,11.599789,1.000071,0.500076
32,13.199762204024067,11.599789487382390,1.000071459527665,0.500075929614668
33,13.299811,11.649834,1.000113,0.500113
33,13.299811302636128,11.649834253297847,1.000113107988004,0.500112710250786
34,13.399855,11.699874,1.000145,0.500141
34,13.399854919541557,11.699873747037151,1.000145300957852,0.500140539463542
35,13.499893,11.749908,1.000169,0.500161
35,13.499893275768509,11.749908227984848,1.000169157187828,0.500160572061257
36,13.599927,11.799938,1.000186,0.500174
36,13.599926639245821,11.799937995216613,1.000185740487184,0.500173891069146
37,13.699955,11.849963,1.000196,0.500182
37,13.699955314640679,11.849963376828564,1.000196053141831,0.500181502191325
38,13.799980,11.899985,1.000201,0.500184
38,13.799979633308373,11.899984719833638,1.000201030317139,0.500184329913088
39,13.900000,11.950002,1.000202,0.500183
39,13.899999943803584,11.950002380975626,1.000201535874771,0.500183215410437
40,14.000017,12.000017,1.000198,0.500179
40,14.000016603261571,12.000016718675164,1.000198359776848,0.500178916227855
41,14.100030,12.050028,1.000192,0.500172
41,14.100029969832809,12.050028086206787,1.000192217068788,0.500172107552334
42,14.200040,12.100037,1.000184,0.500163
42,14.200040396252517,12.100036826116623,1.000183748314090,0.500163384838169
43,14.300048,12.150043,1.000174,0.500153
43,14.300048224549025,12.150043265826007,1.000173521287266,0.500153267508270
44,14.400054,12.200048,1.000162,0.500142
44,14.400053781840445,12.200047714324599,1.000162033702000,0.500142203459863
45,14.500057,12.250050,1.000150,0.500131
45,14.500057377134238,12.250050459833261,1.000149716748556,0.500130574123938
46,14.600059,12.300052,1.000137,0.500119
46,14.600059299025013,12.300051768307560,1.000136939227789,0.500118699859517
47,14.700060,12.350052,1.000124,0.500107
47,14.700059814177994,12.350051882653116,1.000124012091507,0.500106845499369
48,14.800059,12.400051,1.000111,0.500095
48,14.800059166485829,12.400051022530809,1.000111193225113,0.500095225899013
49,14.900058,12.450049,1.000099,0.500084
49,14.900057576791475,12.450049384640147,1.000098692335054,0.500084011373121
50,15.000055,12.500047,1.000087,0.500073
50,15.000055243078119,12.500047143381250,1.000086675828727,0.500073332931719
51,15.100052,12.550044,1.000075,0.500063
51,15.100052341036484,12.550044451808263,1.000075271597014,0.500063287252441
52,15.200049,12.600041,1.000065,0.500054
52,15.200049024929809,12.600041442799103,1.000064573629329,0.500053941344717
53,15.300045,12.650038,1.000055,0.500045
53,15.300045428686420,12.650038230377536,1.000054646407852,0.500045336877667
54,15.400042,12.700035,1.000046,0.500037
54,15.400041667158945,12.700034911133697,1.000045529041955,0.500037494156104
55,15.500038,12.750032,1.000037,0.500030
55,15.500037837497588,12.750031565698061,1.000037239115778,0.500030415739018
56,15.600034,12.800028,1.000030,0.500024
56,15.600034020592634,12.800028260231814,1.000029776231964,0.500024089702714
57,15.700030,12.850025,1.000023,0.500018
57,15.700030282548239,12.850025047903445,1.000023125242961,0.500018492556799
58,15.800027,12.900022,1.000017,0.500014
58,15.800026676155849,12.900021970327403,1.000017259168249,0.500013591825818
59,15.900023,12.950019,1.000012,0.500009
59,15.900023242341272,12.950019058945909,1.000012141801587,0.500009348312811
60,16.000020,13.000016,1.000008,0.500006
60,16.000020011564455,13.000016336339552,1.000007730017048,0.500005718063545
61,16.100017,13.050014,1.000004,0.500003
61,16.100017005155518,13.050013817456243,1.000003975786304,0.500002654051908
62,16.200014,13.100012,1.000001,0.500000
62,16.200014236574663,13.100011510751438,1.000000827922519,0.500000107608028
63,16.300012,13.150009,0.999998,0.499998
63,16.300011712587036,13.150009419235461,0.999998233568335,0.499998029611170
64,16.400009,13.200008,0.999996,0.499996
64,16.400009434346732,13.200007541426144,0.999996139446894,0.499996371469575
65,16.500007,13.250006,0.999994,0.499995
65,16.500007398386771,13.250005872207026,0.999994492895721,0.499995085909027
66,16.600006,13.300004,0.999993,0.499994
66,16.600005597514098,13.300004403593018,0.999993242703720,0.499994127591349
67,16.700004,13.350003,0.999992,0.499993
67,16.700004021610535,13.350003125406717,0.999992339771439,0.499993453583140
68,16.800003,13.400002,0.999992,0.499993
68,16.800002658342169,13.400002025869620,0.999991737614400,0.499993023693984
69,16.900001,13.450001,0.999991,0.499993
69,16.900001493780820,13.450001092113199,0.999991392728589,0.499992800702159
70,17.000001,13.500000,0.999991,0.499993
70,17.000000512942197,13.500000310615365,0.999991264836290,0.499992750484585
71,17.100000,13.550000,0.999991,0.499993
71,17.099999700246045,13.549999667568166,0.999991317029355,0.499992842066339
72,17.199999,13.599999,0.999992,0.499993
72,17.199999039904032,13.599999149182747,0.999991515825806,0.499993047603747
73,17.299999,13.649999,0.999992,0.499993
73,17.299998516241356,13.649998741937591,0.999991831154372,0.499993342313607
74,17.399998,13.699998,0.999992,0.499994
74,17.399998113958294,13.699998432776036,0.999992236280251,0.499993704359803
75,17.499998,13.749998,0.999993,0.499994
75,17.499997818337743,13.749998209258829,0.999992707684044,0.499994114707235
76,17.599998,13.799998,0.999993,0.499995
76,17.599997615404785,13.799998059677229,0.999993224904531,0.499994556951751
77,17.699997,13.849998,0.999994,0.499995
77,17.699997492044069,13.849997973131925,0.999993770354648,0.499995017133594
78,17.799997,13.899998,0.999994,0.499995
78,17.799997436080481,13.899997939582608,0.999994329118863,0.499995483540810
79,17.899997,13.949998,0.999995,0.499996
79,17.899997436328309,13.949997949872744,0.999994888738952,0.499995946508023
80,17.999997,13.999998,0.999995,0.499996
80,17.999997482613690,13.999997995733651,0.999995438994181,0.499996398215090
81,18.099998,14.049998,0.999996,0.499997
81,18.099997565774775,14.049998069771638,0.999995971680854,0.499996832489315
82,18.199998,14.099998,0.999996,0.499997
82,18.199997677643626,14.099998165441567,0.999996480395338,0.499997244614161
83,18.299998,14.149998,0.999997,0.499998
83,18.299997811013494,14.149998277009821,0.999996960323869,0.499997631146723
84,18.399998,14.199998,0.999997,0.499998
84,18.399997959594675,14.199998399509292,0.999997408041686,0.499997989745676
85,18.499998,14.249999,0.999998,0.499998
85,18.499998117961848,14.249998528688721,0.999997821323461,0.499998319010895
86,18.599998,14.299999,0.999998,0.499999
86,18.599998281495370,14.299998660958300,0.999998198966387,0.499998618335486
87,18.699998,14.349999,0.999999,0.499999
87,18.699998446318659,14.349998793333267,0.999998540626835,0.499998887770664
88,18.799999,14.399999,0.999999,0.499999
88,18.799998609233533,14.399998923376851,0.999998846671082,0.499999127903537
89,18.899999,14.449999,0.999999,0.499999
89,18.899998767655021,14.449999049143752,0.999999118040242,0.499999339747658
90,18.999999,14.499999,0.999999,0.500000
90,18.999998919546915,14.499999169125074,0.999999356129283,0.499999524645978
91,19.099999,14.549999,1.000000,0.500000
91,19.099999063359135,14.549999282195445,0.999999562679755,0.499999684185674
92,19.199999,14.599999,1.000000,0.500000
92,19.199999197967617,14.599999387562903,0.999999739685685,0.499999820124226
93,19.299999,14.649999,1.000000,0.500000
93,19.299999322617452,14.649999484721913,0.999999889311958,0.499999934326007
94,19.399999,14.700000,1.000000,0.500000
94,19.399999436869638,14.699999573409844,1.000000013824392,0.500000028708597
95,19.500000,14.750000,1.000000,0.500000
95,19.499999540551809,14.749999653567016,1.000000115530653,0.500000105198035
96,19.600000,14.800000,1.000000,0.500000
96,19.599999633713033,14.799999725300415,1.000000196731108,0.500000165692137
97,19.700000,14.850000,1.000000,0.500000
97,19.699999716582873,14.849999788851045,1.000000259678715,0.500000212031094
98,19.800000,14.900000,1.000000,0.500000
98,19.799999789534535,14.899999844564865,1.000000306547025,0.500000245974536
99,19.900000,14.950000,1.000000,0.500000
99,19.899999853052154,14.949999892867142,1.000000339405419,0.500000269184278
100,20.000000,15.000000,1.000000,0.500000
100,19.999999907701987,14.999999934240103,1.000000360200684,0.500000283212037
101,20.100000,15.050000,1.000000,0.500000
101,20.099999954107332,15.049999969203649,1.000000370744164,0.500000289491404
102,20.200000,15.100000,1.000000,0.500000
102,20.199999992926983,15.099999998298937,1.000000372703658,0.500000289333452
103,20.300000,15.150000,1.000000,0.500000
103,20.300000024836940,15.150000022074600,1.000000367599384,0.500000283925388
104,20.400000,15.200000,1.000000,0.500000
104,20.400000050515104,15.200000041075365,1.000000356803321,0.500000274331705
105,20.500000,15.250000,1.000000,0.500000
105,20.500000070628737,15.250000055832835,1.000000341541359,0.500000261497364
106,20.600000,15.300000,1.000000,0.500000
106,20.600000085824377,15.300000066858212,1.000000322897676,0.500000246252558
107,20.700000,15.350000,1.000000,0.500000
107,20.700000096719933,15.350000074636732,1.000000301820889,0.500000229318700
108,20.800000,15.400000,1.000000,0.500000
108,20.800000103898757,15.400000079623588,1.000000279131520,0.500000211315289
109,20.900000,15.450000,1.000000,0.500000
109,20.900000107905399,15.450000082241161,1.000000255530432,0.500000192767370
110,21.000000,15.500000,1.000000,0.500000
110,21.000000109242830,15.500000082877355,1.000000231607884,0.500000174113334
111,21.100000,15.550000,1.000000,0.500000
111,21.100000108370907,15.550000081884864,1.000000207852938,0.500000155712878
112,21.200000,15.600000,1.000000,0.500000
112,21.200000105705922,15.600000079581227,1.000000184662992,0.500000137854920
113,21.300000,15.650000,1.000000,0.500000
113,21.300000101620988,15.650000076249492,1.000000162353232,0.500000120765350
114,21.400000,15.700000,1.000000,0.500000
114,21.400000096447148,15.700000072139412,1.000000141165852,0.500000104614513
115,21.500000,15.750000,1.000000,0.500000
115,21.500000090475037,15.750000067469008,1.000000121278926,0.500000089524316
116,21.600000,15.800000,1.000000,0.500000
116,21.600000083956978,15.800000062426435,1.000000102814812,0.500000075574914
117,21.700000,15.850000,1.000000,0.500000
117,21.700000077109365,15.850000057172036,1.000000085848060,0.500000062810932
118,21.800000,15.900000,1.000000,0.500000
118,21.800000070115299,15.900000051840546,1.000000070412725,0.500000051247181
119,21.900000,15.950000,1.000000,0.500000
119,21.900000063127312,15.950000046543336,1.000000056509101,0.500000040873871
120,22.000000,16.000000,1.000000,0.500000
120,22.000000056270160,16.000000041370676,1.000000044109834,0.500000031661316
121,22.100000,16.050000,1.000000,0.500000
121,22.100000049643626,16.050000036393985,1.000000033165426,0.500000023564131
122,22.200000,16.100000,1.000000,0.500000
122,22.200000043325236,16.100000031667971,1.000000023609148,0.500000016524944
123,22.300000,16.150000,1.000000,0.500000
123,22.300000037372907,16.150000027232732,1.000000015361360,0.500000010477647
124,22.400000,16.200000,1.000000,0.500000
124,22.400000031827453,16.200000023115681,1.000000008333289,0.500000005350208
125,22.500000,16.250000,1.000000,0.500000
125,22.500000026714961,16.250000019333413,1.000000002430290,0.500000001067068
126,22.600000,16.300000,1.000000,0.500000
126,22.600000022048977,16.300000015893360,0.999999997554609,0.499999997551168
127,22.700000,16.350000,1.000000,0.500000
127,22.700000017832547,16.350000012795356,0.999999993607714,0.499999994725632
128,22.800000,16.400000,1.000000,0.500000
128,22.800000014060068,16.400000010033036,0.999999990492208,0.499999992515128
129,22.900000,16.450000,1.000000,0.500000
129,22.900000010718948,16.450000007595083,0.999999988113383,0.499999990846962
130,23.000000,16.500000,1.000000,0.500000
130,23.000000007791115,16.500000005466351,0.999999986380436,0.499999989651911
131,23.100000,16.550000,1.000000,0.500000
131,23.100000005254323,16.550000003628838,0.999999985207398,0.499999988864853
132,23.200000,16.600000,1.000000,0.500000
132,23.200000003083314,16.600000002062547,0.999999984513805,0.499999988425196
133,23.300000,16.650000,1.000000,0.500000
133,23.300000001250829,16.650000000746214,0.999999984225153,0.499999988277150
134,23.400000,16.700000,1.000000,0.500000
134,23.399999999728447,16.699999999657926,0.999999984273158,0.499999988369861
135,23.500000,16.750000,1.000000,0.500000
135,23.499999998487318,16.749999998775639,0.999999984595858,0.499999988657429
136,23.600000,16.800000,1.000000,0.500000
136,23.599999997498767,16.799999998077602,0.999999985137583,0.499999989098836
137,23.700000,16.850000,1.000000,0.500000
137,23.699999996734757,16.849999997542703,0.999999985848819,0.499999989657796
138,23.800000,16.900000,1.000000,0.500000
138,23.799999996168300,16.899999997150744,0.999999986685980,0.499999990302544
139,23.900000,16.950000,1.000000,0.500000
139,23.899999995773744,16.949999996882617,0.999999987611120,0.499999991005587
140,24.000000,17.000000,1.000000,0.500000
140,23.999999995526998,16.999999996720483,0.999999988591595,0.499999991743419
141,24.100000,17.050000,1.000000,0.500000
141,24.099999995405675,17.049999996647834,0.999999989599687,0.499999992496215
142,24.200000,17.100000,1.000000,0.500000
142,24.199999995389188,17.099999996649569,0.999999990612212,0.499999993247521
143,24.300000,17.150000,1.000000,0.500000
143,24.299999995458805,17.149999996712005,0.999999991610114,0.499999993983927
144,24.400000,17.200000,1.000000,0.500000
144,24.399999995597636,17.199999996822868,0.999999992578059,0.499999994694761
145,24.500000,17.250000,1.000000,0.500000
145,24.499999995790613,17.249999996971255,0.999999993504036,0.499999995371770
146,24.600000,17.300000,1.000000,0.500000
146,24.599999996024426,17.299999997147573,0.999999994378973,0.499999996008835
147,24.700000,17.350000,1.000000,0.500000
147,24.699999996287445,17.349999997343488,0.999999995196362,0.499999996601686
148,24.800000,17.400000,1.000000,0.500000
148,24.799999996569625,17.399999997551834,0.999999995951917,0.499999997147644
149,24.900000,17.450000,1.000000,0.500000
149,24.899999996862398,17.449999997766540,0.999999996643242,0.499999997645376
150,25.000000,17.500000,1.000000,0.500000
150,24.999999997158564,17.499999997982528,0.999999997269538,0.499999998094667
151,25.100000,17.550000,1.000000,0.500000
151,25.099999997452169,17.549999998195634,0.999999997831319,0.499999998496228
152,25.200000,17.600000,1.000000,0.500000
152,25.199999997738384,17.599999998402506,0.999999998330172,0.499999998851505
153,25.300000,17.650000,1.000000,0.500000
153,25.299999998013387,17.649999998600524,0.999999998768530,0.499999999162523
154,25.400000,17.700000,1.000000,0.500000
154,25.399999998274261,17.699999998787703,0.999999999149475,0.499999999431739
155,25.500000,17.750000,1.000000,0.500000
155,25.499999998518863,17.749999998962625,0.999999999476564,0.499999999661922
156,25.600000,17.800000,1.000000,0.500000
156,25.599999998745741,17.799999999124356,0.999999999753680,0.499999999856044
157,25.700000,17.850000,1.000000,0.500000
157,25.699999998954024,17.849999999272370,0.999999999984902,0.500000000017185
158,25.800000,17.900000,1.000000,0.500000
158,25.799999999143335,17.899999999406489,1.000000000174396,0.500000000148463
159,25.900000,17.950000,1.000000,0.500000
159,25.899999999313703,17.949999999526824,1.000000000326324,0.500000000252966
160,26.000000,18.000000,1.000000,0.500000
160,25.999999999465498,17.999999999633708,1.000000000444767,0.500000000333703
161,26.100000,18.050000,1.000000,0.500000
161,26.099999999599358,18.049999999727664,1.000000000533673,0.500000000393563
162,26.200000,18.100000,1.000000,0.500000
162,26.199999999716123,18.099999999809356,1.000000000596803,0.500000000435287
163,26.300000,18.150000,1.000000,0.500000
163,26.299999999816794,18.149999999879540,1.000000000637701,0.500000000461439
164,26.400000,18.200000,1.000000,0.500000
164,26.399999999902480,18.199999999939052,1.000000000659668,0.500000000474401
165,26.500000,18.250000,1.000000,0.500000
165,26.499999999974360,18.249999999988770,1.000000000665748,0.500000000476355
166,26.600000,18.300000,1.000000,0.500000
166,26.600000000033646,18.300000000029581,1.000000000658716,0.500000000469283
167,26.700000,18.350000,1.000000,0.500000
167,26.700000000081552,18.350000000062373,1.000000000641082,0.500000000454969
168,26.800000,18.400000,1.000000,0.500000
168,26.800000000119283,18.400000000088024,1.000000000615088,0.500000000435002
169,26.900000,18.450000,1.000000,0.500000
169,26.900000000148012,18.450000000107373,1.000000000582725,0.500000000410781
170,27.000000,18.500000,1.000000,0.500000
170,27.000000000168853,18.500000000121226,1.000000000545731,0.500000000383527
171,27.100000,18.550000,1.000000,0.500000
171,27.100000000182867,18.550000000130339,1.000000000505616,0.500000000354293
172,27.200000,18.600000,1.000000,0.500000
172,27.200000000191032,18.600000000135413,1.000000000463670,0.500000000323971
173,27.300000,18.650000,1.000000,0.500000
173,27.300000000194274,18.650000000137098,1.000000000420983,0.500000000293313
174,27.400000,18.700000,1.000000,0.500000
174,27.400000000193423,18.700000000135979,1.000000000378460,0.500000000262937
175,27.500000,18.750000,1.000000,0.500000
175,27.500000000189239,18.750000000132598,1.000000000336838,0.500000000233346
176,27.600000,18.800000,1.000000,0.500000
176,27.600000000182408,18.800000000127426,1.000000000296704,0.500000000204932
177,27.700000,18.850000,1.000000,0.500000
177,27.700000000173532,18.850000000120886,1.000000000258512,0.500000000177998
178,27.800000,18.900000,1.000000,0.500000
178,27.800000000163138,18.900000000113348,1.000000000222597,0.500000000152762
179,27.900000,18.950000,1.000000,0.500000
179,27.900000000151696,18.950000000105131,1.000000000189195,0.500000000129371
180,28.000000,19.000000,1.000000,0.500000
180,28.000000000139600,19.000000000096509,1.000000000158450,0.500000000107914
181,28.100000,19.050000,1.000000,0.500000
181,28.100000000127189,19.050000000087714,1.000000000130434,0.500000000088426
182,28.200000,19.100000,1.000000,0.500000
182,28.200000000114738,19.100000000078939,1.000000000105157,0.500000000070900
183,28.300000,19.150000,1.000000,0.500000
183,28.300000000102486,19.150000000070339,1.000000000082578,0.500000000055296
184,28.400000,19.200000,1.000000,0.500000
184,28.400000000090614,19.200000000062037,1.000000000062612,0.500000000041546
185,28.500000,19.250000,1.000000,0.500000
185,28.500000000079268,19.250000000054129,1.000000000045146,0.500000000029557
186,28.600000,19.300000,1.000000,0.500000
186,28.600000000068558,19.300000000046690,1.000000000030041,0.500000000019228
187,28.700000,19.350000,1.000000,0.500000
187,28.700000000058559,19.350000000039767,1.000000000017140,0.500000000010442
188,28.800000,19.400000,1.000000,0.500000
188,28.800000000049327,19.400000000033391,1.000000000006275,0.500000000003074
189,28.900000,19.450000,1.000000,0.500000
189,28.900000000040883,19.450000000027575,0.999999999997273,0.499999999997001
190,29.000000,19.500000,1.000000,0.500000
190,29.000000000033243,19.500000000022329,0.999999999989956,0.499999999992095
191,29.100000,19.550000,1.000000,0.500000
191,29.100000000026395,19.550000000017636,0.999999999984150,0.499999999988230
192,29.200000,19.600000,1.000000,0.500000
192,29.200000000020317,19.600000000013488,0.999999999979687,0.499999999985287
193,29.300000,19.650000,1.000000,0.500000
193,29.300000000014983,19.650000000009857,0.999999999976401,0.499999999983152
194,29.400000,19.700000,1.000000,0.500000
194,29.400000000010348,19.700000000006714,0.999999999974139,0.499999999981712
195,29.500000,19.750000,1.000000,0.500000
195,29.500000000006377,19.750000000004025,0.999999999972756,0.499999999980869
196,29.600000,19.800000,1.000000,0.500000
196,29.600000000003014,19.800000000001759,0.999999999972115,0.499999999980528
197,29.700000,19.850000,1.000000,0.500000
197,29.700000000000212,19.849999999999877,0.999999999972095,0.499999999980603
198,29.800000,19.900000,1.000000,0.500000
198,29.799999999997919,19.899999999998347,0.999999999972581,0.499999999981018
199,29.900000,19.950000,1.000000,0.500000
199,29.899999999996083,19.949999999997129,0.999999999973475,0.499999999981702
200,30.000000,20.000000,1.000000,0.500000
200,29.999999999994657,19.999999999996188,0.999999999974685,0.499999999982592
201,30.100000,20.050000,1.000000,0.500000
201,30.099999999993589,20.049999999995492,0.999999999976132,0.499999999983638
202,30.200000,20.100000,1.000000,0.500000
202,30.199999999992833,20.099999999995006,0.999999999977747,0.499999999984788
203,30.300000,20.150000,1.000000,0.500000
203,30.299999999992348,20.149999999994705,0.999999999979472,0.499999999986005
204,30.400000,20.200000,1.000000,0.500000
204,30.399999999992094,20.199999999994557,0.999999999981253,0.499999999987254
205,30.500000,20.250000,1.000000,0.500000
205,30.499999999992031,20.249999999994539,0.999999999983048,0.499999999988506
206,30.600000,20.300000,1.000000,0.500000
206,30.599999999992125,20.299999999994625,0.999999999984824,0.499999999989738
207,30.700000,20.350000,1.000000,0.500000
207,30.699999999992350,20.349999999994797,0.999999999986551,0.499999999990930
208,30.800000,20.400000,1.000000,0.500000
208,30.799999999992675,20.399999999995035,0.999999999988208,0.499999999992069
209,30.900000,20.450000,1.000000,0.500000
209,30.899999999993078,20.449999999995324,0.999999999989776,0.499999999993142
210,31.000000,20.500000,1.000000,0.500000
210,30.999999999993538,20.499999999995648,0.999999999991246,0.499999999994145
211,31.100000,20.550000,1.000000,0.500000
211,31.099999999994033,20.549999999995993,0.999999999992605,0.499999999995069
212,31.200000,20.600000,1.000000,0.500000
212,31.199999999994549,20.599999999996349,0.999999999993851,0.499999999995913
213,31.300000,20.650000,1.000000,0.500000
213,31.299999999995077,20.649999999996712,0.999999999994981,0.499999999996679
214,31.400000,20.700000,1.000000,0.500000
214,31.399999999995597,20.699999999997068,0.999999999995996,0.499999999997364
215,31.500000,20.750000,1.000000,0.500000
215,31.499999999996106,20.749999999997417,0.999999999996900,0.499999999997971
216,31.600000,20.800000,1.000000,0.500000
216,31.599999999996598,20.799999999997752,0.999999999997695,0.499999999998504
217,31.700000,20.850000,1.000000,0.500000
217,31.699999999997065,20.849999999998069,0.999999999998388,0.499999999998967
218,31.800000,20.900000,1.000000,0.500000
218,31.799999999997503,20.899999999998364,0.999999999998984,0.499999999999362
219,31.900000,20.950000,1.000000,0.500000
219,31.899999999997913,20.949999999998639,0.999999999999491,0.499999999999698
220,32.000000,21.000000,1.000000,0.500000
220,31.999999999998288,20.999999999998888,0.999999999999914,0.499999999999978
221,32.100000,21.050000,1.000000,0.500000
221,32.099999999998630,21.049999999999116,1.000000000000262,0.500000000000208
222,32.200000,21.100000,1.000000,0.500000
222,32.199999999998937,21.099999999999323,1.000000000000542,0.500000000000392
223,32.300000,21.150000,1.000000,0.500000
223,32.299999999999208,21.149999999999508,1.000000000000762,0.500000000000535
224,32.400000,21.200000,1.000000,0.500000
224,32.399999999999459,21.199999999999672,1.000000000000929,0.500000000000642
225,32.500000,21.250000,1.000000,0.500000
225,32.499999999999673,21.249999999999815,1.000000000001049,0.500000000000719
226,32.600000,21.300000,1.000000,0.500000
226,32.599999999999859,21.299999999999937,1.000000000001128,0.500000000000770
227,32.700000,21.350000,1.000000,0.500000
227,32.700000000000017,21.350000000000041,1.000000000001172,0.500000000000797
228,32.800000,21.400000,1.000000,0.500000
228,32.800000000000146,21.400000000000126,1.000000000001187,0.500000000000805
229,32.900000,21.450000,1.000000,0.500000
229,32.900000000000261,21.450000000000198,1.000000000001178,0.500000000000797
230,33.000000,21.500000,1.000000,0.500000
230,33.000000000000348,21.500000000000256,1.000000000001151,0.500000000000775
231,33.100000,21.550000,1.000000,0.500000
231,33.100000000000421,21.550000000000303,1.000000000001107,0.500000000000743
232,33.200000,21.600000,1.000000,0.500000
232,33.200000000000472,21.600000000000339,1.000000000001053,0.500000000000704
233,33.300000,21.650000,1.000000,0.500000
233,33.300000000000516,21.650000000000365,1.000000000000990,0.500000000000660
234,33.400000,21.700000,1.000000,0.500000
234,33.400000000000546,21.700000000000379,1.000000000000918,0.500000000000612
235,33.500000,21.750000,1.000000,0.500000
235,33.500000000000561,21.750000000000391,1.000000000000843,0.500000000000562
236,33.600000,21.800000,1.000000,0.500000
236,33.600000000000570,21.800000000000399,1.000000000000767,0.500000000000512
237,33.700000,21.850000,1.000000,0.500000
237,33.700000000000571,21.850000000000396,1.000000000000692,0.500000000000460
238,33.800000,21.900000,1.000000,0.500000
238,33.800000000000566,21.900000000000393,1.000000000000617,0.500000000000411
239,33.900000,21.950000,1.000000,0.500000
239,33.900000000000553,21.950000000000387,1.000000000000547,0.500000000000363
240,34.000000,22.000000,1.000000,0.500000
240,34.000000000000540,22.000000000000377,1.000000000000480,0.500000000000316
241,34.100000,22.050000,1.000000,0.500000
241,34.100000000000527,22.050000000000367,1.000000000000417,0.500000000000273
242,34.200000,22.100000,1.000000,0.500000
242,34.200000000000507,22.100000000000353,1.000000000000355,0.500000000000232
243,34.300000,22.150000,1.000000,0.500000
243,34.300000000000487,22.150000000000340,1.000000000000300,0.500000000000195
244,34.400000,22.200000,1.000000,0.500000
244,34.400000000000468,22.200000000000323,1.000000000000250,0.500000000000162
245,34.500000,22.250000,1.000000,0.500000
245,34.500000000000448,22.250000000000306,1.000000000000205,0.500000000000131
246,34.600000,22.300000,1.000000,0.500000
246,34.600000000000428,22.300000000000292,1.000000000000165,0.500000000000106
247,34.700000,22.350000,1.000000,0.500000
247,34.700000000000408,22.350000000000279,1.000000000000129,0.500000000000083
248,34.800000,22.400000,1.000000,0.500000
248,34.800000000000388,22.400000000000265,1.000000000000096,0.500000000000064
249,34.900000,22.450000,1.000000,0.500000
249,34.900000000000368,22.450000000000255,1.000000000000069,0.500000000000046
250,35.000000,22.500000,1.000000,0.500000
250,35.000000000000355,22.500000000000245,1.000000000000046,0.500000000000032
251,35.100000,22.550000,1.000000,0.500000
251,35.100000000000335,22.550000000000235,1.000000000000027,0.500000000000019
252,35.200000,22.600000,1.000000,0.500000
252,35.200000000000323,22.600000000000225,1.000000000000012,0.500000000000009
253,35.300000,22.650000,1.000000,0.500000
253,35.300000000000310,22.650000000000219,0.999999999999999,0.500000000000001
254,35.400000,22.700000,1.000000,0.500000
254,35.400000000000297,22.700000000000212,0.999999999999988,0.499999999999994
255,35.500000,22.750000,1.000000,0.500000
255,35.500000000000291,22.750000000000206,0.999999999999979,0.499999999999988
256,35.600000,22.800000,1.000000,0.500000
256,35.600000000000286,22.800000000000200,0.999999999999973,0.499999999999984
257,35.700000,22.850000,1.000000,0.500000
257,35.700000000000273,22.850000000000193,0.999999999999968,0.499999999999981
258,35.800000,22.900000,1.000000,0.500000
258,35.800000000000267,22.900000000000187,0.999999999999967,0.499999999999979
259,35.900000,22.950000,1.000000,0.500000
259,35.900000000000261,22.950000000000184,0.999999999999967,0.499999999999979
260,36.000000,23.000000,1.000000,0.500000
260,36.000000000000256,23.000000000000181,0.999999999999967,0.499999999999979
261,36.100000,23.050000,1.000000,0.500000
261,36.100000000000250,23.050000000000178,0.999999999999969,0.499999999999980
262,36.200000,23.100000,1.000000,0.500000
262,36.200000000000252,23.100000000000176,0.999999999999973,0.499999999999981
263,36.300000,23.150000,1.000000,0.500000
263,36.300000000000253,23.150000000000176,0.999999999999977,0.499999999999984
264,36.400000,23.200000,1.000000,0.500000
264,36.400000000000247,23.200000000000177,0.999999999999981,0.499999999999986
265,36.500000,23.250000,1.000000,0.500000
265,36.500000000000256,23.250000000000178,0.999999999999985,0.499999999999989
266,36.600000,23.300000,1.000000,0.500000
266,36.600000000000257,23.300000000000178,0.999999999999988,0.499999999999992
267,36.700000,23.350000,1.000000,0.500000
267,36.700000000000259,23.350000000000183,0.999999999999991,0.499999999999994
268,36.800000,23.400000,1.000000,0.500000
268,36.800000000000267,23.400000000000183,0.999999999999995,0.499999999999995
269,36.900000,23.450000,1.000000,0.500000
269,36.900000000000269,23.450000000000188,0.999999999999996,0.499999999999997
270,37.000000,23.500000,1.000000,0.500000
270,37.000000000000270,23.500000000000188,0.999999999999997,0.499999999999998
271,37.100000,23.550000,1.000000,0.500000
271,37.100000000000271,23.550000000000189,0.999999999999999,0.499999999999998
272,37.200000,23.600000,1.000000,0.500000
272,37.200000000000273,23.600000000000190,1.000000000000001,0.500000000000000
273,37.300000,23.650000,1.000000,0.500000
273,37.300000000000274,23.650000000000190,1.000000000000002,0.500000000000000
274,37.400000,23.700000,1.000000,0.500000
274,37.400000000000276,23.700000000000191,1.000000000000003,0.500000000000001
275,37.500000,23.750000,1.000000,0.500000
275,37.500000000000277,23.750000000000192,1.000000000000004,0.500000000000001
276,37.600000,23.800000,1.000000,0.500000
276,37.600000000000279,23.800000000000193,1.000000000000007,0.500000000000002
277,37.700000,23.850000,1.000000,0.500000
277,37.700000000000280,23.850000000000193,1.000000000000008,0.500000000000003
278,37.800000,23.900000,1.000000,0.500000
278,37.800000000000281,23.900000000000194,1.000000000000009,0.500000000000004
279,37.900000,23.950000,1.000000,0.500000
279,37.900000000000283,23.950000000000195,1.000000000000010,0.500000000000004
280,38.000000,24.000000,1.000000,0.500000
280,38.000000000000284,24.000000000000195,1.000000000000011,0.500000000000005
281,38.100000,24.050000,1.000000,0.500000
281,38.100000000000286,24.050000000000196,1.000000000000012,0.500000000000006
282,38.200000,24.100000,1.000000,0.500000
282,38.200000000000287,24.100000000000197,1.000000000000013,0.500000000000006
283,38.300000,24.150000,1.000000,0.500000
283,38.300000000000288,24.150000000000198,1.000000000000016,0.500000000000008
284,38.400000,24.200000,1.000000,0.500000
284,38.400000000000290,24.200000000000198,1.000000000000018,0.500000000000008
285,38.500000,24.250000,1.000000,0.500000
285,38.500000000000291,24.250000000000199,1.000000000000019,0.500000000000009
286,38.600000,24.300000,1.000000,0.500000
286,38.600000000000293,24.300000000000200,1.000000000000021,0.500000000000009
287,38.700000,24.350000,1.000000,0.500000
287,38.700000000000294,24.350000000000200,1.000000000000022,0.500000000000009
288,38.800000,24.400000,1.000000,0.500000
288,38.800000000000296,24.400000000000201,1.000000000000022,0.500000000000009
289,38.900000,24.450000,1.000000,0.500000
289,38.900000000000297,24.450000000000202,1.000000000000022,0.500000000000009
290,39.000000,24.500000,1.000000,0.500000
290,39.000000000000298,24.500000000000203,1.000000000000025,0.500000000000010
291,39.100000,24.550000,1.000000,0.500000
291,39.100000000000300,24.550000000000203,1.000000000000027,0.500000000000011
292,39.200000,24.600000,1.000000,0.500000
292,39.200000000000301,24.600000000000204,1.000000000000027,0.500000000000011
293,39.300000,24.650000,1.000000,0.500000
293,39.300000000000303,24.650000000000205,1.000000000000028,0.500000000000012
294,39.400000,24.700000,1.000000,0.500000
294,39.400000000000304,24.700000000000205,1.000000000000028,0.500000000000012
295,39.500000,24.750000,1.000000,0.500000
295,39.500000000000306,24.750000000000206,1.000000000000029,0.500000000000013
296,39.600000,24.800000,1.000000,0.500000
296,39.600000000000307,24.800000000000207,1.000000000000030,0.500000000000013
297,39.700000,24.850000,1.000000,0.500000
297,39.700000000000308,24.850000000000207,1.000000000000032,0.500000000000013
298,39.800000,24.900000,1.000000,0.500000
298,39.800000000000310,24.900000000000208,1.000000000000033,0.500000000000014
299,39.900000,24.950000,1.000000,0.500000
299,39.900000000000311,24.950000000000209,1.000000000000035,0.500000000000015
300,40.000000,25.000000,1.000000,0.500000
300,40.000000000000313,25.000000000000210,1.000000000000036,0.500000000000016
301,40.100000,25.050000,1.000000,0.500000
301,40.100000000000314,25.050000000000210,1.000000000000036,0.500000000000016
302,40.200000,25.100000,1.000000,0.500000
302,40.200000000000315,25.100000000000211,1.000000000000037,0.500000000000016
303,40.300000,25.150000,1.000000,0.500000
303,40.300000000000317,25.150000000000212,1.000000000000038,0.500000000000017
304,40.400000,25.200000,1.000000,0.500000
304,40.400000000000318,25.200000000000212,1.000000000000040,0.500000000000018
305,40.500000,25.250000,1.000000,0.500000
305,40.500000000000320,25.250000000000213,1.000000000000041,0.500000000000018
306,40.600000,25.300000,1.000000,0.500000
306,40.600000000000321,25.300000000000214,1.000000000000041,0.500000000000018
307,40.700000,25.350000,1.000000,0.500000
307,40.700000000000323,25.350000000000215,1.000000000000042,0.500000000000019
308,40.800000,25.400000,1.000000,0.500000
308,40.800000000000324,25.400000000000215,1.000000000000043,0.500000000000020
309,40.900000,25.450000,1.000000,0.500000
309,40.900000000000325,25.450000000000216,1.000000000000044,0.500000000000020
310,41.000000,25.500000,1.000000,0.500000
310,41.000000000000327,25.500000000000217,1.000000000000046,0.500000000000022
311,41.100000,25.550000,1.000000,0.500000
311,41.100000000000328,25.550000000000217,1.000000000000048,0.500000000000023
312,41.200000,25.600000,1.000000,0.500000
312,41.200000000000330,25.600000000000218,1.000000000000050,0.500000000000024
313,41.300000,25.650000,1.000000,0.500000
313,41.300000000000331,25.650000000000219,1.000000000000051,0.500000000000024
314,41.400000,25.700000,1.000000,0.500000
314,41.400000000000340,25.700000000000220,1.000000000000052,0.500000000000025
315,41.500000,25.750000,1.000000,0.500000
315,41.500000000000348,25.750000000000224,1.000000000000051,0.500000000000024
316,41.600000,25.800000,1.000000,0.500000
316,41.600000000000357,25.800000000000225,1.000000000000048,0.500000000000025
317,41.700000,25.850000,1.000000,0.500000
317,41.700000000000358,25.850000000000229,1.000000000000046,0.500000000000025
318,41.800000,25.900000,1.000000,0.500000
318,41.800000000000360,25.900000000000233,1.000000000000043,0.500000000000024
319,41.900000,25.950000,1.000000,0.500000
319,41.900000000000361,25.950000000000234,1.000000000000041,0.500000000000023
320,42.000000,26.000000,1.000000,0.500000
320,42.000000000000362,26.000000000000234,1.000000000000039,0.500000000000022
321,42.100000,26.050000,1.000000,0.500000
321,42.100000000000364,26.050000000000235,1.000000000000036,0.500000000000020
322,42.200000,26.100000,1.000000,0.500000
322,42.200000000000365,26.100000000000236,1.000000000000034,0.500000000000019
323,42.300000,26.150000,1.000000,0.500000
323,42.300000000000367,26.150000000000237,1.000000000000032,0.500000000000018
324,42.400000,26.200000,1.000000,0.500000
324,42.400000000000368,26.200000000000237,1.000000000000030,0.500000000000018
325,42.500000,26.250000,1.000000,0.500000
325,42.500000000000369,26.250000000000238,1.000000000000028,0.500000000000016
326,42.600000,26.300000,1.000000,0.500000
326,42.600000000000371,26.300000000000235,1.000000000000025,0.500000000000014
327,42.700000,26.350000,1.000000,0.500000
327,42.700000000000372,26.350000000000236,1.000000000000022,0.500000000000014
328,42.800000,26.400000,1.000000,0.500000
328,42.800000000000374,26.400000000000237,1.000000000000020,0.500000000000013
329,42.900000,26.450000,1.000000,0.500000
329,42.900000000000375,26.450000000000237,1.000000000000017,0.500000000000012
330,43.000000,26.500000,1.000000,0.500000
330,43.000000000000377,26.500000000000238,1.000000000000015,0.500000000000012
331,43.100000,26.550000,1.000000,0.500000
331,43.100000000000378,26.550000000000239,1.000000000000012,0.500000000000011
332,43.200000,26.600000,1.000000,0.500000
332,43.200000000000379,26.600000000000239,1.000000000000009,0.500000000000011
333,43.300000,26.650000,1.000000,0.500000
333,43.300000000000381,26.650000000000240,1.000000000000007,0.500000000000010
334,43.400000,26.700000,1.000000,0.500000
334,43.400000000000382,26.700000000000241,1.000000000000004,0.500000000000010
335,43.500000,26.750000,1.000000,0.500000
335,43.500000000000384,26.750000000000238,1.000000000000001,0.500000000000008
336,43.600000,26.800000,1.000000,0.500000
336,43.600000000000385,26.800000000000239,0.999999999999999,0.500000000000008
337,43.700000,26.850000,1.000000,0.500000
337,43.700000000000387,26.850000000000239,0.999999999999997,0.500000000000009
338,43.800000,26.900000,1.000000,0.500000
338,43.800000000000388,26.900000000000240,0.999999999999994,0.500000000000010
339,43.900000,26.950000,1.000000,0.500000
339,43.900000000000389,26.950000000000241,0.999999999999991,0.500000000000009
340,44.000000,27.000000,1.000000,0.500000
340,44.000000000000391,27.000000000000242,0.999999999999989,0.500000000000009
341,44.100000,27.050000,1.000000,0.500000
341,44.100000000000392,27.050000000000242,0.999999999999987,0.500000000000009
342,44.200000,27.100000,1.000000,0.500000
342,44.200000000000394,27.100000000000243,0.999999999999985,0.500000000000009
343,44.300000,27.150000,1.000000,0.500000
343,44.300000000000395,27.150000000000244,0.999999999999982,0.500000000000009
344,44.400000,27.200000,1.000000,0.500000
344,44.400000000000396,27.200000000000244,0.999999999999981,0.500000000000009
345,44.500000,27.250000,1.000000,0.500000
345,44.500000000000391,27.250000000000245,0.999999999999976,0.500000000000009
346,44.600000,27.300000,1.000000,0.500000
346,44.600000000000385,27.300000000000246,0.999999999999976,0.500000000000009
347,44.700000,27.350000,1.000000,0.500000
347,44.700000000000379,27.350000000000247,0.999999999999977,0.500000000000009
348,44.800000,27.400000,1.000000,0.500000
348,44.800000000000374,27.400000000000247,0.999999999999980,0.500000000000010
349,44.900000,27.450000,1.000000,0.500000
349,44.900000000000375,27.450000000000248,0.999999999999983,0.500000000000010
350,45.000000,27.500000,1.000000,0.500000
350,45.000000000000377,27.500000000000249,0.999999999999986,0.500000000000010
351,45.100000,27.550000,1.000000,0.500000
351,45.100000000000378,27.550000000000249,0.999999999999988,0.500000000000010
352,45.200000,27.600000,1.000000,0.500000
352,45.200000000000379,27.600000000000250,0.999999999999989,0.500000000000009
353,45.300000,27.650000,1.000000,0.500000
353,45.300000000000381,27.650000000000251,0.999999999999991,0.500000000000008
354,45.400000,27.700000,1.000000,0.500000
354,45.400000000000382,27.700000000000252,0.999999999999993,0.500000000000008
355,45.500000,27.750000,1.000000,0.500000
355,45.500000000000384,27.750000000000252,0.999999999999996,0.500000000000009
356,45.600000,27.800000,1.000000,0.500000
356,45.600000000000385,27.800000000000253,0.999999999999999,0.500000000000008
357,45.700000,27.850000,1.000000,0.500000
357,45.700000000000387,27.850000000000254,1.000000000000002,0.500000000000009
358,45.800000,27.900000,1.000000,0.500000
358,45.800000000000388,27.900000000000254,1.000000000000004,0.500000000000009
359,45.900000,27.950000,1.000000,0.500000
359,45.900000000000389,27.950000000000255,1.000000000000008,0.500000000000009
360,46.000000,28.000000,1.000000,0.500000
360,46.000000000000391,28.000000000000256,1.000000000000010,0.500000000000009
361,46.100000,28.050000,1.000000,0.500000
361,46.100000000000392,28.050000000000257,1.000000000000014,0.500000000000009
362,46.200000,28.100000,1.000000,0.500000
362,46.200000000000394,28.100000000000257,1.000000000000015,0.500000000000009
363,46.300000,28.150000,1.000000,0.500000
363,46.300000000000395,28.150000000000258,1.000000000000018,0.500000000000009
364,46.400000,28.200000,1.000000,0.500000
364,46.400000000000396,28.200000000000259,1.000000000000020,0.500000000000009
365,46.500000,28.250000,1.000000,0.500000
365,46.500000000000398,28.250000000000259,1.000000000000022,0.500000000000009
366,46.600000,28.300000,1.000000,0.500000
366,46.600000000000399,28.300000000000260,1.000000000000025,0.500000000000010
367,46.700000,28.350000,1.000000,0.500000
367,46.700000000000401,28.350000000000261,1.000000000000027,0.500000000000009
368,46.800000,28.400000,1.000000,0.500000
368,46.800000000000402,28.400000000000261,1.000000000000030,0.500000000000009
369,46.900000,28.450000,1.000000,0.500000
369,46.900000000000404,28.450000000000262,1.000000000000033,0.500000000000009
370,47.000000,28.500000,1.000000,0.500000
370,47.000000000000405,28.500000000000263,1.000000000000036,0.500000000000009
371,47.100000,28.550000,1.000000,0.500000
371,47.100000000000406,28.550000000000264,1.000000000000037,0.500000000000009
372,47.200000,28.600000,1.000000,0.500000
372,47.200000000000408,28.600000000000264,1.000000000000040,0.500000000000010
373,47.300000,28.650000,1.000000,0.500000
373,47.300000000000409,28.650000000000265,1.000000000000043,0.500000000000010
374,47.400000,28.700000,1.000000,0.500000
374,47.400000000000411,28.700000000000266,1.000000000000044,0.500000000000010
375,47.500000,28.750000,1.000000,0.500000
375,47.500000000000412,28.750000000000266,1.000000000000048,0.500000000000009
376,47.600000,28.800000,1.000000,0.500000
376,47.600000000000414,28.800000000000267,1.000000000000050,0.500000000000010
377,47.700000,28.850000,1.000000,0.500000
377,47.700000000000422,28.850000000000268,1.000000000000051,0.500000000000011
378,47.800000,28.900000,1.000000,0.500000
378,47.800000000000431,28.900000000000269,1.000000000000051,0.500000000000011
379,47.900000,28.950000,1.000000,0.500000
379,47.900000000000439,28.950000000000269,1.000000000000050,0.500000000000010
380,48.000000,29.000000,1.000000,0.500000
380,48.000000000000441,29.000000000000270,1.000000000000046,0.500000000000009
381,48.100000,29.050000,1.000000,0.500000
381,48.100000000000442,29.050000000000271,1.000000000000046,0.500000000000009
382,48.200000,29.100000,1.000000,0.500000
382,48.200000000000443,29.100000000000271,1.000000000000045,0.500000000000008
383,48.300000,29.150000,1.000000,0.500000
383,48.300000000000445,29.150000000000272,1.000000000000044,0.500000000000008
384,48.400000,29.200000,1.000000,0.500000
384,48.400000000000446,29.200000000000273,1.000000000000043,0.500000000000008
385,48.500000,29.250000,1.000000,0.500000
385,48.500000000000448,29.250000000000274,1.000000000000041,0.500000000000008
386,48.600000,29.300000,1.000000,0.500000
386,48.600000000000449,29.300000000000274,1.000000000000040,0.500000000000008
387,48.700000,29.350000,1.000000,0.500000
387,48.700000000000450,29.350000000000275,1.000000000000038,0.500000000000008
388,48.800000,29.400000,1.000000,0.500000
388,48.800000000000452,29.400000000000276,1.000000000000036,0.500000000000009
389,48.900000,29.450000,1.000000,0.500000
389,48.900000000000453,29.450000000000276,1.000000000000036,0.500000000000009
390,49.000000,29.500000,1.000000,0.500000
390,49.000000000000455,29.500000000000277,1.000000000000035,0.500000000000009
391,49.100000,29.550000,1.000000,0.500000
391,49.100000000000456,29.550000000000278,1.000000000000033,0.500000000000009
392,49.200000,29.600000,1.000000,0.500000
392,49.200000000000458,29.600000000000279,1.000000000000033,0.500000000000009
393,49.300000,29.650000,1.000000,0.500000
393,49.300000000000459,29.650000000000279,1.000000000000032,0.500000000000009
394,49.400000,29.700000,1.000000,0.500000
394,49.400000000000460,29.700000000000280,1.000000000000030,0.500000000000009
395,49.500000,29.750000,1.000000,0.500000
395,49.500000000000462,29.750000000000281,1.000000000000029,0.500000000000010
396,49.600000,29.800000,1.000000,0.500000
396,49.600000000000463,29.800000000000281,1.000000000000028,0.500000000000011
397,49.700000,29.850000,1.000000,0.500000
397,49.700000000000465,29.850000000000282,1.000000000000027,0.500000000000011
398,49.800000,29.900000,1.000000,0.500000
398,49.800000000000466,29.900000000000283,1.000000000000027,0.500000000000011
399,49.900000,29.950000,1.000000,0.500000
399,49.900000000000468,29.950000000000284,1.000000000000027,0.500000000000011
400,50.000000,30.000000,1.000000,0.500000
400,50.000000000000469,30.000000000000284,1.000000000000026,0.500000000000012
401,50.100000,30.050000,1.000000,0.500000
401,50.100000000000470,30.050000000000285,1.000000000000025,0.500000000000011
402,50.200000,30.100000,1.000000,0.500000
402,50.200000000000472,30.100000000000286,1.000000000000025,0.500000000000012
403,50.300000,30.150000,1.000000,0.500000
403,50.300000000000473,30.150000000000286,1.000000000000023,0.500000000000012
404,50.400000,30.200000,1.000000,0.500000
404,50.400000000000475,30.200000000000287,1.000000000000022,0.500000000000012
405,50.500000,30.250000,1.000000,0.500000
405,50.500000000000476,30.250000000000288,1.000000000000020,0.500000000000012
406,50.600000,30.300000,1.000000,0.500000
406,50.600000000000477,30.300000000000288,1.000000000000019,0.500000000000012
407,50.700000,30.350000,1.000000,0.500000
407,50.700000000000479,30.350000000000289,1.000000000000018,0.500000000000013
408,50.800000,30.400000,1.000000,0.500000
408,50.800000000000480,30.400000000000290,1.000000000000017,0.500000000000012
409,50.900000,30.450000,1.000000,0.500000
409,50.900000000000482,30.450000000000291,1.000000000000016,0.500000000000011
410,51.000000,30.500000,1.000000,0.500000
410,51.000000000000483,30.500000000000291,1.000000000000016,0.500000000000011
411,51.100000,30.550000,1.000000,0.500000
411,51.100000000000485,30.550000000000292,1.000000000000015,0.500000000000011
412,51.200000,30.600000,1.000000,0.500000
412,51.200000000000486,30.600000000000293,1.000000000000015,0.500000000000011
413,51.300000,30.650000,1.000000,0.500000
413,51.300000000000487,30.650000000000293,1.000000000000014,0.500000000000011
414,51.400000,30.700000,1.000000,0.500000
414,51.400000000000489,30.700000000000294,1.000000000000012,0.500000000000010
415,51.500000,30.750000,1.000000,0.500000
415,51.500000000000490,30.750000000000295,1.000000000000011,0.500000000000010
416,51.600000,30.800000,1.000000,0.500000
416,51.600000000000492,30.800000000000296,1.000000000000010,0.500000000000009
417,51.700000,30.850000,1.000000,0.500000
417,51.700000000000493,30.850000000000296,1.000000000000009,0.500000000000008
418,51.800000,30.900000,1.000000,0.500000
418,51.800000000000495,30.900000000000297,1.000000000000009,0.500000000000009
419,51.900000,30.950000,1.000000,0.500000
419,51.900000000000496,30.950000000000298,1.000000000000008,0.500000000000009
420,52.000000,31.000000,1.000000,0.500000
420,52.000000000000497,31.000000000000298,1.000000000000006,0.500000000000009
421,52.100000,31.050000,1.000000,0.500000
421,52.100000000000499,31.050000000000299,1.000000000000005,0.500000000000008
422,52.200000,31.100000,1.000000,0.500000
422,52.200000000000500,31.100000000000300,1.000000000000003,0.500000000000007
423,52.300000,31.150000,1.000000,0.500000
423,52.300000000000502,31.150000000000301,1.000000000000002,0.500000000000006
424,52.400000,31.200000,1.000000,0.500000
424,52.400000000000503,31.200000000000301,1.000000000000000,0.500000000000006
425,52.500000,31.250000,1.000000,0.500000
425,52.500000000000504,31.250000000000302,0.999999999999997,0.500000000000006
426,52.600000,31.300000,1.000000,0.500000
426,52.600000000000506,31.300000000000303,0.999999999999996,0.500000000000005
427,52.700000,31.350000,1.000000,0.500000
427,52.700000000000507,31.350000000000303,0.999999999999995,0.500000000000005
428,52.800000,31.400000,1.000000,0.500000
428,52.800000000000509,31.400000000000304,0.999999999999994,0.500000000000004
429,52.900000,31.450000,1.000000,0.500000
429,52.900000000000510,31.450000000000305,0.999999999999992,0.500000000000004
430,53.000000,31.500000,1.000000,0.500000
430,53.000000000000512,31.500000000000306,0.999999999999990,0.500000000000004
431,53.100000,31.550000,1.000000,0.500000
431,53.100000000000513,31.550000000000306,0.999999999999989,0.500000000000004
432,53.200000,31.600000,1.000000,0.500000
432,53.200000000000514,31.600000000000307,0.999999999999988,0.500000000000004
433,53.300000,31.650000,1.000000,0.500000
433,53.300000000000516,31.650000000000308,0.999999999999986,0.500000000000004
434,53.400000,31.700000,1.000000,0.500000
434,53.400000000000517,31.700000000000308,0.999999999999984,0.500000000000004
435,53.500000,31.750000,1.000000,0.500000
435,53.500000000000519,31.750000000000309,0.999999999999983,0.500000000000004
436,53.600000,31.800000,1.000000,0.500000
436,53.600000000000520,31.800000000000310,0.999999999999982,0.500000000000003
437,53.700000,31.850000,1.000000,0.500000
437,53.700000000000522,31.850000000000311,0.999999999999981,0.500000000000002
438,53.800000,31.900000,1.000000,0.500000
438,53.800000000000523,31.900000000000311,0.999999999999980,0.500000000000002
439,53.900000,31.950000,1.000000,0.500000
439,53.900000000000524,31.950000000000312,0.999999999999978,0.500000000000002
440,54.000000,32.000000,1.000000,0.500000
440,54.000000000000519,32.000000000000313,0.999999999999978,0.500000000000002
441,54.100000,32.050000,1.000000,0.500000
441,54.100000000000513,32.050000000000310,0.999999999999979,0.500000000000003
442,54.200000,32.100000,1.000000,0.500000
442,54.200000000000514,32.100000000000307,0.999999999999980,0.500000000000003
443,54.300000,32.150000,1.000000,0.500000
443,54.300000000000516,32.150000000000304,0.999999999999982,0.500000000000003
444,54.400000,32.200000,1.000000,0.500000
444,54.400000000000517,32.200000000000301,0.999999999999984,0.500000000000003
445,54.500000,32.250000,1.000000,0.500000
445,54.500000000000519,32.250000000000298,0.999999999999985,0.500000000000003
446,54.600000,32.300000,1.000000,0.500000
446,54.600000000000520,32.300000000000296,0.999999999999987,0.500000000000003
447,54.700000,32.350000,1.000000,0.500000
447,54.700000000000522,32.350000000000293,0.999999999999988,0.500000000000004
448,54.800000,32.400000,1.000000,0.500000
448,54.800000000000523,32.400000000000290,0.999999999999989,0.500000000000004
449,54.900000,32.450000,1.000000,0.500000
449,54.900000000000524,32.450000000000287,0.999999999999990,0.500000000000004
450,55.000000,32.500000,1.000000,0.500000
450,55.000000000000526,32.500000000000284,0.999999999999992,0.500000000000004
451,55.100000,32.550000,1.000000,0.500000
451,55.100000000000527,32.550000000000281,0.999999999999993,0.500000000000005
452,55.200000,32.600000,1.000000,0.500000
452,55.200000000000529,32.600000000000279,0.999999999999996,0.500000000000005
453,55.300000,32.650000,1.000000,0.500000
453,55.300000000000530,32.650000000000276,0.999999999999998,0.500000000000007
454,55.400000,32.700000,1.000000,0.500000
454,55.400000000000531,32.700000000000273,1.000000000000000,0.500000000000008
455,55.500000,32.750000,1.000000,0.500000
455,55.500000000000533,32.750000000000277,1.000000000000004,0.500000000000007
456,55.600000,32.800000,1.000000,0.500000
456,55.600000000000534,32.800000000000281,1.000000000000005,0.500000000000005
457,55.700000,32.850000,1.000000,0.500000
457,55.700000000000536,32.850000000000279,1.000000000000004,0.500000000000002
458,55.800000,32.900000,1.000000,0.500000
458,55.800000000000537,32.900000000000276,1.000000000000005,0.500000000000000
459,55.900000,32.950000,1.000000,0.500000
459,55.900000000000539,32.950000000000273,1.000000000000006,0.499999999999998
460,56.000000,33.000000,1.000000,0.500000
460,56.000000000000540,33.000000000000270,1.000000000000008,0.499999999999997
461,56.100000,33.050000,1.000000,0.500000
461,56.100000000000541,33.050000000000267,1.000000000000009,0.499999999999994
462,56.200000,33.100000,1.000000,0.500000
462,56.200000000000543,33.100000000000264,1.000000000000011,0.499999999999991
463,56.300000,33.150000,1.000000,0.500000
463,56.300000000000544,33.150000000000261,1.000000000000010,0.499999999999988
464,56.400000,33.200000,1.000000,0.500000
464,56.400000000000546,33.200000000000259,1.000000000000011,0.499999999999987
465,56.500000,33.250000,1.000000,0.500000
465,56.500000000000547,33.250000000000256,1.000000000000012,0.499999999999985
466,56.600000,33.300000,1.000000,0.500000
466,56.600000000000549,33.300000000000253,1.000000000000013,0.499999999999983
467,56.700000,33.350000,1.000000,0.500000
467,56.700000000000550,33.350000000000250,1.000000000000014,0.499999999999981
468,56.800000,33.400000,1.000000,0.500000
468,56.800000000000551,33.400000000000247,1.000000000000016,0.499999999999979
469,56.900000,33.450000,1.000000,0.500000
469,56.900000000000553,33.450000000000244,1.000000000000017,0.499999999999977
470,57.000000,33.500000,1.000000,0.500000
470,57.000000000000554,33.500000000000242,1.000000000000018,0.499999999999975
471,57.100000,33.550000,1.000000,0.500000
471,57.100000000000556,33.550000000000239,1.000000000000019,0.499999999999974
472,57.200000,33.600000,1.000000,0.500000
472,57.200000000000557,33.600000000000236,1.000000000000020,0.499999999999972
473,57.300000,33.650000,1.000000,0.500000
473,57.300000000000558,33.650000000000233,1.000000000000021,0.499999999999970
474,57.400000,33.700000,1.000000,0.500000
474,57.400000000000560,33.700000000000230,1.000000000000022,0.499999999999968
475,57.500000,33.750000,1.000000,0.500000
475,57.500000000000561,33.750000000000227,1.000000000000023,0.499999999999967
476,57.600000,33.800000,1.000000,0.500000
476,57.600000000000563,33.800000000000225,1.000000000000024,0.499999999999965
477,57.700000,33.850000,1.000000,0.500000
477,57.700000000000564,33.850000000000222,1.000000000000026,0.499999999999963
478,57.800000,33.900000,1.000000,0.500000
478,57.800000000000566,33.900000000000219,1.000000000000027,0.499999999999961
479,57.900000,33.950000,1.000000,0.500000
479,57.900000000000567,33.950000000000216,1.000000000000028,0.499999999999960
480,58.000000,34.000000,1.000000,0.500000
480,58.000000000000568,34.000000000000213,1.000000000000029,0.499999999999958
481,58.100000,34.050000,1.000000,0.500000
481,58.100000000000570,34.050000000000210,1.000000000000030,0.499999999999956
482,58.200000,34.100000,1.000000,0.500000
482,58.200000000000571,34.100000000000207,1.000000000000031,0.499999999999954
483,58.300000,34.150000,1.000000,0.500000
483,58.300000000000573,34.150000000000205,1.000000000000032,0.499999999999953
484,58.400000,34.200000,1.000000,0.500000
484,58.400000000000574,34.200000000000202,1.000000000000033,0.499999999999951
485,58.500000,34.250000,1.000000,0.500000
485,58.500000000000576,34.250000000000199,1.000000000000034,0.499999999999949
486,58.600000,34.300000,1.000000,0.500000
486,58.600000000000577,34.300000000000196,1.000000000000036,0.499999999999947
487,58.700000,34.350000,1.000000,0.500000
487,58.700000000000578,34.350000000000193,1.000000000000037,0.499999999999945
488,58.800000,34.400000,1.000000,0.500000
488,58.800000000000580,34.400000000000190,1.000000000000038,0.499999999999944
489,58.900000,34.450000,1.000000,0.500000
489,58.900000000000581,34.450000000000188,1.000000000000039,0.499999999999942
490,59.000000,34.500000,1.000000,0.500000
490,59.000000000000583,34.500000000000185,1.000000000000040,0.499999999999940
491,59.100000,34.550000,1.000000,0.500000
491,59.100000000000584,34.550000000000182,1.000000000000041,0.499999999999938
492,59.200000,34.600000,1.000000,0.500000
492,59.200000000000585,34.600000000000179,1.000000000000042,0.499999999999937
493,59.300000,34.650000,1.000000,0.500000
493,59.300000000000587,34.650000000000176,1.000000000000041,0.499999999999933
494,59.400000,34.700000,1.000000,0.500000
494,59.400000000000588,34.700000000000166,1.000000000000042,0.499999999999933
495,59.500000,34.750000,1.000000,0.500000
495,59.500000000000590,34.750000000000156,1.000000000000042,0.499999999999932
496,59.600000,34.800000,1.000000,0.500000
496,59.600000000000591,34.800000000000146,1.000000000000044,0.499999999999934
497,59.700000,34.850000,1.000000,0.500000
497,59.700000000000593,34.850000000000136,1.000000000000046,0.499999999999936
498,59.800000,34.900000,1.000000,0.500000
498,59.800000000000594,34.900000000000134,1.000000000000047,0.499999999999938
499,59.900000,34.950000,1.000000,0.500000
499,59.900000000000595,34.950000000000131,1.000000000000049,0.499999999999940
500,60.000000,35.000000,1.000000,0.500000
500,60.000000000000597,35.000000000000128,1.000000000000049,0.499999999999941
501,60.100000,35.050000,1.000000,0.500000
501,60.100000000000598,35.050000000000125,1.000000000000050,0.499999999999943
502,60.200000,35.100000,1.000000,0.500000
502,60.200000000000607,35.100000000000122,1.000000000000050,0.499999999999944
503,60.300000,35.150000,1.000000,0.500000
503,60.300000000000615,35.150000000000119,1.000000000000049,0.499999999999946
504,60.400000,35.200000,1.000000,0.500000
504,60.400000000000617,35.200000000000117,1.000000000000047,0.499999999999949
505,60.500000,35.250000,1.000000,0.500000
505,60.500000000000618,35.250000000000114,1.000000000000048,0.499999999999952
506,60.600000,35.300000,1.000000,0.500000
506,60.600000000000620,35.300000000000111,1.000000000000047,0.499999999999954
507,60.700000,35.350000,1.000000,0.500000
507,60.700000000000621,35.350000000000108,1.000000000000046,0.499999999999955
508,60.800000,35.400000,1.000000,0.500000
508,60.800000000000622,35.400000000000105,1.000000000000045,0.499999999999957
509,60.900000,35.450000,1.000000,0.500000
509,60.900000000000624,35.450000000000102,1.000000000000044,0.499999999999959
510,61.000000,35.500000,1.000000,0.500000
510,61.000000000000625,35.500000000000099,1.000000000000043,0.499999999999961
511,61.100000,35.550000,1.000000,0.500000
511,61.100000000000627,35.550000000000097,1.000000000000042,0.499999999999962
512,61.200000,35.600000,1.000000,0.500000
512,61.200000000000628,35.600000000000094,1.000000000000041,0.499999999999964
513,61.300000,35.650000,1.000000,0.500000
513,61.300000000000630,35.650000000000091,1.000000000000040,0.499999999999966
514,61.400000,35.700000,1.000000,0.500000
514,61.400000000000631,35.700000000000088,1.000000000000038,0.499999999999968
515,61.500000,35.750000,1.000000,0.500000
515,61.500000000000632,35.750000000000085,1.000000000000037,0.499999999999970
516,61.600000,35.800000,1.000000,0.500000
516,61.600000000000634,35.800000000000082,1.000000000000036,0.499999999999971
517,61.700000,35.850000,1.000000,0.500000
517,61.700000000000635,35.850000000000080,1.000000000000035,0.499999999999973
518,61.800000,35.900000,1.000000,0.500000
518,61.800000000000637,35.900000000000077,1.000000000000034,0.499999999999975
519,61.900000,35.950000,1.000000,0.500000
519,61.900000000000638,35.950000000000074,1.000000000000033,0.499999999999977
520,62.000000,36.000000,1.000000,0.500000
520,62.000000000000639,36.000000000000071,1.000000000000032,0.499999999999978
521,62.100000,36.050000,1.000000,0.500000
521,62.100000000000641,36.050000000000068,1.000000000000031,0.499999999999980
522,62.200000,36.100000,1.000000,0.500000
522,62.200000000000642,36.100000000000065,1.000000000000030,0.499999999999982
523,62.300000,36.150000,1.000000,0.500000
523,62.300000000000644,36.150000000000063,1.000000000000028,0.499999999999984
524,62.400000,36.200000,1.000000,0.500000
524,62.400000000000645,36.200000000000060,1.000000000000027,0.499999999999986
525,62.500000,36.250000,1.000000,0.500000
525,62.500000000000647,36.250000000000057,1.000000000000027,0.499999999999986
526,62.600000,36.300000,1.000000,0.500000
526,62.600000000000648,36.300000000000054,1.000000000000026,0.499999999999988
527,62.700000,36.350000,1.000000,0.500000
527,62.700000000000649,36.350000000000051,1.000000000000025,0.499999999999990
528,62.800000,36.400000,1.000000,0.500000
528,62.800000000000651,36.400000000000048,1.000000000000024,0.499999999999992
529,62.900000,36.450000,1.000000,0.500000
529,62.900000000000652,36.450000000000045,1.000000000000022,0.499999999999994
530,63.000000,36.500000,1.000000,0.500000
530,63.000000000000654,36.500000000000043,1.000000000000021,0.499999999999995
531,63.100000,36.550000,1.000000,0.500000
531,63.100000000000655,36.550000000000040,1.000000000000020,0.499999999999997
532,63.200000,36.600000,1.000000,0.500000
532,63.200000000000657,36.600000000000037,1.000000000000019,0.499999999999999
533,63.300000,36.650000,1.000000,0.500000
533,63.300000000000658,36.650000000000034,1.000000000000018,0.500000000000001
534,63.400000,36.700000,1.000000,0.500000
534,63.400000000000659,36.700000000000031,1.000000000000017,0.500000000000002
535,63.500000,36.750000,1.000000,0.500000
535,63.500000000000661,36.750000000000028,1.000000000000016,0.500000000000004
536,63.600000,36.800000,1.000000,0.500000
536,63.600000000000662,36.800000000000026,1.000000000000015,0.500000000000006
537,63.700000,36.850000,1.000000,0.500000
537,63.700000000000664,36.850000000000023,1.000000000000014,0.500000000000008
538,63.800000,36.900000,1.000000,0.500000
538,63.800000000000665,36.900000000000027,1.000000000000013,0.500000000000009
539,63.900000,36.950000,1.000000,0.500000
539,63.900000000000666,36.950000000000031,1.000000000000011,0.500000000000007
540,64.000000,37.000000,1.000000,0.500000
540,64.000000000000668,37.000000000000036,1.000000000000006,0.500000000000005
541,64.100000,37.050000,1.000000,0.500000
541,64.100000000000662,37.050000000000033,1.000000000000004,0.500000000000003
542,64.200000,37.100000,1.000000,0.500000
542,64.200000000000657,37.100000000000030,1.000000000000000,0.500000000000001
543,64.300000,37.150000,1.000000,0.500000
543,64.300000000000651,37.150000000000027,0.999999999999998,0.500000000000000
544,64.400000,37.200000,1.000000,0.500000
544,64.400000000000645,37.200000000000024,0.999999999999993,0.499999999999997
545,64.500000,37.250000,1.000000,0.500000
545,64.500000000000639,37.250000000000021,0.999999999999991,0.499999999999996
546,64.600000,37.300000,1.000000,0.500000
546,64.600000000000634,37.300000000000018,0.999999999999989,0.499999999999994
547,64.700000,37.350000,1.000000,0.500000
547,64.700000000000628,37.350000000000016,0.999999999999986,0.499999999999993
548,64.800000,37.400000,1.000000,0.500000
548,64.800000000000622,37.400000000000013,0.999999999999982,0.499999999999991
549,64.900000,37.450000,1.000000,0.500000
549,64.900000000000617,37.450000000000010,0.999999999999980,0.499999999999989
550,65.000000,37.500000,1.000000,0.500000
550,65.000000000000611,37.500000000000007,0.999999999999975,0.499999999999987
551,65.100000,37.550000,1.000000,0.500000
551,65.100000000000605,37.550000000000004,0.999999999999971,0.499999999999984
552,65.200000,37.600000,1.000000,0.500000
552,65.200000000000600,37.600000000000001,0.999999999999969,0.499999999999983
553,65.300000,37.650000,1.000000,0.500000
553,65.300000000000594,37.649999999999999,0.999999999999966,0.499999999999982
554,65.400000,37.700000,1.000000,0.500000
554,65.400000000000588,37.699999999999996,0.999999999999964,0.499999999999980
555,65.500000,37.750000,1.000000,0.500000
555,65.500000000000583,37.749999999999993,0.999999999999962,0.499999999999979
556,65.600000,37.800000,1.000000,0.500000
556,65.600000000000577,37.799999999999990,0.999999999999960,0.499999999999978
557,65.700000,37.850000,1.000000,0.500000
557,65.700000000000571,37.849999999999987,0.999999999999959,0.499999999999979
558,65.800000,37.900000,1.000000,0.500000
558,65.800000000000566,37.899999999999984,0.999999999999955,0.499999999999976
559,65.900000,37.950000,1.000000,0.500000
559,65.900000000000560,37.949999999999982,0.999999999999950,0.499999999999974
560,66.000000,38.000000,1.000000,0.500000
560,66.000000000000554,37.999999999999979,0.999999999999948,0.499999999999972
561,66.100000,38.050000,1.000000,0.500000
561,66.100000000000549,38.049999999999976,0.999999999999946,0.499999999999971
562,66.200000,38.100000,1.000000,0.500000
562,66.200000000000543,38.099999999999973,0.999999999999941,0.499999999999968
563,66.300000,38.150000,1.000000,0.500000
563,66.300000000000537,38.149999999999970,0.999999999999937,0.499999999999966
564,66.400000,38.200000,1.000000,0.500000
564,66.400000000000531,38.199999999999967,0.999999999999935,0.499999999999965
565,66.500000,38.250000,1.000000,0.500000
565,66.500000000000526,38.249999999999964,0.999999999999935,0.499999999999965
566,66.600000,38.300000,1.000000,0.500000
566,66.600000000000520,38.299999999999962,0.999999999999933,0.499999999999963
567,66.700000,38.350000,1.000000,0.500000
567,66.700000000000514,38.349999999999959,0.999999999999930,0.499999999999962
568,66.800000,38.400000,1.000000,0.500000
568,66.800000000000509,38.399999999999956,0.999999999999926,0.499999999999960
569,66.900000,38.450000,1.000000,0.500000
569,66.900000000000503,38.449999999999953,0.999999999999924,0.499999999999958
570,67.000000,38.500000,1.000000,0.500000
570,67.000000000000497,38.499999999999950,0.999999999999919,0.499999999999956
571,67.100000,38.550000,1.000000,0.500000
571,67.100000000000492,38.549999999999947,0.999999999999917,0.499999999999954
572,67.200000,38.600000,1.000000,0.500000
572,67.200000000000486,38.599999999999945,0.999999999999915,0.499999999999953
573,67.300000,38.650000,1.000000,0.500000
573,67.300000000000480,38.649999999999942,0.999999999999913,0.499999999999952
574,67.400000,38.700000,1.000000,0.500000
574,67.400000000000475,38.699999999999939,0.999999999999910,0.499999999999951
575,67.500000,38.750000,1.000000,0.500000
575,67.500000000000469,38.749999999999936,0.999999999999908,0.499999999999949
576,67.600000,38.800000,1.000000,0.500000
576,67.600000000000463,38.799999999999933,0.999999999999904,0.499999999999947
577,67.700000,38.850000,1.000000,0.500000
577,67.700000000000458,38.849999999999930,0.999999999999902,0.499999999999945
578,67.800000,38.900000,1.000000,0.500000
578,67.800000000000452,38.899999999999928,0.999999999999899,0.499999999999944
579,67.900000,38.950000,1.000000,0.500000
579,67.900000000000446,38.949999999999925,0.999999999999897,0.499999999999944
580,68.000000,39.000000,1.000000,0.500000
580,68.000000000000441,38.999999999999922,0.999999999999894,0.499999999999943
581,68.100000,39.050000,1.000000,0.500000
581,68.100000000000435,39.049999999999919,0.999999999999890,0.499999999999940
582,68.200000,39.100000,1.000000,0.500000
582,68.200000000000429,39.099999999999916,0.999999999999885,0.499999999999937
583,68.300000,39.150000,1.000000,0.500000
583,68.300000000000423,39.149999999999913,0.999999999999881,0.499999999999935
584,68.400000,39.200000,1.000000,0.500000
584,68.400000000000418,39.199999999999903,0.999999999999880,0.499999999999936
585,68.500000,39.250000,1.000000,0.500000
585,68.500000000000412,39.249999999999893,0.999999999999878,0.499999999999935
586,68.600000,39.300000,1.000000,0.500000
586,68.600000000000406,39.299999999999883,0.999999999999877,0.499999999999937
587,68.700000,39.350000,1.000000,0.500000
587,68.700000000000401,39.349999999999881,0.999999999999875,0.499999999999940
588,68.800000,39.400000,1.000000,0.500000
588,68.800000000000395,39.399999999999878,0.999999999999874,0.499999999999942
589,68.900000,39.450000,1.000000,0.500000
589,68.900000000000389,39.449999999999875,0.999999999999871,0.499999999999942
590,69.000000,39.500000,1.000000,0.500000
590,69.000000000000369,39.499999999999872,0.999999999999870,0.499999999999943
591,69.100000,39.550000,1.000000,0.500000
591,69.100000000000350,39.549999999999869,0.999999999999875,0.499999999999946
592,69.200000,39.600000,1.000000,0.500000
592,69.200000000000344,39.599999999999866,0.999999999999877,0.499999999999948
593,69.300000,39.650000,1.000000,0.500000
593,69.300000000000338,39.649999999999864,0.999999999999879,0.499999999999949
594,69.400000,39.700000,1.000000,0.500000
594,69.400000000000333,39.699999999999861,0.999999999999881,0.499999999999950
595,69.500000,39.750000,1.000000,0.500000
595,69.500000000000327,39.749999999999858,0.999999999999883,0.499999999999952
596,69.600000,39.800000,1.000000,0.500000
596,69.600000000000321,39.799999999999855,0.999999999999885,0.499999999999955
597,69.700000,39.850000,1.000000,0.500000
597,69.700000000000315,39.849999999999852,0.999999999999887,0.499999999999956
598,69.800000,39.900000,1.000000,0.500000
598,69.800000000000310,39.899999999999849,0.999999999999889,0.499999999999957
599,69.900000,39.950000,1.000000,0.500000
599,69.900000000000304,39.949999999999847,0.999999999999891,0.499999999999959
600,70.000000,40.000000,1.000000,0.500000
600,70.000000000000298,39.999999999999844,0.999999999999895,0.499999999999962
601,70.100000,40.050000,1.000000,0.500000
601,70.100000000000293,40.049999999999841,0.999999999999897,0.499999999999963
602,70.200000,40.100000,1.000000,0.500000
602,70.200000000000287,40.099999999999845,0.999999999999901,0.499999999999967
603,70.300000,40.150000,1.000000,0.500000
603,70.300000000000281,40.149999999999842,0.999999999999904,0.499999999999968
604,70.400000,40.200000,1.000000,0.500000
604,70.400000000000276,40.199999999999839,0.999999999999906,0.499999999999969
605,70.500000,40.250000,1.000000,0.500000
605,70.500000000000270,40.249999999999837,0.999999999999908,0.499999999999970
606,70.600000,40.300000,1.000000,0.500000
606,70.600000000000264,40.299999999999834,0.999999999999913,0.499999999999973
607,70.700000,40.350000,1.000000,0.500000
607,70.700000000000259,40.349999999999831,0.999999999999915,0.499999999999974
608,70.800000,40.400000,1.000000,0.500000
608,70.800000000000253,40.399999999999828,0.999999999999917,0.499999999999976
609,70.900000,40.450000,1.000000,0.500000
609,70.900000000000247,40.449999999999825,0.999999999999919,0.499999999999977
610,71.000000,40.500000,1.000000,0.500000
610,71.000000000000242,40.499999999999822,0.999999999999921,0.499999999999978
611,71.100000,40.550000,1.000000,0.500000
611,71.100000000000236,40.549999999999820,0.999999999999924,0.499999999999979
612,71.200000,40.600000,1.000000,0.500000
612,71.200000000000230,40.599999999999817,0.999999999999926,0.499999999999981
613,71.300000,40.650000,1.000000,0.500000
613,71.300000000000225,40.649999999999814,0.999999999999928,0.499999999999982
614,71.400000,40.700000,1.000000,0.500000
614,71.400000000000219,40.699999999999811,0.999999999999932,0.499999999999984
615,71.500000,40.750000,1.000000,0.500000
615,71.500000000000213,40.749999999999808,0.999999999999935,0.499999999999986
616,71.600000,40.800000,1.000000,0.500000
616,71.600000000000207,40.799999999999805,0.999999999999937,0.499999999999987
617,71.700000,40.850000,1.000000,0.500000
617,71.700000000000202,40.849999999999802,0.999999999999941,0.499999999999990
618,71.800000,40.900000,1.000000,0.500000
618,71.800000000000196,40.899999999999800,0.999999999999944,0.499999999999991
619,71.900000,40.950000,1.000000,0.500000
619,71.900000000000190,40.949999999999797,0.999999999999946,0.499999999999992
620,72.000000,41.000000,1.000000,0.500000
620,72.000000000000185,40.999999999999794,0.999999999999950,0.499999999999995
621,72.100000,41.050000,1.000000,0.500000
621,72.100000000000179,41.049999999999791,0.999999999999952,0.499999999999996
622,72.200000,41.100000,1.000000,0.500000
622,72.200000000000173,41.099999999999788,0.999999999999955,0.499999999999997
623,72.300000,41.150000,1.000000,0.500000
623,72.300000000000168,41.149999999999785,0.999999999999957,0.499999999999999
624,72.400000,41.200000,1.000000,0.500000
624,72.400000000000162,41.199999999999783,0.999999999999959,0.500000000000000
625,72.500000,41.250000,1.000000,0.500000
625,72.500000000000156,41.249999999999780,0.999999999999961,0.500000000000001
626,72.600000,41.300000,1.000000,0.500000
626,72.600000000000151,41.299999999999777,0.999999999999964,0.500000000000002
627,72.700000,41.350000,1.000000,0.500000
627,72.700000000000145,41.349999999999774,0.999999999999968,0.500000000000005
628,72.800000,41.400000,1.000000,0.500000
628,72.800000000000139,41.399999999999771,0.999999999999970,0.500000000000006
629,72.900000,41.450000,1.000000,0.500000
629,72.900000000000134,41.449999999999768,0.999999999999972,0.500000000000007
630,73.000000,41.500000,1.000000,0.500000
630,73.000000000000128,41.499999999999773,0.999999999999973,0.500000000000006
631,73.100000,41.550000,1.000000,0.500000
631,73.100000000000122,41.549999999999770,0.999999999999976,0.500000000000007
632,73.200000,41.600000,1.000000,0.500000
632,73.200000000000117,41.599999999999767,0.999999999999979,0.500000000000007
633,73.300000,41.650000,1.000000,0.500000
633,73.300000000000111,41.649999999999764,0.999999999999981,0.500000000000007
634,73.400000,41.700000,1.000000,0.500000
634,73.400000000000105,41.699999999999768,0.999999999999982,0.500000000000006
635,73.500000,41.750000,1.000000,0.500000
635,73.500000000000099,41.749999999999766,0.999999999999986,0.500000000000005
636,73.600000,41.800000,1.000000,0.500000
636,73.600000000000094,41.799999999999763,0.999999999999989,0.500000000000004
637,73.700000,41.850000,1.000000,0.500000
637,73.700000000000088,41.849999999999760,0.999999999999992,0.500000000000004
638,73.800000,41.900000,1.000000,0.500000
638,73.800000000000082,41.899999999999757,0.999999999999995,0.500000000000003
639,73.900000,41.950000,1.000000,0.500000
639,73.900000000000077,41.949999999999754,0.999999999999998,0.500000000000003
640,74.000000,42.000000,1.000000,0.500000
640,74.000000000000071,41.999999999999751,1.000000000000001,0.500000000000003
641,74.100000,42.050000,1.000000,0.500000
641,74.100000000000065,42.049999999999748,1.000000000000004,0.500000000000003
642,74.200000,42.100000,1.000000,0.500000
642,74.200000000000060,42.099999999999746,1.000000000000007,0.500000000000003
643,74.300000,42.150000,1.000000,0.500000
643,74.300000000000054,42.149999999999743,1.000000000000010,0.500000000000003
644,74.400000,42.200000,1.000000,0.500000
644,74.400000000000048,42.199999999999740,1.000000000000013,0.500000000000003
645,74.500000,42.250000,1.000000,0.500000
645,74.500000000000043,42.249999999999737,1.000000000000014,0.500000000000001
646,74.600000,42.300000,1.000000,0.500000
646,74.600000000000051,42.299999999999734,1.000000000000014,0.500000000000001
647,74.700000,42.350000,1.000000,0.500000
647,74.700000000000045,42.349999999999731,1.000000000000012,0.499999999999999
648,74.800000,42.400000,1.000000,0.500000
648,74.800000000000040,42.399999999999729,1.000000000000013,0.499999999999998
649,74.900000,42.450000,1.000000,0.500000
649,74.900000000000034,42.449999999999726,1.000000000000011,0.499999999999996
650,75.000000,42.500000,1.000000,0.500000
650,75.000000000000028,42.499999999999723,1.000000000000012,0.499999999999995
651,75.100000,42.550000,1.000000,0.500000
651,75.100000000000023,42.549999999999720,1.000000000000009,0.499999999999994
652,75.200000,42.600000,1.000000,0.500000
652,75.200000000000017,42.599999999999717,1.000000000000010,0.499999999999993
653,75.300000,42.650000,1.000000,0.500000
653,75.300000000000011,42.649999999999714,1.000000000000010,0.499999999999993
654,75.400000,42.700000,1.000000,0.500000
654,75.400000000000006,42.699999999999712,1.000000000000010,0.499999999999993
655,75.500000,42.750000,1.000000,0.500000
655,75.500000000000000,42.749999999999709,1.000000000000010,0.499999999999992
656,75.600000,42.800000,1.000000,0.500000
656,75.599999999999994,42.799999999999706,1.000000000000010,0.499999999999992
657,75.700000,42.850000,1.000000,0.500000
657,75.699999999999989,42.849999999999703,1.000000000000011,0.499999999999991
658,75.800000,42.900000,1.000000,0.500000
658,75.799999999999983,42.899999999999700,1.000000000000011,0.499999999999990
659,75.900000,42.950000,1.000000,0.500000
659,75.899999999999977,42.949999999999697,1.000000000000009,0.499999999999988
660,76.000000,43.000000,1.000000,0.500000
660,75.999999999999972,42.999999999999694,1.000000000000010,0.499999999999987
661,76.100000,43.050000,1.000000,0.500000
661,76.099999999999966,43.049999999999692,1.000000000000010,0.499999999999986
662,76.200000,43.100000,1.000000,0.500000
662,76.199999999999960,43.099999999999689,1.000000000000011,0.499999999999985
663,76.300000,43.150000,1.000000,0.500000
663,76.299999999999955,43.149999999999686,1.000000000000009,0.499999999999983
664,76.400000,43.200000,1.000000,0.500000
664,76.399999999999949,43.199999999999683,1.000000000000009,0.499999999999983
665,76.500000,43.250000,1.000000,0.500000
665,76.499999999999943,43.249999999999680,1.000000000000009,0.499999999999982
666,76.600000,43.300000,1.000000,0.500000
666,76.599999999999937,43.299999999999677,1.000000000000010,0.499999999999981
667,76.700000,43.350000,1.000000,0.500000
667,76.699999999999932,43.349999999999675,1.000000000000010,0.499999999999980
668,76.800000,43.400000,1.000000,0.500000
668,76.799999999999926,43.399999999999672,1.000000000000011,0.499999999999979
669,76.900000,43.450000,1.000000,0.500000
669,76.899999999999920,43.449999999999669,1.000000000000011,0.499999999999979
670,77.000000,43.500000,1.000000,0.500000
670,76.999999999999915,43.499999999999666,1.000000000000012,0.499999999999978
671,77.100000,43.550000,1.000000,0.500000
671,77.099999999999909,43.549999999999663,1.000000000000010,0.499999999999975
672,77.200000,43.600000,1.000000,0.500000
672,77.199999999999903,43.599999999999660,1.000000000000010,0.499999999999975
673,77.300000,43.650000,1.000000,0.500000
673,77.299999999999898,43.649999999999658,1.000000000000010,0.499999999999975
674,77.400000,43.700000,1.000000,0.500000
674,77.399999999999892,43.699999999999655,1.000000000000008,0.499999999999972
675,77.500000,43.750000,1.000000,0.500000
675,77.499999999999886,43.749999999999652,1.000000000000008,0.499999999999972
676,77.600000,43.800000,1.000000,0.500000
676,77.599999999999881,43.799999999999649,1.000000000000009,0.499999999999972
677,77.700000,43.850000,1.000000,0.500000
677,77.699999999999875,43.849999999999646,1.000000000000007,0.499999999999970
678,77.800000,43.900000,1.000000,0.500000
678,77.799999999999869,43.899999999999643,1.000000000000007,0.499999999999969
679,77.900000,43.950000,1.000000,0.500000
679,77.899999999999864,43.949999999999640,1.000000000000005,0.499999999999967
680,78.000000,44.000000,1.000000,0.500000
680,77.999999999999858,43.999999999999638,1.000000000000005,0.499999999999967
681,78.100000,44.050000,1.000000,0.500000
681,78.099999999999852,44.049999999999635,1.000000000000005,0.499999999999967
682,78.200000,44.100000,1.000000,0.500000
682,78.199999999999847,44.099999999999632,1.000000000000004,0.499999999999965
683,78.300000,44.150000,1.000000,0.500000
683,78.299999999999841,44.149999999999629,1.000000000000004,0.499999999999965
684,78.400000,44.200000,1.000000,0.500000
684,78.399999999999835,44.199999999999626,1.000000000000004,0.499999999999965
685,78.500000,44.250000,1.000000,0.500000
685,78.499999999999829,44.249999999999623,1.000000000000004,0.499999999999964
686,78.600000,44.300000,1.000000,0.500000
686,78.599999999999824,44.299999999999621,1.000000000000004,0.499999999999964
687,78.700000,44.350000,1.000000,0.500000
687,78.699999999999818,44.349999999999618,1.000000000000004,0.499999999999964
688,78.800000,44.400000,1.000000,0.500000
688,78.799999999999812,44.399999999999615,1.000000000000002,0.499999999999962
689,78.900000,44.450000,1.000000,0.500000
689,78.899999999999807,44.449999999999612,1.000000000000000,0.499999999999960
690,79.000000,44.500000,1.000000,0.500000
690,78.999999999999801,44.499999999999609,1.000000000000001,0.499999999999959
691,79.100000,44.550000,1.000000,0.500000
691,79.099999999999795,44.549999999999606,1.000000000000001,0.499999999999959
692,79.200000,44.600000,1.000000,0.500000
692,79.199999999999790,44.599999999999604,1.000000000000001,0.499999999999959
693,79.300000,44.650000,1.000000,0.500000
693,79.299999999999784,44.649999999999601,1.000000000000001,0.499999999999958
694,79.400000,44.700000,1.000000,0.500000
694,79.399999999999778,44.699999999999598,1.000000000000001,0.499999999999958
695,79.500000,44.750000,1.000000,0.500000
695,79.499999999999773,44.749999999999595,1.000000000000002,0.499999999999957
696,79.600000,44.800000,1.000000,0.500000
696,79.599999999999767,44.799999999999592,1.000000000000002,0.499999999999956
697,79.700000,44.850000,1.000000,0.500000
697,79.699999999999761,44.849999999999589,1.000000000000002,0.499999999999956
698,79.800000,44.900000,1.000000,0.500000
698,79.799999999999756,44.899999999999586,1.000000000000002,0.499999999999956
699,79.900000,44.950000,1.000000,0.500000
699,79.899999999999750,44.949999999999584,1.000000000000002,0.499999999999956
700,80.000000,45.000000,1.000000,0.500000
700,79.999999999999744,44.999999999999581,1.000000000000000,0.499999999999955
701,80.100000,45.050000,1.000000,0.500000
701,80.099999999999739,45.049999999999578,1.000000000000000,0.499999999999955
702,80.200000,45.100000,1.000000,0.500000
702,80.199999999999733,45.099999999999575,1.000000000000000,0.499999999999954
703,80.300000,45.150000,1.000000,0.500000
703,80.299999999999727,45.149999999999572,1.000000000000001,0.499999999999953
704,80.400000,45.200000,1.000000,0.500000
704,80.399999999999721,45.199999999999569,1.000000000000001,0.499999999999953
705,80.500000,45.250000,1.000000,0.500000
705,80.499999999999716,45.249999999999567,1.000000000000001,0.499999999999952
706,80.600000,45.300000,1.000000,0.500000
706,80.599999999999710,45.299999999999564,1.000000000000002,0.499999999999951
707,80.700000,45.350000,1.000000,0.500000
707,80.699999999999704,45.349999999999561,1.000000000000002,0.499999999999951
708,80.800000,45.400000,1.000000,0.500000
708,80.799999999999699,45.399999999999558,1.000000000000000,0.499999999999950
709,80.900000,45.450000,1.000000,0.500000
709,80.899999999999693,45.449999999999555,1.000000000000000,0.499999999999949
710,81.000000,45.500000,1.000000,0.500000
710,80.999999999999687,45.499999999999552,0.999999999999998,0.499999999999948
711,81.100000,45.550000,1.000000,0.500000
711,81.099999999999682,45.549999999999550,0.999999999999998,0.499999999999947
712,81.200000,45.600000,1.000000,0.500000
712,81.199999999999676,45.599999999999547,0.999999999999999,0.499999999999946
713,81.300000,45.650000,1.000000,0.500000
713,81.299999999999670,45.649999999999544,0.999999999999999,0.499999999999946
714,81.400000,45.700000,1.000000,0.500000
714,81.399999999999665,45.699999999999541,0.999999999999999,0.499999999999945
715,81.500000,45.750000,1.000000,0.500000
715,81.499999999999659,45.749999999999538,1.000000000000000,0.499999999999944
716,81.600000,45.800000,1.000000,0.500000
716,81.599999999999653,45.799999999999535,0.999999999999998,0.499999999999942
717,81.700000,45.850000,1.000000,0.500000
717,81.699999999999648,45.849999999999532,0.999999999999998,0.499999999999942
718,81.800000,45.900000,1.000000,0.500000
718,81.799999999999642,45.899999999999530,0.999999999999999,0.499999999999941
719,81.900000,45.950000,1.000000,0.500000
719,81.899999999999636,45.949999999999527,0.999999999999999,0.499999999999941
720,82.000000,46.000000,1.000000,0.500000
720,81.999999999999631,45.999999999999524,0.999999999999999,0.499999999999940
721,82.100000,46.050000,1.000000,0.500000
721,82.099999999999625,46.049999999999521,0.999999999999999,0.499999999999940
722,82.200000,46.100000,1.000000,0.500000
722,82.199999999999619,46.099999999999518,0.999999999999997,0.499999999999939
723,82.300000,46.150000,1.000000,0.500000
723,82.299999999999613,46.149999999999515,0.999999999999995,0.499999999999937
724,82.400000,46.200000,1.000000,0.500000
724,82.399999999999608,46.199999999999513,0.999999999999993,0.499999999999936
725,82.500000,46.250000,1.000000,0.500000
725,82.499999999999602,46.249999999999503,0.999999999999993,0.499999999999936
726,82.600000,46.300000,1.000000,0.500000
726,82.599999999999596,46.299999999999493,0.999999999999993,0.499999999999936
727,82.700000,46.350000,1.000000,0.500000
727,82.699999999999591,46.349999999999490,0.999999999999994,0.499999999999939
728,82.800000,46.400000,1.000000,0.500000
728,82.799999999999585,46.399999999999487,0.999999999999997,0.499999999999940
729,82.900000,46.450000,1.000000,0.500000
729,82.899999999999579,46.449999999999484,0.999999999999996,0.499999999999941
730,83.000000,46.500000,1.000000,0.500000
730,82.999999999999574,46.499999999999481,0.999999999999998,0.499999999999943
731,83.100000,46.550000,1.000000,0.500000
731,83.099999999999568,46.549999999999478,1.000000000000000,0.499999999999945
732,83.200000,46.600000,1.000000,0.500000
732,83.199999999999562,46.599999999999476,1.000000000000000,0.499999999999945
733,83.300000,46.650000,1.000000,0.500000
733,83.299999999999557,46.649999999999473,1.000000000000001,0.499999999999947
734,83.400000,46.700000,1.000000,0.500000
734,83.399999999999551,46.699999999999470,1.000000000000003,0.499999999999950
735,83.500000,46.750000,1.000000,0.500000
735,83.499999999999545,46.749999999999467,1.000000000000005,0.499999999999952
736,83.600000,46.800000,1.000000,0.500000
736,83.599999999999540,46.799999999999464,1.000000000000004,0.499999999999953
737,83.700000,46.850000,1.000000,0.500000
737,83.699999999999534,46.849999999999461,1.000000000000004,0.499999999999954
738,83.800000,46.900000,1.000000,0.500000
738,83.799999999999528,46.899999999999459,1.000000000000004,0.499999999999954
739,83.900000,46.950000,1.000000,0.500000
739,83.899999999999523,46.949999999999456,1.000000000000003,0.499999999999955
740,84.000000,47.000000,1.000000,0.500000
740,83.999999999999517,46.999999999999453,1.000000000000003,0.499999999999955
741,84.100000,47.050000,1.000000,0.500000
741,84.099999999999511,47.049999999999450,1.000000000000003,0.499999999999955
742,84.200000,47.100000,1.000000,0.500000
742,84.199999999999505,47.099999999999447,1.000000000000003,0.499999999999955
743,84.300000,47.150000,1.000000,0.500000
743,84.299999999999500,47.149999999999444,1.000000000000003,0.499999999999956
744,84.400000,47.200000,1.000000,0.500000
744,84.399999999999494,47.199999999999442,1.000000000000002,0.499999999999957
745,84.500000,47.250000,1.000000,0.500000
745,84.499999999999488,47.249999999999439,1.000000000000004,0.499999999999958
746,84.600000,47.300000,1.000000,0.500000
746,84.599999999999483,47.299999999999436,1.000000000000004,0.499999999999959
747,84.700000,47.350000,1.000000,0.500000
747,84.699999999999477,47.349999999999433,1.000000000000004,0.499999999999959
748,84.800000,47.400000,1.000000,0.500000
748,84.799999999999471,47.399999999999430,1.000000000000006,0.499999999999961
749,84.900000,47.450000,1.000000,0.500000
749,84.899999999999466,47.449999999999427,1.000000000000006,0.499999999999961
750,85.000000,47.500000,1.000000,0.500000
750,84.999999999999460,47.499999999999424,1.000000000000006,0.499999999999961
751,85.100000,47.550000,1.000000,0.500000
751,85.099999999999454,47.549999999999422,1.000000000000006,0.499999999999961
752,85.200000,47.600000,1.000000,0.500000
752,85.199999999999449,47.599999999999419,1.000000000000008,0.499999999999963
753,85.300000,47.650000,1.000000,0.500000
753,85.299999999999443,47.649999999999416,1.000000000000008,0.499999999999964
754,85.400000,47.700000,1.000000,0.500000
754,85.399999999999437,47.699999999999413,1.000000000000008,0.499999999999964
755,85.500000,47.750000,1.000000,0.500000
755,85.499999999999432,47.749999999999410,1.000000000000008,0.499999999999964
756,85.600000,47.800000,1.000000,0.500000
756,85.599999999999426,47.799999999999407,1.000000000000007,0.499999999999965
757,85.700000,47.850000,1.000000,0.500000
757,85.699999999999420,47.849999999999405,1.000000000000009,0.499999999999967
758,85.800000,47.900000,1.000000,0.500000
758,85.799999999999415,47.899999999999402,1.000000000000008,0.499999999999968
759,85.900000,47.950000,1.000000,0.500000
759,85.899999999999409,47.949999999999399,1.000000000000008,0.499999999999968
760,86.000000,48.000000,1.000000,0.500000
760,85.999999999999403,47.999999999999396,1.000000000000008,0.499999999999969
761,86.100000,48.050000,1.000000,0.500000
761,86.099999999999397,48.049999999999393,1.000000000000009,0.499999999999972
762,86.200000,48.100000,1.000000,0.500000
762,86.199999999999392,48.099999999999390,1.000000000000011,0.499999999999974
763,86.300000,48.150000,1.000000,0.500000
763,86.299999999999386,48.149999999999388,1.000000000000011,0.499999999999974
764,86.400000,48.200000,1.000000,0.500000
764,86.399999999999380,48.199999999999385,1.000000000000011,0.499999999999975
765,86.500000,48.250000,1.000000,0.500000
765,86.499999999999375,48.249999999999382,1.000000000000011,0.499999999999975
766,86.600000,48.300000,1.000000,0.500000
766,86.599999999999369,48.299999999999379,1.000000000000013,0.499999999999976
767,86.700000,48.350000,1.000000,0.500000
767,86.699999999999363,48.349999999999376,1.000000000000015,0.499999999999978
768,86.800000,48.400000,1.000000,0.500000
768,86.799999999999372,48.399999999999373,1.000000000000012,0.499999999999978
769,86.900000,48.450000,1.000000,0.500000
769,86.899999999999366,48.449999999999370,1.000000000000009,0.499999999999977
770,87.000000,48.500000,1.000000,0.500000
770,86.999999999999361,48.499999999999368,1.000000000000007,0.499999999999977
771,87.100000,48.550000,1.000000,0.500000
771,87.099999999999355,48.549999999999365,1.000000000000006,0.499999999999979
772,87.200000,48.600000,1.000000,0.500000
772,87.199999999999349,48.599999999999362,1.000000000000003,0.499999999999978
773,87.300000,48.650000,1.000000,0.500000
773,87.299999999999343,48.649999999999359,1.000000000000000,0.499999999999978
774,87.400000,48.700000,1.000000,0.500000
774,87.399999999999338,48.699999999999356,1.000000000000000,0.499999999999979
775,87.500000,48.750000,1.000000,0.500000
775,87.499999999999332,48.749999999999353,0.999999999999996,0.499999999999980
776,87.600000,48.800000,1.000000,0.500000
776,87.599999999999326,48.799999999999351,0.999999999999993,0.499999999999980
777,87.700000,48.850000,1.000000,0.500000
777,87.699999999999321,48.849999999999348,0.999999999999993,0.499999999999981
778,87.800000,48.900000,1.000000,0.500000
778,87.799999999999315,48.899999999999345,0.999999999999990,0.499999999999981
779,87.900000,48.950000,1.000000,0.500000
779,87.899999999999309,48.949999999999342,0.999999999999985,0.499999999999979
780,88.000000,49.000000,1.000000,0.500000
780,87.999999999999304,48.999999999999339,0.999999999999982,0.499999999999980
781,88.100000,49.050000,1.000000,0.500000
781,88.099999999999298,49.049999999999336,0.999999999999979,0.499999999999979
782,88.200000,49.100000,1.000000,0.500000
782,88.199999999999292,49.099999999999334,0.999999999999976,0.499999999999979
783,88.300000,49.150000,1.000000,0.500000
783,88.299999999999287,49.149999999999331,0.999999999999976,0.499999999999980
784,88.400000,49.200000,1.000000,0.500000
784,88.399999999999281,49.199999999999328,0.999999999999971,0.499999999999978
785,88.500000,49.250000,1.000000,0.500000
785,88.499999999999275,49.249999999999325,0.999999999999967,0.499999999999979
786,88.600000,49.300000,1.000000,0.500000
786,88.599999999999270,49.299999999999322,0.999999999999966,0.499999999999981
787,88.700000,49.350000,1.000000,0.500000
787,88.699999999999264,49.349999999999319,0.999999999999966,0.499999999999981
788,88.800000,49.400000,1.000000,0.500000
788,88.799999999999258,49.399999999999316,0.999999999999963,0.499999999999981
789,88.900000,49.450000,1.000000,0.500000
789,88.899999999999253,49.449999999999314,0.999999999999962,0.499999999999982
790,89.000000,49.500000,1.000000,0.500000
790,88.999999999999247,49.499999999999311,0.999999999999962,0.499999999999983
791,89.100000,49.550000,1.000000,0.500000
791,89.099999999999241,49.549999999999308,0.999999999999959,0.499999999999983
792,89.200000,49.600000,1.000000,0.500000
792,89.199999999999235,49.599999999999305,0.999999999999956,0.499999999999982
793,89.300000,49.650000,1.000000,0.500000
793,89.299999999999230,49.649999999999302,0.999999999999954,0.499999999999982
794,89.400000,49.700000,1.000000,0.500000
794,89.399999999999224,49.699999999999299,0.999999999999953,0.499999999999983
795,89.500000,49.750000,1.000000,0.500000
795,89.499999999999218,49.749999999999297,0.999999999999952,0.499999999999984
796,89.600000,49.800000,1.000000,0.500000
796,89.599999999999213,49.799999999999294,0.999999999999950,0.499999999999983
797,89.700000,49.850000,1.000000,0.500000
797,89.699999999999207,49.849999999999291,0.999999999999949,0.499999999999984
798,89.800000,49.900000,1.000000,0.500000
798,89.799999999999201,49.899999999999288,0.999999999999949,0.499999999999985
799,89.900000,49.950000,1.000000,0.500000
799,89.899999999999196,49.949999999999285,0.999999999999945,0.499999999999986
800,90.000000,50.000000,1.000000,0.500000
800,89.999999999999190,49.999999999999282,0.999999999999945,0.499999999999987
801,90.100000,50.050000,1.000000,0.500000
801,90.099999999999184,50.049999999999280,0.999999999999944,0.499999999999987
802,90.200000,50.100000,1.000000,0.500000
802,90.199999999999179,50.099999999999277,0.999999999999941,0.499999999999987
803,90.300000,50.150000,1.000000,0.500000
803,90.299999999999173,50.149999999999274,0.999999999999939,0.499999999999987
804,90.400000,50.200000,1.000000,0.500000
804,90.399999999999167,50.199999999999271,0.999999999999936,0.499999999999986
805,90.500000,50.250000,1.000000,0.500000
805,90.499999999999162,50.249999999999268,0.999999999999935,0.499999999999987
806,90.600000,50.300000,1.000000,0.500000
806,90.599999999999156,50.299999999999265,0.999999999999933,0.499999999999987
807,90.700000,50.350000,1.000000,0.500000
807,90.699999999999150,50.349999999999262,0.999999999999932,0.499999999999988
808,90.800000,50.400000,1.000000,0.500000
808,90.799999999999145,50.399999999999260,0.999999999999927,0.499999999999986
809,90.900000,50.450000,1.000000,0.500000
809,90.899999999999139,50.449999999999257,0.999999999999927,0.499999999999987
810,91.000000,50.500000,1.000000,0.500000
810,90.999999999999133,50.499999999999254,0.999999999999924,0.499999999999987
811,91.100000,50.550000,1.000000,0.500000
811,91.099999999999127,50.549999999999251,0.999999999999923,0.499999999999988
812,91.200000,50.600000,1.000000,0.500000
812,91.199999999999122,50.599999999999248,0.999999999999920,0.499999999999987
813,91.300000,50.650000,1.000000,0.500000
813,91.299999999999116,50.649999999999245,0.999999999999918,0.499999999999987
814,91.400000,50.700000,1.000000,0.500000
814,91.399999999999110,50.699999999999243,0.999999999999917,0.499999999999988
815,91.500000,50.750000,1.000000,0.500000
815,91.499999999999105,50.749999999999240,0.999999999999914,0.499999999999989
816,91.600000,50.800000,1.000000,0.500000
816,91.599999999999099,50.799999999999237,0.999999999999911,0.499999999999988
817,91.700000,50.850000,1.000000,0.500000
817,91.699999999999093,50.849999999999234,0.999999999999911,0.499999999999989
818,91.800000,50.900000,1.000000,0.500000
818,91.799999999999088,50.899999999999231,0.999999999999910,0.499999999999990
819,91.900000,50.950000,1.000000,0.500000
819,91.899999999999082,50.949999999999228,0.999999999999907,0.499999999999990
820,92.000000,51.000000,1.000000,0.500000
820,91.999999999999076,50.999999999999226,0.999999999999904,0.499999999999989
821,92.100000,51.050000,1.000000,0.500000
821,92.099999999999071,51.049999999999223,0.999999999999904,0.499999999999990
822,92.200000,51.100000,1.000000,0.500000
822,92.199999999999065,51.099999999999220,0.999999999999903,0.499999999999991
823,92.300000,51.150000,1.000000,0.500000
823,92.299999999999059,51.149999999999217,0.999999999999903,0.499999999999992
824,92.400000,51.200000,1.000000,0.500000
824,92.399999999999054,51.199999999999214,0.999999999999900,0.499999999999993
825,92.500000,51.250000,1.000000,0.500000
825,92.499999999999048,51.249999999999211,0.999999999999899,0.499999999999993
826,92.600000,51.300000,1.000000,0.500000
826,92.599999999999042,51.299999999999208,0.999999999999898,0.499999999999994
827,92.700000,51.350000,1.000000,0.500000
827,92.699999999999037,51.349999999999206,0.999999999999896,0.499999999999994
828,92.800000,51.400000,1.000000,0.500000
828,92.799999999999031,51.399999999999203,0.999999999999895,0.499999999999995
829,92.900000,51.450000,1.000000,0.500000
829,92.899999999999025,51.449999999999200,0.999999999999892,0.499999999999995
830,93.000000,51.500000,1.000000,0.500000
830,92.999999999999019,51.499999999999197,0.999999999999890,0.499999999999994
831,93.100000,51.550000,1.000000,0.500000
831,93.099999999999014,51.549999999999194,0.999999999999887,0.499999999999994
832,93.200000,51.600000,1.000000,0.500000
832,93.199999999999008,51.599999999999191,0.999999999999886,0.499999999999995
833,93.300000,51.650000,1.000000,0.500000
833,93.299999999999002,51.649999999999189,0.999999999999885,0.499999999999997
834,93.400000,51.700000,1.000000,0.500000
834,93.399999999998997,51.699999999999186,0.999999999999885,0.499999999999997
835,93.500000,51.750000,1.000000,0.500000
835,93.499999999998991,51.749999999999183,0.999999999999882,0.499999999999997
836,93.600000,51.800000,1.000000,0.500000
836,93.599999999998985,51.799999999999180,0.999999999999881,0.499999999999998
837,93.700000,51.850000,1.000000,0.500000
837,93.699999999998980,51.849999999999177,0.999999999999879,0.499999999999998
838,93.800000,51.900000,1.000000,0.500000
838,93.799999999998974,51.899999999999174,0.999999999999876,0.499999999999997
839,93.900000,51.950000,1.000000,0.500000
839,93.899999999998968,51.949999999999172,0.999999999999873,0.499999999999997
840,94.000000,52.000000,1.000000,0.500000
840,93.999999999998963,51.999999999999169,0.999999999999868,0.499999999999995
841,94.100000,52.050000,1.000000,0.500000
841,94.099999999998943,52.049999999999166,0.999999999999870,0.499999999999997
842,94.200000,52.100000,1.000000,0.500000
842,94.199999999998923,52.099999999999163,0.999999999999870,0.499999999999997
843,94.300000,52.150000,1.000000,0.500000
843,94.299999999998903,52.149999999999160,0.999999999999875,0.499999999999999
844,94.400000,52.200000,1.000000,0.500000
844,94.399999999998897,52.199999999999164,0.999999999999882,0.500000000000003
845,94.500000,52.250000,1.000000,0.500000
845,94.499999999998892,52.249999999999162,0.999999999999884,0.500000000000003
846,94.600000,52.300000,1.000000,0.500000
846,94.599999999998886,52.299999999999159,0.999999999999889,0.500000000000005
847,94.700000,52.350000,1.000000,0.500000
847,94.699999999998880,52.349999999999156,0.999999999999894,0.500000000000006
848,94.800000,52.400000,1.000000,0.500000
848,94.799999999998875,52.399999999999153,0.999999999999899,0.500000000000008
849,94.900000,52.450000,1.000000,0.500000
849,94.899999999998869,52.449999999999157,0.999999999999905,0.500000000000009
850,95.000000,52.500000,1.000000,0.500000
850,94.999999999998863,52.499999999999162,0.999999999999910,0.500000000000009
851,95.100000,52.550000,1.000000,0.500000
851,95.099999999998857,52.549999999999159,0.999999999999912,0.500000000000007
852,95.200000,52.600000,1.000000,0.500000
852,95.199999999998852,52.599999999999156,0.999999999999915,0.500000000000006
853,95.300000,52.650000,1.000000,0.500000
853,95.299999999998846,52.649999999999153,0.999999999999921,0.500000000000007
854,95.400000,52.700000,1.000000,0.500000
854,95.399999999998840,52.699999999999150,0.999999999999924,0.500000000000006
855,95.500000,52.750000,1.000000,0.500000
855,95.499999999998835,52.749999999999147,0.999999999999930,0.500000000000006
856,95.600000,52.800000,1.000000,0.500000
856,95.599999999998829,52.799999999999145,0.999999999999935,0.500000000000007
857,95.700000,52.850000,1.000000,0.500000
857,95.699999999998823,52.849999999999142,0.999999999999941,0.500000000000007
858,95.800000,52.900000,1.000000,0.500000
858,95.799999999998818,52.899999999999146,0.999999999999944,0.500000000000007
859,95.900000,52.950000,1.000000,0.500000
859,95.899999999998812,52.949999999999143,0.999999999999948,0.500000000000005
860,96.000000,53.000000,1.000000,0.500000
860,95.999999999998806,52.999999999999140,0.999999999999952,0.500000000000004
861,96.100000,53.050000,1.000000,0.500000
861,96.099999999998801,53.049999999999137,0.999999999999956,0.500000000000002
862,96.200000,53.100000,1.000000,0.500000
862,96.199999999998795,53.099999999999135,0.999999999999959,0.500000000000001
863,96.300000,53.150000,1.000000,0.500000
863,96.299999999998789,53.149999999999132,0.999999999999963,0.499999999999999
864,96.400000,53.200000,1.000000,0.500000
864,96.399999999998784,53.199999999999129,0.999999999999966,0.499999999999999
865,96.500000,53.250000,1.000000,0.500000
865,96.499999999998778,53.249999999999119,0.999999999999968,0.499999999999996
866,96.600000,53.300000,1.000000,0.500000
866,96.599999999998772,53.299999999999116,0.999999999999974,0.499999999999996
867,96.700000,53.350000,1.000000,0.500000
867,96.699999999998766,53.349999999999113,0.999999999999979,0.499999999999997
868,96.800000,53.400000,1.000000,0.500000
868,96.799999999998761,53.399999999999110,0.999999999999983,0.499999999999996
869,96.900000,53.450000,1.000000,0.500000
869,96.899999999998755,53.449999999999108,0.999999999999988,0.499999999999997
870,97.000000,53.500000,1.000000,0.500000
870,96.999999999998749,53.499999999999105,0.999999999999991,0.499999999999996
871,97.100000,53.550000,1.000000,0.500000
871,97.099999999998744,53.549999999999102,0.999999999999995,0.499999999999996
872,97.200000,53.600000,1.000000,0.500000
872,97.199999999998738,53.599999999999099,0.999999999999998,0.499999999999995
873,97.300000,53.650000,1.000000,0.500000
873,97.299999999998732,53.649999999999096,1.000000000000001,0.499999999999994
874,97.400000,53.700000,1.000000,0.500000
874,97.399999999998727,53.699999999999093,1.000000000000005,0.499999999999993
875,97.500000,53.750000,1.000000,0.500000
875,97.499999999998721,53.749999999999091,1.000000000000008,0.499999999999992
876,97.600000,53.800000,1.000000,0.500000
876,97.599999999998715,53.799999999999088,1.000000000000012,0.499999999999992
877,97.700000,53.850000,1.000000,0.500000
877,97.699999999998710,53.849999999999085,1.000000000000015,0.499999999999991
878,97.800000,53.900000,1.000000,0.500000
878,97.799999999998718,53.899999999999082,1.000000000000018,0.499999999999991
879,97.900000,53.950000,1.000000,0.500000
879,97.899999999998727,53.949999999999079,1.000000000000019,0.499999999999990
880,98.000000,54.000000,1.000000,0.500000
880,97.999999999998735,53.999999999999076,1.000000000000016,0.499999999999989
881,98.100000,54.050000,1.000000,0.500000
881,98.099999999998744,54.049999999999073,1.000000000000012,0.499999999999986
882,98.200000,54.100000,1.000000,0.500000
882,98.199999999998738,54.099999999999071,1.000000000000008,0.499999999999984
883,98.300000,54.150000,1.000000,0.500000
883,98.299999999998732,54.149999999999068,1.000000000000002,0.499999999999982
884,98.400000,54.200000,1.000000,0.500000
884,98.399999999998727,54.199999999999065,0.999999999999998,0.499999999999980
885,98.500000,54.250000,1.000000,0.500000
885,98.499999999998721,54.249999999999055,0.999999999999991,0.499999999999976
886,98.600000,54.300000,1.000000,0.500000
886,98.599999999998715,54.299999999999052,0.999999999999986,0.499999999999974
887,98.700000,54.350000,1.000000,0.500000
887,98.699999999998710,54.349999999999049,0.999999999999982,0.499999999999972
888,98.800000,54.400000,1.000000,0.500000
888,98.799999999998704,54.399999999999046,0.999999999999977,0.499999999999969
889,98.900000,54.450000,1.000000,0.500000
889,98.899999999998698,54.449999999999044,0.999999999999972,0.499999999999968
890,99.000000,54.500000,1.000000,0.500000
890,98.999999999998693,54.499999999999041,0.999999999999969,0.499999999999967
891,99.100000,54.550000,1.000000,0.500000
891,99.099999999998687,54.549999999999038,0.999999999999964,0.499999999999966
892,99.200000,54.600000,1.000000,0.500000
892,99.199999999998681,54.599999999999035,0.999999999999959,0.499999999999964
893,99.300000,54.650000,1.000000,0.500000
893,99.299999999998676,54.649999999999025,0.999999999999952,0.499999999999961
894,99.400000,54.700000,1.000000,0.500000
894,99.399999999998670,54.699999999999022,0.999999999999947,0.499999999999959
895,99.500000,54.750000,1.000000,0.500000
895,99.499999999998664,54.749999999999019,0.999999999999942,0.499999999999957
896,99.600000,54.800000,1.000000,0.500000
896,99.599999999998658,54.799999999999017,0.999999999999937,0.499999999999956
897,99.700000,54.850000,1.000000,0.500000
897,99.699999999998653,54.849999999999014,0.999999999999932,0.499999999999955
898,99.800000,54.900000,1.000000,0.500000
898,99.799999999998647,54.899999999999011,0.999999999999927,0.499999999999954
899,99.900000,54.950000,1.000000,0.500000
899,99.899999999998641,54.949999999999008,0.999999999999922,0.499999999999952
900,100.000000,55.000000,1.000000,0.500000
900,99.999999999998636,54.999999999999005,0.999999999999917,0.499999999999951
901,100.100000,55.050000,1.000000,0.500000
901,100.099999999998630,55.049999999999002,0.999999999999912,0.499999999999949
902,100.200000,55.100000,1.000000,0.500000
902,100.199999999998624,55.099999999999000,0.999999999999907,0.499999999999947
903,100.300000,55.150000,1.000000,0.500000
903,100.299999999998619,55.149999999998997,0.999999999999902,0.499999999999946
904,100.400000,55.200000,1.000000,0.500000
904,100.399999999998613,55.199999999998994,0.999999999999896,0.499999999999945
905,100.500000,55.250000,1.000000,0.500000
905,100.499999999998607,55.249999999998991,0.999999999999891,0.499999999999944
906,100.600000,55.300000,1.000000,0.500000
906,100.599999999998602,55.299999999998988,0.999999999999886,0.499999999999942
907,100.700000,55.350000,1.000000,0.500000
907,100.699999999998582,55.349999999998985,0.999999999999879,0.499999999999939
908,100.800000,55.400000,1.000000,0.500000
908,100.799999999998576,55.399999999998983,0.999999999999874,0.499999999999938
909,100.900000,55.450000,1.000000,0.500000
909,100.899999999998570,55.449999999998980,0.999999999999872,0.499999999999937
910,101.000000,55.500000,1.000000,0.500000
910,100.999999999998550,55.499999999998977,0.999999999999872,0.499999999999937
911,101.100000,55.550000,1.000000,0.500000
911,101.099999999998545,55.549999999998974,0.999999999999872,0.499999999999937
912,101.200000,55.600000,1.000000,0.500000
912,101.199999999998539,55.599999999998971,0.999999999999872,0.499999999999937
913,101.300000,55.650000,1.000000,0.500000
913,101.299999999998533,55.649999999998968,0.999999999999872,0.499999999999937
914,101.400000,55.700000,1.000000,0.500000
914,101.399999999998528,55.699999999998965,0.999999999999872,0.499999999999937
915,101.500000,55.750000,1.000000,0.500000
915,101.499999999998522,55.749999999998963,0.999999999999872,0.499999999999937
916,101.600000,55.800000,1.000000,0.500000
916,101.599999999998516,55.799999999998960,0.999999999999872,0.499999999999937
917,101.700000,55.850000,1.000000,0.500000
917,101.699999999998511,55.849999999998957,0.999999999999872,0.499999999999937
918,101.800000,55.900000,1.000000,0.500000
918,101.799999999998505,55.899999999998954,0.999999999999872,0.499999999999937
919,101.900000,55.950000,1.000000,0.500000
919,101.899999999998499,55.949999999998951,0.999999999999872,0.499999999999937
920,102.000000,56.000000,1.000000,0.500000
920,101.999999999998494,55.999999999998948,0.999999999999872,0.499999999999937
921,102.100000,56.050000,1.000000,0.500000
921,102.099999999998488,56.049999999998946,0.999999999999872,0.499999999999937
922,102.200000,56.100000,1.000000,0.500000
922,102.199999999998482,56.099999999998943,0.999999999999872,0.499999999999937
923,102.300000,56.150000,1.000000,0.500000
923,102.299999999998477,56.149999999998940,0.999999999999872,0.499999999999937
924,102.400000,56.200000,1.000000,0.500000
924,102.399999999998471,56.199999999998937,0.999999999999872,0.499999999999937
925,102.500000,56.250000,1.000000,0.500000
925,102.499999999998465,56.249999999998934,0.999999999999872,0.499999999999937
926,102.600000,56.300000,1.000000,0.500000
926,102.599999999998460,56.299999999998931,0.999999999999872,0.499999999999937
927,102.700000,56.350000,1.000000,0.500000
927,102.699999999998454,56.349999999998929,0.999999999999872,0.499999999999937
928,102.800000,56.400000,1.000000,0.500000
928,102.799999999998448,56.399999999998926,0.999999999999872,0.499999999999937
929,102.900000,56.450000,1.000000,0.500000
929,102.899999999998442,56.449999999998923,0.999999999999872,0.499999999999937
930,103.000000,56.500000,1.000000,0.500000
930,102.999999999998437,56.499999999998920,0.999999999999872,0.499999999999937
931,103.100000,56.550000,1.000000,0.500000
931,103.099999999998431,56.549999999998917,0.999999999999872,0.499999999999937
932,103.200000,56.600000,1.000000,0.500000
932,103.199999999998425,56.599999999998914,0.999999999999872,0.499999999999937
933,103.300000,56.650000,1.000000,0.500000
933,103.299999999998420,56.649999999998911,0.999999999999872,0.499999999999937
934,103.400000,56.700000,1.000000,0.500000
934,103.399999999998414,56.699999999998909,0.999999999999872,0.499999999999937
935,103.500000,56.750000,1.000000,0.500000
935,103.499999999998408,56.749999999998906,0.999999999999872,0.499999999999937
936,103.600000,56.800000,1.000000,0.500000
936,103.599999999998403,56.799999999998903,0.999999999999872,0.499999999999937
937,103.700000,56.850000,1.000000,0.500000
937,103.699999999998397,56.849999999998900,0.999999999999872,0.499999999999937
938,103.800000,56.900000,1.000000,0.500000
938,103.799999999998391,56.899999999998897,0.999999999999872,0.499999999999937
939,103.900000,56.950000,1.000000,0.500000
939,103.899999999998386,56.949999999998894,0.999999999999872,0.499999999999937
940,104.000000,57.000000,1.000000,0.500000
940,103.999999999998380,56.999999999998892,0.999999999999872,0.499999999999937
941,104.100000,57.050000,1.000000,0.500000
941,104.099999999998374,57.049999999998889,0.999999999999872,0.499999999999937
942,104.200000,57.100000,1.000000,0.500000
942,104.199999999998369,57.099999999998886,0.999999999999872,0.499999999999937
943,104.300000,57.150000,1.000000,0.500000
943,104.299999999998363,57.149999999998883,0.999999999999872,0.499999999999937
944,104.400000,57.200000,1.000000,0.500000
944,104.399999999998357,57.199999999998880,0.999999999999872,0.499999999999937
945,104.500000,57.250000,1.000000,0.500000
945,104.499999999998352,57.249999999998877,0.999999999999872,0.499999999999937
946,104.600000,57.300000,1.000000,0.500000
946,104.599999999998346,57.299999999998875,0.999999999999872,0.499999999999937
947,104.700000,57.350000,1.000000,0.500000
947,104.699999999998340,57.349999999998872,0.999999999999872,0.499999999999937
948,104.800000,57.400000,1.000000,0.500000
948,104.799999999998334,57.399999999998869,0.999999999999872,0.499999999999937
949,104.900000,57.450000,1.000000,0.500000
949,104.899999999998329,57.449999999998866,0.999999999999872,0.499999999999937
950,105.000000,57.500000,1.000000,0.500000
950,104.999999999998323,57.499999999998863,0.999999999999872,0.499999999999937
951,105.100000,57.550000,1.000000,0.500000
951,105.099999999998317,57.549999999998860,0.999999999999872,0.499999999999937
952,105.200000,57.600000,1.000000,0.500000
952,105.199999999998312,57.599999999998857,0.999999999999872,0.499999999999937
953,105.300000,57.650000,1.000000,0.500000
953,105.299999999998306,57.649999999998855,0.999999999999872,0.499999999999937
954,105.400000,57.700000,1.000000,0.500000
954,105.399999999998300,57.699999999998852,0.999999999999872,0.499999999999937
955,105.500000,57.750000,1.000000,0.500000
955,105.499999999998295,57.749999999998849,0.999999999999872,0.499999999999937
956,105.600000,57.800000,1.000000,0.500000
956,105.599999999998289,57.799999999998846,0.999999999999872,0.499999999999937
957,105.700000,57.850000,1.000000,0.500000
957,105.699999999998283,57.849999999998843,0.999999999999872,0.499999999999937
958,105.800000,57.900000,1.000000,0.500000
958,105.799999999998278,57.899999999998840,0.999999999999872,0.499999999999937
959,105.900000,57.950000,1.000000,0.500000
959,105.899999999998272,57.949999999998838,0.999999999999872,0.499999999999937
960,106.000000,58.000000,1.000000,0.500000
960,105.999999999998266,57.999999999998835,0.999999999999872,0.499999999999937
961,106.100000,58.050000,1.000000,0.500000
961,106.099999999998261,58.049999999998832,0.999999999999872,0.499999999999937
962,106.200000,58.100000,1.000000,0.500000
962,106.199999999998255,58.099999999998829,0.999999999999872,0.499999999999937
963,106.300000,58.150000,1.000000,0.500000
963,106.299999999998249,58.149999999998826,0.999999999999872,0.499999999999937
964,106.400000,58.200000,1.000000,0.500000
964,106.399999999998244,58.199999999998823,0.999999999999872,0.499999999999937
965,106.500000,58.250000,1.000000,0.500000
965,106.499999999998238,58.249999999998820,0.999999999999872,0.499999999999937
966,106.600000,58.300000,1.000000,0.500000
966,106.599999999998232,58.299999999998818,0.999999999999872,0.499999999999937
967,106.700000,58.350000,1.000000,0.500000
967,106.699999999998226,58.349999999998815,0.999999999999872,0.499999999999937
968,106.800000,58.400000,1.000000,0.500000
968,106.799999999998221,58.399999999998812,0.999999999999872,0.499999999999937
969,106.900000,58.450000,1.000000,0.500000
969,106.899999999998215,58.449999999998809,0.999999999999872,0.499999999999937
970,107.000000,58.500000,1.000000,0.500000
970,106.999999999998209,58.499999999998806,0.999999999999872,0.499999999999937
971,107.100000,58.550000,1.000000,0.500000
971,107.099999999998204,58.549999999998803,0.999999999999872,0.499999999999937
972,107.200000,58.600000,1.000000,0.500000
972,107.199999999998198,58.599999999998801,0.999999999999872,0.499999999999937
973,107.300000,58.650000,1.000000,0.500000
973,107.299999999998192,58.649999999998798,0.999999999999872,0.499999999999937
974,107.400000,58.700000,1.000000,0.500000
974,107.399999999998187,58.699999999998795,0.999999999999872,0.499999999999937
975,107.500000,58.750000,1.000000,0.500000
975,107.499999999998181,58.749999999998792,0.999999999999872,0.499999999999937
976,107.600000,58.800000,1.000000,0.500000
976,107.599999999998175,58.799999999998789,0.999999999999872,0.499999999999937
977,107.700000,58.850000,1.000000,0.500000
977,107.699999999998170,58.849999999998786,0.999999999999872,0.499999999999937
978,107.800000,58.900000,1.000000,0.500000
978,107.799999999998164,58.899999999998784,0.999999999999872,0.499999999999937
979,107.900000,58.950000,1.000000,0.500000
979,107.899999999998158,58.949999999998781,0.999999999999872,0.499999999999937
980,108.000000,59.000000,1.000000,0.500000
980,107.999999999998153,58.999999999998778,0.999999999999872,0.499999999999937
981,108.100000,59.050000,1.000000,0.500000
981,108.099999999998147,59.049999999998775,0.999999999999872,0.499999999999937
982,108.200000,59.100000,1.000000,0.500000
982,108.199999999998141,59.099999999998772,0.999999999999872,0.499999999999937
983,108.300000,59.150000,1.000000,0.500000
983,108.299999999998136,59.149999999998769,0.999999999999872,0.499999999999937
984,108.400000,59.200000,1.000000,0.500000
984,108.399999999998130,59.199999999998766,0.999999999999872,0.499999999999937
985,108.500000,59.250000,1.000000,0.500000
985,108.499999999998124,59.249999999998764,0.999999999999872,0.499999999999937
986,108.600000,59.300000,1.000000,0.500000
986,108.599999999998118,59.299999999998761,0.999999999999872,0.499999999999937
987,108.700000,59.350000,1.000000,0.500000
987,108.699999999998113,59.349999999998758,0.999999999999872,0.499999999999937
988,108.800000,59.400000,1.000000,0.500000
988,108.799999999998107,59.399999999998755,0.999999999999872,0.499999999999937
989,108.900000,59.450000,1.000000,0.500000
989,108.899999999998101,59.449999999998752,0.999999999999872,0.499999999999937
990,109.000000,59.500000,1.000000,0.500000
990,108.999999999998096,59.499999999998749,0.999999999999872,0.499999999999937
991,109.100000,59.550000,1.000000,0.500000
991,109.099999999998090,59.549999999998747,0.999999999999872,0.499999999999937
992,109.200000,59.600000,1.000000,0.500000
992,109.199999999998084,59.599999999998744,0.999999999999872,0.499999999999937
993,109.300000,59.650000,1.000000,0.500000
993,109.299999999998079,59.649999999998741,0.999999999999872,0.499999999999937
994,109.400000,59.700000,1.000000,0.500000
994,109.399999999998073,59.699999999998738,0.999999999999872,0.499999999999937
995,109.500000,59.750000,1.000000,0.500000
995,109.499999999998067,59.749999999998735,0.999999999999872,0.499999999999937
996,109.600000,59.800000,1.000000,0.500000
996,109.599999999998062,59.799999999998732,0.999999999999872,0.499999999999937
997,109.700000,59.850000,1.000000,0.500000
997,109.699999999998056,59.849999999998730,0.999999999999872,0.499999999999937
998,109.800000,59.900000,1.000000,0.500000
998,109.799999999998050,59.899999999998727,0.999999999999872,0.499999999999937
999,109.900000,59.950000,1.000000,0.500000
999,109.899999999998045,59.949999999998724,0.999999999999872,0.499999999999937
1000,110.000000,60.000000,1.000000,0.500000
1000,109.999999999998039,59.999999999998721,0.999999999999872,0.499999999999937
1001,110.100000,60.050000,1.000000,0.500000
1001,110.099999999998033,60.049999999998718,0.999999999999872,0.499999999999937
1002,110.200000,60.100000,1.000000,0.500000
1002,110.199999999998028,60.099999999998715,0.999999999999872,0.499999999999937
1003,110.300000,60.150000,1.000000,0.500000
1003,110.299999999998022,60.149999999998712,0.999999999999872,0.499999999999937
1004,110.400000,60.200000,1.000000,0.500000
1004,110.399999999998016,60.199999999998710,0.999999999999872,0.499999999999937
1005,110.500000,60.250000,1.000000,0.500000
1005,110.499999999998010,60.249999999998707,0.999999999999872,0.499999999999937
1006,110.600000,60.300000,1.000000,0.500000
1006,110.599999999998005,60.299999999998704,0.999999999999872,0.499999999999937
1007,110.700000,60.350000,1.000000,0.500000
1007,110.699999999997999,60.349999999998701,0.999999999999872,0.499999999999937
1008,110.800000,60.400000,1.000000,0.500000
1008,110.799999999997993,60.399999999998698,0.999999999999872,0.499999999999937
1009,110.900000,60.450000,1.000000,0.500000
1009,110.899999999997988,60.449999999998695,0.999999999999872,0.499999999999937
1010,111.000000,60.500000,1.000000,0.500000
1010,110.999999999997982,60.499999999998693,0.999999999999872,0.499999999999937
1011,111.100000,60.550000,1.000000,0.500000
1011,111.099999999997976,60.549999999998690,0.999999999999872,0.499999999999937
1012,111.200000,60.600000,1.000000,0.500000
1012,111.199999999997971,60.599999999998687,0.999999999999872,0.499999999999937
1013,111.300000,60.650000,1.000000,0.500000
1013,111.299999999997965,60.649999999998684,0.999999999999872,0.499999999999937
1014,111.400000,60.700000,1.000000,0.500000
1014,111.399999999997959,60.699999999998681,0.999999999999872,0.499999999999937
1015,111.500000,60.750000,1.000000,0.500000
1015,111.499999999997954,60.749999999998678,0.999999999999872,0.499999999999937
1016,111.600000,60.800000,1.000000,0.500000
1016,111.599999999997948,60.799999999998676,0.999999999999872,0.499999999999937
1017,111.700000,60.850000,1.000000,0.500000
1017,111.699999999997942,60.849999999998673,0.999999999999872,0.499999999999937
1018,111.800000,60.900000,1.000000,0.500000
1018,111.799999999997937,60.899999999998670,0.999999999999872,0.499999999999937
1019,111.900000,60.950000,1.000000,0.500000
1019,111.899999999997931,60.949999999998667,0.999999999999872,0.499999999999937
1020,112.000000,61.000000,1.000000,0.500000
1020,111.999999999997925,60.999999999998664,0.999999999999872,0.499999999999937
1021,112.100000,61.050000,1.000000,0.500000
1021,112.099999999997920,61.049999999998661,0.999999999999872,0.499999999999937
1022,112.200000,61.100000,1.000000,0.500000
1022,112.199999999997914,61.099999999998658,0.999999999999872,0.499999999999937
1023,112.300000,61.150000,1.000000,0.500000
1023,112.299999999997908,61.149999999998656,0.999999999999872,0.499999999999937
1024,112.400000,61.200000,1.000000,0.500000
1024,112.399999999997902,61.199999999998653,0.999999999999872,0.499999999999937
1025,112.500000,61.250000,1.000000,0.500000
1025,112.499999999997897,61.249999999998650,0.999999999999872,0.499999999999937
1026,112.600000,61.300000,1.000000,0.500000
1026,112.599999999997891,61.299999999998647,0.999999999999872,0.499999999999937
1027,112.700000,61.350000,1.000000,0.500000
1027,112.699999999997885,61.349999999998644,0.999999999999872,0.499999999999937
1028,112.800000,61.400000,1.000000,0.500000
1028,112.799999999997880,61.399999999998641,0.999999999999872,0.499999999999937
1029,112.900000,61.450000,1.000000,0.500000
1029,112.899999999997874,61.449999999998639,0.999999999999872,0.499999999999937
1030,113.000000,61.500000,1.000000,0.500000
1030,112.999999999997868,61.499999999998636,0.999999999999872,0.499999999999937
1031,113.100000,61.550000,1.000000,0.500000
1031,113.099999999997863,61.549999999998633,0.999999999999872,0.499999999999937
1032,113.200000,61.600000,1.000000,0.500000
1032,113.199999999997857,61.599999999998630,0.999999999999872,0.499999999999937
1033,113.300000,61.650000,1.000000,0.500000
1033,113.299999999997851,61.649999999998627,0.999999999999872,0.499999999999937
1034,113.400000,61.700000,1.000000,0.500000
1034,113.399999999997846,61.699999999998624,0.999999999999872,0.499999999999937
1035,113.500000,61.750000,1.000000,0.500000
1035,113.499999999997840,61.749999999998622,0.999999999999872,0.499999999999937
1036,113.600000,61.800000,1.000000,0.500000
1036,113.599999999997834,61.799999999998619,0.999999999999872,0.499999999999937
1037,113.700000,61.850000,1.000000,0.500000
1037,113.699999999997829,61.849999999998616,0.999999999999872,0.499999999999937
1038,113.800000,61.900000,1.000000,0.500000
1038,113.799999999997823,61.899999999998613,0.999999999999872,0.499999999999937
1039,113.900000,61.950000,1.000000,0.500000
1039,113.899999999997817,61.949999999998610,0.999999999999872,0.499999999999937
1040,114.000000,62.000000,1.000000,0.500000
1040,113.999999999997812,61.999999999998607,0.999999999999872,0.499999999999937
1041,114.100000,62.050000,1.000000,0.500000
1041,114.099999999997806,62.049999999998604,0.999999999999872,0.499999999999937
1042,114.200000,62.100000,1.000000,0.500000
1042,114.199999999997800,62.099999999998602,0.999999999999872,0.499999999999937
1043,114.300000,62.150000,1.000000,0.500000
1043,114.299999999997794,62.149999999998599,0.999999999999872,0.499999999999937
1044,114.400000,62.200000,1.000000,0.500000
1044,114.399999999997789,62.199999999998596,0.999999999999872,0.499999999999937
1045,114.500000,62.250000,1.000000,0.500000
1045,114.499999999997783,62.249999999998593,0.999999999999872,0.499999999999937
1046,114.600000,62.300000,1.000000,0.500000
1046,114.599999999997777,62.299999999998590,0.999999999999872,0.499999999999937
1047,114.700000,62.350000,1.000000,0.500000
1047,114.699999999997772,62.349999999998587,0.999999999999872,0.499999999999937
1048,114.800000,62.400000,1.000000,0.500000
1048,114.799999999997766,62.399999999998585,0.999999999999872,0.499999999999937
1049,114.900000,62.450000,1.000000,0.500000
1049,114.899999999997760,62.449999999998582,0.999999999999872,0.499999999999937
1050,115.000000,62.500000,1.000000,0.500000
1050,114.999999999997755,62.499999999998579,0.999999999999872,0.499999999999937
1051,115.100000,62.550000,1.000000,0.500000
1051,115.099999999997749,62.549999999998576,0.999999999999872,0.499999999999937
1052,115.200000,62.600000,1.000000,0.500000
1052,115.199999999997743,62.599999999998573,0.999999999999872,0.499999999999937
1053,115.300000,62.650000,1.000000,0.500000
1053,115.299999999997738,62.649999999998570,0.999999999999872,0.499999999999937
1054,115.400000,62.700000,1.000000,0.500000
1054,115.399999999997732,62.699999999998568,0.999999999999872,0.499999999999937
1055,115.500000,62.750000,1.000000,0.500000
1055,115.499999999997726,62.749999999998565,0.999999999999872,0.499999999999937
1056,115.600000,62.800000,1.000000,0.500000
1056,115.599999999997721,62.799999999998562,0.999999999999872,0.499999999999937
1057,115.700000,62.850000,1.000000,0.500000
1057,115.699999999997715,62.849999999998559,0.999999999999872,0.499999999999937
1058,115.800000,62.900000,1.000000,0.500000
1058,115.799999999997709,62.899999999998556,0.999999999999872,0.499999999999937
1059,115.900000,62.950000,1.000000,0.500000
1059,115.899999999997704,62.949999999998553,0.999999999999872,0.499999999999937
1060,116.000000,63.000000,1.000000,0.500000
1060,115.999999999997698,62.999999999998550,0.999999999999872,0.499999999999937
1061,116.100000,63.050000,1.000000,0.500000
1061,116.099999999997692,63.049999999998548,0.999999999999872,0.499999999999937
1062,116.200000,63.100000,1.000000,0.500000
1062,116.199999999997686,63.099999999998545,0.999999999999872,0.499999999999937
1063,116.300000,63.150000,1.000000,0.500000
1063,116.299999999997681,63.149999999998542,0.999999999999872,0.499999999999937
1064,116.400000,63.200000,1.000000,0.500000
1064,116.399999999997675,63.199999999998539,0.999999999999872,0.499999999999937
1065,116.500000,63.250000,1.000000,0.500000
1065,116.499999999997669,63.249999999998536,0.999999999999872,0.499999999999937
1066,116.600000,63.300000,1.000000,0.500000
1066,116.599999999997664,63.299999999998533,0.999999999999872,0.499999999999937
1067,116.700000,63.350000,1.000000,0.500000
1067,116.699999999997658,63.349999999998531,0.999999999999872,0.499999999999937
1068,116.800000,63.400000,1.000000,0.500000
1068,116.799999999997652,63.399999999998528,0.999999999999872,0.499999999999937
1069,116.900000,63.450000,1.000000,0.500000
1069,116.899999999997647,63.449999999998525,0.999999999999872,0.499999999999937
1070,117.000000,63.500000,1.000000,0.500000
1070,116.999999999997641,63.499999999998522,0.999999999999872,0.499999999999937
1071,117.100000,63.550000,1.000000,0.500000
1071,117.099999999997635,63.549999999998519,0.999999999999872,0.499999999999937
1072,117.200000,63.600000,1.000000,0.500000
1072,117.199999999997630,63.599999999998516,0.999999999999872,0.499999999999937
1073,117.300000,63.650000,1.000000,0.500000
1073,117.299999999997624,63.649999999998514,0.999999999999872,0.499999999999937
1074,117.400000,63.700000,1.000000,0.500000
1074,117.399999999997618,63.699999999998511,0.999999999999872,0.499999999999937
1075,117.500000,63.750000,1.000000,0.500000
1075,117.499999999997613,63.749999999998508,0.999999999999872,0.499999999999937
1076,117.600000,63.800000,1.000000,0.500000
1076,117.599999999997607,63.799999999998505,0.999999999999872,0.499999999999937
1077,117.700000,63.850000,1.000000,0.500000
1077,117.699999999997601,63.849999999998502,0.999999999999872,0.499999999999937
1078,117.800000,63.900000,1.000000,0.500000
1078,117.799999999997596,63.899999999998499,0.999999999999872,0.499999999999937
1079,117.900000,63.950000,1.000000,0.500000
1079,117.899999999997590,63.949999999998496,0.999999999999872,0.499999999999937
1080,118.000000,64.000000,1.000000,0.500000
1080,117.999999999997584,63.999999999998494,0.999999999999872,0.499999999999937
1081,118.100000,64.050000,1.000000,0.500000
1081,118.099999999997578,64.049999999998491,0.999999999999872,0.499999999999937
1082,118.200000,64.100000,1.000000,0.500000
1082,118.199999999997573,64.099999999998488,0.999999999999872,0.499999999999937
1083,118.300000,64.150000,1.000000,0.500000
1083,118.299999999997567,64.149999999998485,0.999999999999872,0.499999999999937
1084,118.400000,64.200000,1.000000,0.500000
1084,118.399999999997561,64.199999999998482,0.999999999999872,0.499999999999937
1085,118.500000,64.250000,1.000000,0.500000
1085,118.499999999997556,64.249999999998479,0.999999999999872,0.499999999999937
1086,118.600000,64.300000,1.000000,0.500000
1086,118.599999999997550,64.299999999998477,0.999999999999872,0.499999999999937
1087,118.700000,64.350000,1.000000,0.500000
1087,118.699999999997544,64.349999999998474,0.999999999999872,0.499999999999937
1088,118.800000,64.400000,1.000000,0.500000
1088,118.799999999997539,64.399999999998471,0.999999999999872,0.499999999999937
1089,118.900000,64.450000,1.000000,0.500000
1089,118.899999999997533,64.449999999998468,0.999999999999872,0.499999999999937
1090,119.000000,64.500000,1.000000,0.500000
1090,118.999999999997527,64.499999999998465,0.999999999999872,0.499999999999937
1091,119.100000,64.550000,1.000000,0.500000
1091,119.099999999997522,64.549999999998462,0.999999999999872,0.499999999999937
1092,119.200000,64.600000,1.000000,0.500000
1092,119.199999999997516,64.599999999998460,0.999999999999872,0.499999999999937
1093,119.300000,64.650000,1.000000,0.500000
1093,119.299999999997510,64.649999999998457,0.999999999999872,0.499999999999937
1094,119.400000,64.700000,1.000000,0.500000
1094,119.399999999997505,64.699999999998454,0.999999999999872,0.499999999999937
1095,119.500000,64.750000,1.000000,0.500000
1095,119.499999999997499,64.749999999998451,0.999999999999872,0.499999999999937
1096,119.600000,64.800000,1.000000,0.500000
1096,119.599999999997493,64.799999999998448,0.999999999999872,0.499999999999937
1097,119.700000,64.850000,1.000000,0.500000
1097,119.699999999997488,64.849999999998445,0.999999999999872,0.499999999999937
1098,119.800000,64.900000,1.000000,0.500000
1098,119.799999999997482,64.899999999998442,0.999999999999872,0.499999999999937
1099,119.900000,64.950000,1.000000,0.500000
1099,119.899999999997476,64.949999999998440,0.999999999999872,0.499999999999937
1100,120.000000,65.000000,1.000000,0.500000
1100,119.999999999997470,64.999999999998437,0.999999999999872,0.499999999999937
1101,120.100000,65.050000,1.000000,0.500000
1101,120.099999999997465,65.049999999998434,0.999999999999872,0.499999999999937
1102,120.200000,65.100000,1.000000,0.500000
1102,120.199999999997459,65.099999999998431,0.999999999999872,0.499999999999937
1103,120.300000,65.150000,1.000000,0.500000
1103,120.299999999997453,65.149999999998428,0.999999999999872,0.499999999999937
1104,120.400000,65.200000,1.000000,0.500000
1104,120.399999999997448,65.199999999998425,0.999999999999872,0.499999999999937
1105,120.500000,65.250000,1.000000,0.500000
1105,120.499999999997442,65.249999999998423,0.999999999999872,0.499999999999937
1106,120.600000,65.300000,1.000000,0.500000
1106,120.599999999997436,65.299999999998420,0.999999999999872,0.499999999999937
1107,120.700000,65.350000,1.000000,0.500000
1107,120.699999999997431,65.349999999998417,0.999999999999872,0.499999999999937
1108,120.800000,65.400000,1.000000,0.500000
1108,120.799999999997425,65.399999999998414,0.999999999999872,0.499999999999937
1109,120.900000,65.450000,1.000000,0.500000
1109,120.899999999997419,65.449999999998411,0.999999999999872,0.499999999999937
1110,121.000000,65.500000,1.000000,0.500000
1110,120.999999999997414,65.499999999998408,0.999999999999872,0.499999999999937
1111,121.100000,65.550000,1.000000,0.500000
1111,121.099999999997408,65.549999999998406,0.999999999999872,0.499999999999937
1112,121.200000,65.600000,1.000000,0.500000
1112,121.199999999997402,65.599999999998403,0.999999999999872,0.499999999999937
1113,121.300000,65.650000,1.000000,0.500000
1113,121.299999999997397,65.649999999998400,0.999999999999872,0.499999999999937
1114,121.400000,65.700000,1.000000,0.500000
1114,121.399999999997391,65.699999999998397,0.999999999999872,0.499999999999937
1115,121.500000,65.750000,1.000000,0.500000
1115,121.499999999997385,65.749999999998394,0.999999999999872,0.499999999999937
1116,121.600000,65.800000,1.000000,0.500000
1116,121.599999999997380,65.799999999998391,0.999999999999872,0.499999999999937
1117,121.700000,65.850000,1.000000,0.500000
1117,121.699999999997374,65.849999999998388,0.999999999999872,0.499999999999937
1118,121.800000,65.900000,1.000000,0.500000
1118,121.799999999997368,65.899999999998386,0.999999999999872,0.499999999999937
1119,121.900000,65.950000,1.000000,0.500000
1119,121.899999999997362,65.949999999998383,0.999999999999872,0.499999999999937
1120,122.000000,66.000000,1.000000,0.500000
1120,121.999999999997357,65.999999999998380,0.999999999999872,0.499999999999937
1121,122.100000,66.050000,1.000000,0.500000
1121,122.099999999997351,66.049999999998377,0.999999999999872,0.499999999999937
1122,122.200000,66.100000,1.000000,0.500000
1122,122.199999999997345,66.099999999998374,0.999999999999872,0.499999999999937
1123,122.300000,66.150000,1.000000,0.500000
1123,122.299999999997340,66.149999999998371,0.999999999999872,0.499999999999937
1124,122.400000,66.200000,1.000000,0.500000
1124,122.399999999997334,66.199999999998369,0.999999999999872,0.499999999999937
1125,122.500000,66.250000,1.000000,0.500000
1125,122.499999999997328,66.249999999998366,0.999999999999872,0.499999999999937
1126,122.600000,66.300000,1.000000,0.500000
1126,122.599999999997323,66.299999999998363,0.999999999999872,0.499999999999937
1127,122.700000,66.350000,1.000000,0.500000
1127,122.699999999997317,66.349999999998360,0.999999999999872,0.499999999999937
1128,122.800000,66.400000,1.000000,0.500000
1128,122.799999999997311,66.399999999998357,0.999999999999872,0.499999999999937
1129,122.900000,66.450000,1.000000,0.500000
1129,122.899999999997306,66.449999999998354,0.999999999999872,0.499999999999937
1130,123.000000,66.500000,1.000000,0.500000
1130,122.999999999997300,66.499999999998352,0.999999999999872,0.499999999999937
1131,123.100000,66.550000,1.000000,0.500000
1131,123.099999999997294,66.549999999998349,0.999999999999872,0.499999999999937
1132,123.200000,66.600000,1.000000,0.500000
1132,123.199999999997289,66.599999999998346,0.999999999999872,0.499999999999937
1133,123.300000,66.650000,1.000000,0.500000
1133,123.299999999997283,66.649999999998343,0.999999999999872,0.499999999999937
1134,123.400000,66.700000,1.000000,0.500000
1134,123.399999999997277,66.699999999998340,0.999999999999872,0.499999999999937
1135,123.500000,66.750000,1.000000,0.500000
1135,123.499999999997272,66.749999999998337,0.999999999999872,0.499999999999937
1136,123.600000,66.800000,1.000000,0.500000
1136,123.599999999997266,66.799999999998334,0.999999999999872,0.499999999999937
1137,123.700000,66.850000,1.000000,0.500000
1137,123.699999999997260,66.849999999998332,0.999999999999872,0.499999999999937
1138,123.800000,66.900000,1.000000,0.500000
1138,123.799999999997254,66.899999999998329,0.999999999999872,0.499999999999937
1139,123.900000,66.950000,1.000000,0.500000
1139,123.899999999997249,66.949999999998326,0.999999999999872,0.499999999999937
1140,124.000000,67.000000,1.000000,0.500000
1140,123.999999999997243,66.999999999998323,0.999999999999872,0.499999999999937
1141,124.100000,67.050000,1.000000,0.500000
1141,124.099999999997237,67.049999999998320,0.999999999999872,0.499999999999937
1142,124.200000,67.100000,1.000000,0.500000
1142,124.199999999997232,67.099999999998317,0.999999999999872,0.499999999999937
1143,124.300000,67.150000,1.000000,0.500000
1143,124.299999999997226,67.149999999998315,0.999999999999872,0.499999999999937
1144,124.400000,67.200000,1.000000,0.500000
1144,124.399999999997220,67.199999999998312,0.999999999999872,0.499999999999937
1145,124.500000,67.250000,1.000000,0.500000
1145,124.499999999997215,67.249999999998309,0.999999999999872,0.499999999999937
1146,124.600000,67.300000,1.000000,0.500000
1146,124.599999999997209,67.299999999998306,0.999999999999872,0.499999999999937
1147,124.700000,67.350000,1.000000,0.500000
1147,124.699999999997203,67.349999999998303,0.999999999999872,0.499999999999937
1148,124.800000,67.400000,1.000000,0.500000
1148,124.799999999997198,67.399999999998300,0.999999999999872,0.499999999999937
1149,124.900000,67.450000,1.000000,0.500000
1149,124.899999999997192,67.449999999998298,0.999999999999872,0.499999999999937
1150,125.000000,67.500000,1.000000,0.500000
1150,124.999999999997186,67.499999999998295,0.999999999999872,0.499999999999937
1151,125.100000,67.550000,1.000000,0.500000
1151,125.099999999997181,67.549999999998292,0.999999999999872,0.499999999999937
1152,125.200000,67.600000,1.000000,0.500000
1152,125.199999999997175,67.599999999998289,0.999999999999872,0.499999999999937
1153,125.300000,67.650000,1.000000,0.500000
1153,125.299999999997169,67.649999999998286,0.999999999999872,0.499999999999937
1154,125.400000,67.700000,1.000000,0.500000
1154,125.399999999997164,67.699999999998283,0.999999999999872,0.499999999999937
1155,125.500000,67.750000,1.000000,0.500000
1155,125.499999999997158,67.749999999998280,0.999999999999872,0.499999999999937
1156,125.600000,67.800000,1.000000,0.500000
1156,125.599999999997152,67.799999999998278,0.999999999999872,0.499999999999937
1157,125.700000,67.850000,1.000000,0.500000
1157,125.699999999997146,67.849999999998275,0.999999999999872,0.499999999999937
1158,125.800000,67.900000,1.000000,0.500000
1158,125.799999999997141,67.899999999998272,0.999999999999872,0.499999999999937
1159,125.900000,67.950000,1.000000,0.500000
1159,125.899999999997135,67.949999999998269,0.999999999999872,0.499999999999937
1160,126.000000,68.000000,1.000000,0.500000
1160,125.999999999997129,67.999999999998266,0.999999999999872,0.499999999999937
1161,126.100000,68.050000,1.000000,0.500000
1161,126.099999999997124,68.049999999998263,0.999999999999872,0.499999999999937
1162,126.200000,68.100000,1.000000,0.500000
1162,126.199999999997118,68.099999999998261,0.999999999999872,0.499999999999937
1163,126.300000,68.150000,1.000000,0.500000
1163,126.299999999997112,68.149999999998258,0.999999999999872,0.499999999999937
1164,126.400000,68.200000,1.000000,0.500000
1164,126.399999999997107,68.199999999998255,0.999999999999872,0.499999999999937
1165,126.500000,68.250000,1.000000,0.500000
1165,126.499999999997101,68.249999999998252,0.999999999999872,0.499999999999937
1166,126.600000,68.300000,1.000000,0.500000
1166,126.599999999997095,68.299999999998249,0.999999999999872,0.499999999999937
1167,126.700000,68.350000,1.000000,0.500000
1167,126.699999999997090,68.349999999998246,0.999999999999872,0.499999999999937
1168,126.800000,68.400000,1.000000,0.500000
1168,126.799999999997084,68.399999999998244,0.999999999999872,0.499999999999937
1169,126.900000,68.450000,1.000000,0.500000
1169,126.899999999997078,68.449999999998241,0.999999999999872,0.499999999999937
1170,127.000000,68.500000,1.000000,0.500000
1170,126.999999999997073,68.499999999998238,0.999999999999872,0.499999999999937
1171,127.100000,68.550000,1.000000,0.500000
1171,127.099999999997067,68.549999999998235,0.999999999999872,0.499999999999937
1172,127.200000,68.600000,1.000000,0.500000
1172,127.199999999997061,68.599999999998232,0.999999999999872,0.499999999999937
1173,127.300000,68.650000,1.000000,0.500000
1173,127.299999999997056,68.649999999998229,0.999999999999872,0.499999999999937
1174,127.400000,68.700000,1.000000,0.500000
1174,127.399999999997050,68.699999999998226,0.999999999999872,0.499999999999937
1175,127.500000,68.750000,1.000000,0.500000
1175,127.499999999997044,68.749999999998224,0.999999999999872,0.499999999999937
1176,127.600000,68.800000,1.000000,0.500000
1176,127.599999999997038,68.799999999998221,0.999999999999872,0.499999999999937
1177,127.700000,68.850000,1.000000,0.500000
1177,127.699999999997033,68.849999999998218,0.999999999999872,0.499999999999937
1178,127.800000,68.900000,1.000000,0.500000
1178,127.799999999997027,68.899999999998215,0.999999999999872,0.499999999999937
1179,127.900000,68.950000,1.000000,0.500000
1179,127.899999999997021,68.949999999998212,0.999999999999872,0.499999999999937
1180,128.000000,69.000000,1.000000,0.500000
1180,127.999999999997016,68.999999999998209,0.999999999999872,0.499999999999937
1181,128.100000,69.050000,1.000000,0.500000
1181,128.099999999997010,69.049999999998207,0.999999999999872,0.499999999999937
1182,128.200000,69.100000,1.000000,0.500000
1182,128.199999999997004,69.099999999998204,0.999999999999872,0.499999999999937
1183,128.300000,69.150000,1.000000,0.500000
1183,128.299999999996999,69.149999999998201,0.999999999999872,0.499999999999937
1184,128.400000,69.200000,1.000000,0.500000
1184,128.399999999996993,69.199999999998198,0.999999999999872,0.499999999999937
1185,128.500000,69.250000,1.000000,0.500000
1185,128.499999999996987,69.249999999998195,0.999999999999872,0.499999999999937
1186,128.600000,69.300000,1.000000,0.500000
1186,128.599999999996982,69.299999999998192,0.999999999999872,0.499999999999937
1187,128.700000,69.350000,1.000000,0.500000
1187,128.699999999996976,69.349999999998190,0.999999999999872,0.499999999999937
1188,128.800000,69.400000,1.000000,0.500000
1188,128.799999999996970,69.399999999998187,0.999999999999872,0.499999999999937
1189,128.900000,69.450000,1.000000,0.500000
1189,128.899999999996965,69.449999999998184,0.999999999999872,0.499999999999937
1190,129.000000,69.500000,1.000000,0.500000
1190,128.999999999996959,69.499999999998181,0.999999999999872,0.499999999999937
1191,129.100000,69.550000,1.000000,0.500000
1191,129.099999999996953,69.549999999998178,0.999999999999872,0.499999999999937
1192,129.200000,69.600000,1.000000,0.500000
1192,129.199999999996948,69.599999999998175,0.999999999999872,0.499999999999937
1193,129.300000,69.650000,1.000000,0.500000
1193,129.299999999996942,69.649999999998172,0.999999999999872,0.499999999999937
1194,129.400000,69.700000,1.000000,0.500000
1194,129.399999999996936,69.699999999998170,0.999999999999872,0.499999999999937
1195,129.500000,69.750000,1.000000,0.500000
1195,129.499999999996930,69.749999999998167,0.999999999999872,0.499999999999937
1196,129.600000,69.800000,1.000000,0.500000
1196,129.599999999996925,69.799999999998164,0.999999999999872,0.499999999999937
1197,129.700000,69.850000,1.000000,0.500000
1197,129.699999999996919,69.849999999998161,0.999999999999872,0.499999999999937
1198,129.800000,69.900000,1.000000,0.500000
1198,129.799999999996913,69.899999999998158,0.999999999999872,0.499999999999937
1199,129.900000,69.950000,1.000000,0.500000
1199,129.899999999996908,69.949999999998155,0.999999999999872,0.499999999999937
1200,130.000000,70.000000,1.000000,0.500000
1200,129.999999999996902,69.999999999998153,0.999999999999872,0.499999999999937
1201,130.100000,70.050000,1.000000,0.500000
1201,130.099999999996896,70.049999999998150,0.999999999999872,0.499999999999937
1202,130.200000,70.100000,1.000000,0.500000
1202,130.199999999996891,70.099999999998147,0.999999999999872,0.499999999999937
1203,130.300000,70.150000,1.000000,0.500000
1203,130.299999999996885,70.149999999998144,0.999999999999872,0.499999999999937
1204,130.400000,70.200000,1.000000,0.500000
1204,130.399999999996879,70.199999999998141,0.999999999999872,0.499999999999937
1205,130.500000,70.250000,1.000000,0.500000
1205,130.499999999996874,70.249999999998138,0.999999999999872,0.499999999999937
1206,130.600000,70.300000,1.000000,0.500000
1206,130.599999999996868,70.299999999998136,0.999999999999872,0.499999999999937
1207,130.700000,70.350000,1.000000,0.500000
1207,130.699999999996862,70.349999999998133,0.999999999999872,0.499999999999937
1208,130.800000,70.400000,1.000000,0.500000
1208,130.799999999996857,70.399999999998130,0.999999999999872,0.499999999999937
1209,130.900000,70.450000,1.000000,0.500000
1209,130.899999999996851,70.449999999998127,0.999999999999872,0.499999999999937
1210,131.000000,70.500000,1.000000,0.500000
1210,130.999999999996845,70.499999999998124,0.999999999999872,0.499999999999937
1211,131.100000,70.550000,1.000000,0.500000
1211,131.099999999996840,70.549999999998121,0.999999999999872,0.499999999999937
1212,131.200000,70.600000,1.000000,0.500000
1212,131.199999999996834,70.599999999998118,0.999999999999872,0.499999999999937
1213,131.300000,70.650000,1.000000,0.500000
1213,131.299999999996828,70.649999999998116,0.999999999999872,0.499999999999937
1214,131.400000,70.700000,1.000000,0.500000
1214,131.399999999996822,70.699999999998113,0.999999999999872,0.499999999999937
1215,131.500000,70.750000,1.000000,0.500000
1215,131.499999999996817,70.749999999998110,0.999999999999872,0.499999999999937
1216,131.600000,70.800000,1.000000,0.500000
1216,131.599999999996811,70.799999999998107,0.999999999999872,0.499999999999937
1217,131.700000,70.850000,1.000000,0.500000
1217,131.699999999996805,70.849999999998104,0.999999999999872,0.499999999999937
1218,131.800000,70.900000,1.000000,0.500000
1218,131.799999999996800,70.899999999998101,0.999999999999872,0.499999999999937
1219,131.900000,70.950000,1.000000,0.500000
1219,131.899999999996794,70.949999999998099,0.999999999999872,0.499999999999937
1220,132.000000,71.000000,1.000000,0.500000
1220,131.999999999996788,70.999999999998096,0.999999999999872,0.499999999999937
1221,132.100000,71.050000,1.000000,0.500000
1221,132.099999999996783,71.049999999998093,0.999999999999872,0.499999999999937
1222,132.200000,71.100000,1.000000,0.500000
1222,132.199999999996777,71.099999999998090,0.999999999999872,0.499999999999937
1223,132.300000,71.150000,1.000000,0.500000
1223,132.299999999996771,71.149999999998087,0.999999999999872,0.499999999999937
1224,132.400000,71.200000,1.000000,0.500000
1224,132.399999999996766,71.199999999998084,0.999999999999872,0.499999999999937
1225,132.500000,71.250000,1.000000,0.500000
1225,132.499999999996760,71.249999999998082,0.999999999999872,0.499999999999937
1226,132.600000,71.300000,1.000000,0.500000
1226,132.599999999996754,71.299999999998079,0.999999999999872,0.499999999999937
1227,132.700000,71.350000,1.000000,0.500000
1227,132.699999999996749,71.349999999998076,0.999999999999872,0.499999999999937
1228,132.800000,71.400000,1.000000,0.500000
1228,132.799999999996743,71.399999999998073,0.999999999999872,0.499999999999937
1229,132.900000,71.450000,1.000000,0.500000
1229,132.899999999996737,71.449999999998070,0.999999999999872,0.499999999999937
1230,133.000000,71.500000,1.000000,0.500000
1230,132.999999999996732,71.499999999998067,0.999999999999872,0.499999999999937
1231,133.100000,71.550000,1.000000,0.500000
1231,133.099999999996726,71.549999999998064,0.999999999999872,0.499999999999937
1232,133.200000,71.600000,1.000000,0.500000
1232,133.199999999996720,71.599999999998062,0.999999999999872,0.499999999999937
1233,133.300000,71.650000,1.000000,0.500000
1233,133.299999999996714,71.649999999998059,0.999999999999872,0.499999999999937
1234,133.400000,71.700000,1.000000,0.500000
1234,133.399999999996709,71.699999999998056,0.999999999999872,0.499999999999937
1235,133.500000,71.750000,1.000000,0.500000
1235,133.499999999996703,71.749999999998053,0.999999999999872,0.499999999999937
1236,133.600000,71.800000,1.000000,0.500000
1236,133.599999999996697,71.799999999998050,0.999999999999872,0.499999999999937
1237,133.700000,71.850000,1.000000,0.500000
1237,133.699999999996692,71.849999999998047,0.999999999999872,0.499999999999937
1238,133.800000,71.900000,1.000000,0.500000
1238,133.799999999996686,71.899999999998045,0.999999999999872,0.499999999999937
1239,133.900000,71.950000,1.000000,0.500000
1239,133.899999999996680,71.949999999998042,0.999999999999872,0.499999999999937
1240,134.000000,72.000000,1.000000,0.500000
1240,133.999999999996675,71.999999999998039,0.999999999999872,0.499999999999937
1241,134.100000,72.050000,1.000000,0.500000
1241,134.099999999996669,72.049999999998036,0.999999999999872,0.499999999999937
1242,134.200000,72.100000,1.000000,0.500000
1242,134.199999999996663,72.099999999998033,0.999999999999872,0.499999999999937
1243,134.300000,72.150000,1.000000,0.500000
1243,134.299999999996658,72.149999999998030,0.999999999999872,0.499999999999937
1244,134.400000,72.200000,1.000000,0.500000
1244,134.399999999996652,72.199999999998028,0.999999999999872,0.499999999999937
1245,134.500000,72.250000,1.000000,0.500000
1245,134.499999999996646,72.249999999998025,0.999999999999872,0.499999999999937
1246,134.600000,72.300000,1.000000,0.500000
1246,134.599999999996641,72.299999999998022,0.999999999999872,0.499999999999937
1247,134.700000,72.350000,1.000000,0.500000
1247,134.699999999996635,72.349999999998019,0.999999999999872,0.499999999999937
1248,134.800000,72.400000,1.000000,0.500000
1248,134.799999999996629,72.399999999998016,0.999999999999872,0.499999999999937
1249,134.900000,72.450000,1.000000,0.500000
1249,134.899999999996624,72.449999999998013,0.999999999999872,0.499999999999937
1250,135.000000,72.500000,1.000000,0.500000
1250,134.999999999996618,72.499999999998010,0.999999999999872,0.499999999999937
1251,135.100000,72.550000,1.000000,0.500000
1251,135.099999999996612,72.549999999998008,0.999999999999872,0.499999999999937
1252,135.200000,72.600000,1.000000,0.500000
1252,135.199999999996606,72.599999999998005,0.999999999999872,0.499999999999937
1253,135.300000,72.650000,1.000000,0.500000
1253,135.299999999996601,72.649999999998002,0.999999999999872,0.499999999999937
1254,135.400000,72.700000,1.000000,0.500000
1254,135.399999999996595,72.699999999997999,0.999999999999872,0.499999999999937
1255,135.500000,72.750000,1.000000,0.500000
1255,135.499999999996589,72.749999999997996,0.999999999999872,0.499999999999937
1256,135.600000,72.800000,1.000000,0.500000
1256,135.599999999996584,72.799999999997993,0.999999999999872,0.499999999999937
1257,135.700000,72.850000,1.000000,0.500000
1257,135.699999999996578,72.849999999997991,0.999999999999872,0.499999999999937
1258,135.800000,72.900000,1.000000,0.500000
1258,135.799999999996572,72.899999999997988,0.999999999999872,0.499999999999937
1259,135.900000,72.950000,1.000000,0.500000
1259,135.899999999996567,72.949999999997985,0.999999999999872,0.499999999999937
1260,136.000000,73.000000,1.000000,0.500000
1260,135.999999999996561,72.999999999997982,0.999999999999872,0.499999999999937
1261,136.100000,73.050000,1.000000,0.500000
1261,136.099999999996555,73.049999999997979,0.999999999999872,0.499999999999937
1262,136.200000,73.100000,1.000000,0.500000
1262,136.199999999996550,73.099999999997976,0.999999999999872,0.499999999999937
1263,136.300000,73.150000,1.000000,0.500000
1263,136.299999999996544,73.149999999997974,0.999999999999872,0.499999999999937
1264,136.400000,73.200000,1.000000,0.500000
1264,136.399999999996538,73.199999999997971,0.999999999999872,0.499999999999937
1265,136.500000,73.250000,1.000000,0.500000
1265,136.499999999996533,73.249999999997968,0.999999999999872,0.499999999999937
1266,136.600000,73.300000,1.000000,0.500000
1266,136.599999999996527,73.299999999997965,0.999999999999872,0.499999999999937
1267,136.700000,73.350000,1.000000,0.500000
1267,136.699999999996521,73.349999999997962,0.999999999999872,0.499999999999937
1268,136.800000,73.400000,1.000000,0.500000
1268,136.799999999996515,73.399999999997959,0.999999999999872,0.499999999999937
1269,136.900000,73.450000,1.000000,0.500000
1269,136.899999999996510,73.449999999997956,0.999999999999872,0.499999999999937
1270,137.000000,73.500000,1.000000,0.500000
1270,136.999999999996504,73.499999999997954,0.999999999999872,0.499999999999937
1271,137.100000,73.550000,1.000000,0.500000
1271,137.099999999996498,73.549999999997951,0.999999999999872,0.499999999999937
1272,137.200000,73.600000,1.000000,0.500000
1272,137.199999999996493,73.599999999997948,0.999999999999872,0.499999999999937
1273,137.300000,73.650000,1.000000,0.500000
1273,137.299999999996487,73.649999999997945,0.999999999999872,0.499999999999937
1274,137.400000,73.700000,1.000000,0.500000
1274,137.399999999996481,73.699999999997942,0.999999999999872,0.499999999999937
1275,137.500000,73.750000,1.000000,0.500000
1275,137.499999999996476,73.749999999997939,0.999999999999872,0.499999999999937
1276,137.600000,73.800000,1.000000,0.500000
1276,137.599999999996470,73.799999999997937,0.999999999999872,0.499999999999937
1277,137.700000,73.850000,1.000000,0.500000
1277,137.699999999996464,73.849999999997934,0.999999999999872,0.499999999999937
1278,137.800000,73.900000,1.000000,0.500000
1278,137.799999999996459,73.899999999997931,0.999999999999872,0.499999999999937
1279,137.900000,73.950000,1.000000,0.500000
1279,137.899999999996453,73.949999999997928,0.999999999999872,0.499999999999937
1280,138.000000,74.000000,1.000000,0.500000
1280,137.999999999996447,73.999999999997925,0.999999999999872,0.499999999999937
1281,138.100000,74.050000,1.000000,0.500000
1281,138.099999999996442,74.049999999997922,0.999999999999872,0.499999999999937
1282,138.200000,74.100000,1.000000,0.500000
1282,138.199999999996436,74.099999999997920,0.999999999999872,0.499999999999937
1283,138.300000,74.150000,1.000000,0.500000
1283,138.299999999996430,74.149999999997917,0.999999999999872,0.499999999999937
1284,138.400000,74.200000,1.000000,0.500000
1284,138.399999999996425,74.199999999997914,0.999999999999872,0.499999999999937
1285,138.500000,74.250000,1.000000,0.500000
1285,138.499999999996419,74.249999999997911,0.999999999999872,0.499999999999937
1286,138.600000,74.300000,1.000000,0.500000
1286,138.599999999996413,74.299999999997908,0.999999999999872,0.499999999999937
1287,138.700000,74.350000,1.000000,0.500000
1287,138.699999999996407,74.349999999997905,0.999999999999872,0.499999999999937
1288,138.800000,74.400000,1.000000,0.500000
1288,138.799999999996402,74.399999999997902,0.999999999999872,0.499999999999937
1289,138.900000,74.450000,1.000000,0.500000
1289,138.899999999996396,74.449999999997900,0.999999999999872,0.499999999999937
1290,139.000000,74.500000,1.000000,0.500000
1290,138.999999999996390,74.499999999997897,0.999999999999872,0.499999999999937
1291,139.100000,74.550000,1.000000,0.500000
1291,139.099999999996385,74.549999999997894,0.999999999999872,0.499999999999937
1292,139.200000,74.600000,1.000000,0.500000
1292,139.199999999996379,74.599999999997891,0.999999999999872,0.499999999999937
1293,139.300000,74.650000,1.000000,0.500000
1293,139.299999999996373,74.649999999997888,0.999999999999872,0.499999999999937
1294,139.400000,74.700000,1.000000,0.500000
1294,139.399999999996368,74.699999999997885,0.999999999999872,0.499999999999937
1295,139.500000,74.750000,1.000000,0.500000
1295,139.499999999996362,74.749999999997883,0.999999999999872,0.499999999999937
1296,139.600000,74.800000,1.000000,0.500000
1296,139.599999999996356,74.799999999997880,0.999999999999872,0.499999999999937
1297,139.700000,74.850000,1.000000,0.500000
1297,139.699999999996351,74.849999999997877,0.999999999999872,0.499999999999937
1298,139.800000,74.900000,1.000000,0.500000
1298,139.799999999996345,74.899999999997874,0.999999999999872,0.499999999999937
1299,139.900000,74.950000,1.000000,0.500000
1299,139.899999999996339,74.949999999997871,0.999999999999872,0.499999999999937
1300,140.000000,75.000000,1.000000,0.500000
1300,139.999999999996334,74.999999999997868,0.999999999999872,0.499999999999937
1301,140.100000,75.050000,1.000000,0.500000
1301,140.099999999996328,75.049999999997866,0.999999999999872,0.499999999999937
1302,140.200000,75.100000,1.000000,0.500000
1302,140.199999999996322,75.099999999997863,0.999999999999872,0.499999999999937
1303,140.300000,75.150000,1.000000,0.500000
1303,140.299999999996317,75.149999999997860,0.999999999999872,0.499999999999937
1304,140.400000,75.200000,1.000000,0.500000
1304,140.399999999996311,75.199999999997857,0.999999999999872,0.499999999999937
1305,140.500000,75.250000,1.000000,0.500000
1305,140.499999999996305,75.249999999997854,0.999999999999872,0.499999999999937
1306,140.600000,75.300000,1.000000,0.500000
1306,140.599999999996299,75.299999999997851,0.999999999999872,0.499999999999937
1307,140.700000,75.350000,1.000000,0.500000
1307,140.699999999996294,75.349999999997848,0.999999999999872,0.499999999999937
1308,140.800000,75.400000,1.000000,0.500000
1308,140.799999999996288,75.399999999997846,0.999999999999872,0.499999999999937
1309,140.900000,75.450000,1.000000,0.500000
1309,140.899999999996282,75.449999999997843,0.999999999999872,0.499999999999937
1310,141.000000,75.500000,1.000000,0.500000
1310,140.999999999996277,75.499999999997840,0.999999999999872,0.499999999999937
1311,141.100000,75.550000,1.000000,0.500000
1311,141.099999999996271,75.549999999997837,0.999999999999872,0.499999999999937
1312,141.200000,75.600000,1.000000,0.500000
1312,141.199999999996265,75.599999999997834,0.999999999999872,0.499999999999937
1313,141.300000,75.650000,1.000000,0.500000
1313,141.299999999996260,75.649999999997831,0.999999999999872,0.499999999999937
1314,141.400000,75.700000,1.000000,0.500000
1314,141.399999999996254,75.699999999997829,0.999999999999872,0.499999999999937
1315,141.500000,75.750000,1.000000,0.500000
1315,141.499999999996248,75.749999999997826,0.999999999999872,0.499999999999937
1316,141.600000,75.800000,1.000000,0.500000
1316,141.599999999996243,75.799999999997823,0.999999999999872,0.499999999999937
1317,141.700000,75.850000,1.000000,0.500000
1317,141.699999999996237,75.849999999997820,0.999999999999872,0.499999999999937
1318,141.800000,75.900000,1.000000,0.500000
1318,141.799999999996231,75.899999999997817,0.999999999999872,0.499999999999937
1319,141.900000,75.950000,1.000000,0.500000
1319,141.899999999996226,75.949999999997814,0.999999999999872,0.499999999999937
1320,142.000000,76.000000,1.000000,0.500000
1320,141.999999999996220,75.999999999997812,0.999999999999872,0.499999999999937
1321,142.100000,76.050000,1.000000,0.500000
1321,142.099999999996214,76.049999999997809,0.999999999999872,0.499999999999937
1322,142.200000,76.100000,1.000000,0.500000
1322,142.199999999996209,76.099999999997806,0.999999999999872,0.499999999999937
1323,142.300000,76.150000,1.000000,0.500000
1323,142.299999999996203,76.149999999997803,0.999999999999872,0.499999999999937
1324,142.400000,76.200000,1.000000,0.500000
1324,142.399999999996197,76.199999999997800,0.999999999999872,0.499999999999937
1325,142.500000,76.250000,1.000000,0.500000
1325,142.499999999996191,76.249999999997797,0.999999999999872,0.499999999999937
1326,142.600000,76.300000,1.000000,0.500000
1326,142.599999999996186,76.299999999997794,0.999999999999872,0.499999999999937
1327,142.700000,76.350000,1.000000,0.500000
1327,142.699999999996180,76.349999999997792,0.999999999999872,0.499999999999937
1328,142.800000,76.400000,1.000000,0.500000
1328,142.799999999996174,76.399999999997789,0.999999999999872,0.499999999999937
1329,142.900000,76.450000,1.000000,0.500000
1329,142.899999999996169,76.449999999997786,0.999999999999872,0.499999999999937
1330,143.000000,76.500000,1.000000,0.500000
1330,142.999999999996163,76.499999999997783,0.999999999999872,0.499999999999937
1331,143.100000,76.550000,1.000000,0.500000
1331,143.099999999996157,76.549999999997780,0.999999999999872,0.499999999999937
1332,143.200000,76.600000,1.000000,0.500000
1332,143.199999999996152,76.599999999997777,0.999999999999872,0.499999999999937
1333,143.300000,76.650000,1.000000,0.500000
1333,143.299999999996146,76.649999999997775,0.999999999999872,0.499999999999937
1334,143.400000,76.700000,1.000000,0.500000
1334,143.399999999996140,76.699999999997772,0.999999999999872,0.499999999999937
1335,143.500000,76.750000,1.000000,0.500000
1335,143.499999999996135,76.749999999997769,0.999999999999872,0.499999999999937
1336,143.600000,76.800000,1.000000,0.500000
1336,143.599999999996129,76.799999999997766,0.999999999999872,0.499999999999937
1337,143.700000,76.850000,1.000000,0.500000
1337,143.699999999996123,76.849999999997763,0.999999999999872,0.499999999999937
1338,143.800000,76.900000,1.000000,0.500000
1338,143.799999999996118,76.899999999997760,0.999999999999872,0.499999999999937
1339,143.900000,76.950000,1.000000,0.500000
1339,143.899999999996112,76.949999999997758,0.999999999999872,0.499999999999937
1340,144.000000,77.000000,1.000000,0.500000
1340,143.999999999996106,76.999999999997755,0.999999999999872,0.499999999999937
1341,144.100000,77.050000,1.000000,0.500000
1341,144.099999999996101,77.049999999997752,0.999999999999872,0.499999999999937
1342,144.200000,77.100000,1.000000,0.500000
1342,144.199999999996095,77.099999999997749,0.999999999999872,0.499999999999937
1343,144.300000,77.150000,1.000000,0.500000
1343,144.299999999996089,77.149999999997746,0.999999999999872,0.499999999999937
1344,144.400000,77.200000,1.000000,0.500000
1344,144.399999999996083,77.199999999997743,0.999999999999872,0.499999999999937
1345,144.500000,77.250000,1.000000,0.500000
1345,144.499999999996078,77.249999999997740,0.999999999999872,0.499999999999937
1346,144.600000,77.300000,1.000000,0.500000
1346,144.599999999996072,77.299999999997738,0.999999999999872,0.499999999999937
1347,144.700000,77.350000,1.000000,0.500000
1347,144.699999999996066,77.349999999997735,0.999999999999872,0.499999999999937
1348,144.800000,77.400000,1.000000,0.500000
1348,144.799999999996061,77.399999999997732,0.999999999999872,0.499999999999937
1349,144.900000,77.450000,1.000000,0.500000
1349,144.899999999996055,77.449999999997729,0.999999999999872,0.499999999999937
1350,145.000000,77.500000,1.000000,0.500000
1350,144.999999999996049,77.499999999997726,0.999999999999872,0.499999999999937
1351,145.100000,77.550000,1.000000,0.500000
1351,145.099999999996044,77.549999999997723,0.999999999999872,0.499999999999937
1352,145.200000,77.600000,1.000000,0.500000
1352,145.199999999996038,77.599999999997721,0.999999999999872,0.499999999999937
1353,145.300000,77.650000,1.000000,0.500000
1353,145.299999999996032,77.649999999997718,0.999999999999872,0.499999999999937
1354,145.400000,77.700000,1.000000,0.500000
1354,145.399999999996027,77.699999999997715,0.999999999999872,0.499999999999937
1355,145.500000,77.750000,1.000000,0.500000
1355,145.499999999996021,77.749999999997712,0.999999999999872,0.499999999999937
1356,145.600000,77.800000,1.000000,0.500000
1356,145.599999999996015,77.799999999997709,0.999999999999872,0.499999999999937
1357,145.700000,77.850000,1.000000,0.500000
1357,145.699999999996010,77.849999999997706,0.999999999999872,0.499999999999937
1358,145.800000,77.900000,1.000000,0.500000
1358,145.799999999996004,77.899999999997704,0.999999999999872,0.499999999999937
1359,145.900000,77.950000,1.000000,0.500000
1359,145.899999999995998,77.949999999997701,0.999999999999872,0.499999999999937
1360,146.000000,78.000000,1.000000,0.500000
1360,145.999999999995993,77.999999999997698,0.999999999999872,0.499999999999937
1361,146.100000,78.050000,1.000000,0.500000
1361,146.099999999995987,78.049999999997695,0.999999999999872,0.499999999999937
1362,146.200000,78.100000,1.000000,0.500000
1362,146.199999999995981,78.099999999997692,0.999999999999872,0.499999999999937
1363,146.300000,78.150000,1.000000,0.500000
1363,146.299999999995975,78.149999999997689,0.999999999999872,0.499999999999937
1364,146.400000,78.200000,1.000000,0.500000
1364,146.399999999995970,78.199999999997686,0.999999999999872,0.499999999999937
1365,146.500000,78.250000,1.000000,0.500000
1365,146.499999999995964,78.249999999997684,0.999999999999872,0.499999999999937
1366,146.600000,78.300000,1.000000,0.500000
1366,146.599999999995958,78.299999999997681,0.999999999999872,0.499999999999937
1367,146.700000,78.350000,1.000000,0.500000
1367,146.699999999995953,78.349999999997678,0.999999999999872,0.499999999999937
1368,146.800000,78.400000,1.000000,0.500000
1368,146.799999999995947,78.399999999997675,0.999999999999872,0.499999999999937
1369,146.900000,78.450000,1.000000,0.500000
1369,146.899999999995941,78.449999999997672,0.999999999999872,0.499999999999937
1370,147.000000,78.500000,1.000000,0.500000
1370,146.999999999995936,78.499999999997669,0.999999999999872,0.499999999999937
1371,147.100000,78.550000,1.000000,0.500000
1371,147.099999999995930,78.549999999997667,0.999999999999872,0.499999999999937
1372,147.200000,78.600000,1.000000,0.500000
1372,147.199999999995924,78.599999999997664,0.999999999999872,0.499999999999937
1373,147.300000,78.650000,1.000000,0.500000
1373,147.299999999995919,78.649999999997661,0.999999999999872,0.499999999999937
1374,147.400000,78.700000,1.000000,0.500000
1374,147.399999999995913,78.699999999997658,0.999999999999872,0.499999999999937
1375,147.500000,78.750000,1.000000,0.500000
1375,147.499999999995907,78.749999999997655,0.999999999999872,0.499999999999937
1376,147.600000,78.800000,1.000000,0.500000
1376,147.599999999995902,78.799999999997652,0.999999999999872,0.499999999999937
1377,147.700000,78.850000,1.000000,0.500000
1377,147.699999999995896,78.849999999997650,0.999999999999872,0.499999999999937
1378,147.800000,78.900000,1.000000,0.500000
1378,147.799999999995890,78.899999999997647,0.999999999999872,0.499999999999937
1379,147.900000,78.950000,1.000000,0.500000
1379,147.899999999995885,78.949999999997644,0.999999999999872,0.499999999999937
1380,148.000000,79.000000,1.000000,0.500000
1380,147.999999999995879,78.999999999997641,0.999999999999872,0.499999999999937
1381,148.100000,79.050000,1.000000,0.500000
1381,148.099999999995873,79.049999999997638,0.999999999999872,0.499999999999937
1382,148.200000,79.100000,1.000000,0.500000
1382,148.199999999995867,79.099999999997635,0.999999999999872,0.499999999999937
1383,148.300000,79.150000,1.000000,0.500000
1383,148.299999999995862,79.149999999997632,0.999999999999872,0.499999999999937
1384,148.400000,79.200000,1.000000,0.500000
1384,148.399999999995856,79.199999999997630,0.999999999999872,0.499999999999937
1385,148.500000,79.250000,1.000000,0.500000
1385,148.499999999995850,79.249999999997627,0.999999999999872,0.499999999999937
1386,148.600000,79.300000,1.000000,0.500000
1386,148.599999999995845,79.299999999997624,0.999999999999872,0.499999999999937
1387,148.700000,79.350000,1.000000,0.500000
1387,148.699999999995839,79.349999999997621,0.999999999999872,0.499999999999937
1388,148.800000,79.400000,1.000000,0.500000
1388,148.799999999995833,79.399999999997618,0.999999999999872,0.499999999999937
1389,148.900000,79.450000,1.000000,0.500000
1389,148.899999999995828,79.449999999997615,0.999999999999872,0.499999999999937
1390,149.000000,79.500000,1.000000,0.500000
1390,148.999999999995822,79.499999999997613,0.999999999999872,0.499999999999937
1391,149.100000,79.550000,1.000000,0.500000
1391,149.099999999995816,79.549999999997610,0.999999999999872,0.499999999999937
1392,149.200000,79.600000,1.000000,0.500000
1392,149.199999999995811,79.599999999997607,0.999999999999872,0.499999999999937
1393,149.300000,79.650000,1.000000,0.500000
1393,149.299999999995805,79.649999999997604,0.999999999999872,0.499999999999937
1394,149.400000,79.700000,1.000000,0.500000
1394,149.399999999995799,79.699999999997601,0.999999999999872,0.499999999999937
1395,149.500000,79.750000,1.000000,0.500000
1395,149.499999999995794,79.749999999997598,0.999999999999872,0.499999999999937
1396,149.600000,79.800000,1.000000,0.500000
1396,149.599999999995788,79.799999999997596,0.999999999999872,0.499999999999937
1397,149.700000,79.850000,1.000000,0.500000
1397,149.699999999995782,79.849999999997593,0.999999999999872,0.499999999999937
1398,149.800000,79.900000,1.000000,0.500000
1398,149.799999999995777,79.899999999997590,0.999999999999872,0.499999999999937
1399,149.900000,79.950000,1.000000,0.500000
1399,149.899999999995771,79.949999999997587,0.999999999999872,0.499999999999937
1400,150.000000,80.000000,1.000000,0.500000
1400,149.999999999995765,79.999999999997584,0.999999999999872,0.499999999999937
1401,150.100000,80.050000,1.000000,0.500000
1401,150.099999999995759,80.049999999997581,0.999999999999872,0.499999999999937
1402,150.200000,80.100000,1.000000,0.500000
1402,150.199999999995754,80.099999999997578,0.999999999999872,0.499999999999937
1403,150.300000,80.150000,1.000000,0.500000
1403,150.299999999995748,80.149999999997576,0.999999999999872,0.499999999999937
1404,150.400000,80.200000,1.000000,0.500000
1404,150.399999999995742,80.199999999997573,0.999999999999872,0.499999999999937
1405,150.500000,80.250000,1.000000,0.500000
1405,150.499999999995737,80.249999999997570,0.999999999999872,0.499999999999937
1406,150.600000,80.300000,1.000000,0.500000
1406,150.599999999995731,80.299999999997567,0.999999999999872,0.499999999999937
1407,150.700000,80.350000,1.000000,0.500000
1407,150.699999999995725,80.349999999997564,0.999999999999872,0.499999999999937
1408,150.800000,80.400000,1.000000,0.500000
1408,150.799999999995720,80.399999999997561,0.999999999999872,0.499999999999937
1409,150.900000,80.450000,1.000000,0.500000
1409,150.899999999995714,80.449999999997559,0.999999999999872,0.499999999999937
1410,151.000000,80.500000,1.000000,0.500000
1410,150.999999999995708,80.499999999997556,0.999999999999872,0.499999999999937
1411,151.100000,80.550000,1.000000,0.500000
1411,151.099999999995703,80.549999999997553,0.999999999999872,0.499999999999937
1412,151.200000,80.600000,1.000000,0.500000
1412,151.199999999995697,80.599999999997550,0.999999999999872,0.499999999999937
1413,151.300000,80.650000,1.000000,0.500000
1413,151.299999999995691,80.649999999997547,0.999999999999872,0.499999999999937
1414,151.400000,80.700000,1.000000,0.500000
1414,151.399999999995686,80.699999999997544,0.999999999999872,0.499999999999937
1415,151.500000,80.750000,1.000000,0.500000
1415,151.499999999995680,80.749999999997542,0.999999999999872,0.499999999999937
1416,151.600000,80.800000,1.000000,0.500000
1416,151.599999999995674,80.799999999997539,0.999999999999872,0.499999999999937
1417,151.700000,80.850000,1.000000,0.500000
1417,151.699999999995669,80.849999999997536,0.999999999999872,0.499999999999937
1418,151.800000,80.900000,1.000000,0.500000
1418,151.799999999995663,80.899999999997533,0.999999999999872,0.499999999999937
1419,151.900000,80.950000,1.000000,0.500000
1419,151.899999999995657,80.949999999997530,0.999999999999872,0.499999999999937
1420,152.000000,81.000000,1.000000,0.500000
1420,151.999999999995651,80.999999999997527,0.999999999999872,0.499999999999937
1421,152.100000,81.050000,1.000000,0.500000
1421,152.099999999995646,81.049999999997524,0.999999999999872,0.499999999999937
1422,152.200000,81.100000,1.000000,0.500000
1422,152.199999999995640,81.099999999997522,0.999999999999872,0.499999999999937
1423,152.300000,81.150000,1.000000,0.500000
1423,152.299999999995634,81.149999999997519,0.999999999999872,0.499999999999937
1424,152.400000,81.200000,1.000000,0.500000
1424,152.399999999995629,81.199999999997516,0.999999999999872,0.499999999999937
1425,152.500000,81.250000,1.000000,0.500000
1425,152.499999999995623,81.249999999997513,0.999999999999872,0.499999999999937
1426,152.600000,81.300000,1.000000,0.500000
1426,152.599999999995617,81.299999999997510,0.999999999999872,0.499999999999937
1427,152.700000,81.350000,1.000000,0.500000
1427,152.699999999995612,81.349999999997507,0.999999999999872,0.499999999999937
1428,152.800000,81.400000,1.000000,0.500000
1428,152.799999999995606,81.399999999997505,0.999999999999872,0.499999999999937
1429,152.900000,81.450000,1.000000,0.500000
1429,152.899999999995600,81.449999999997502,0.999999999999872,0.499999999999937
1430,153.000000,81.500000,1.000000,0.500000
1430,152.999999999995595,81.499999999997499,0.999999999999872,0.499999999999937
1431,153.100000,81.550000,1.000000,0.500000
1431,153.099999999995589,81.549999999997496,0.999999999999872,0.499999999999937
1432,153.200000,81.600000,1.000000,0.500000
1432,153.199999999995583,81.599999999997493,0.999999999999872,0.499999999999937
1433,153.300000,81.650000,1.000000,0.500000
1433,153.299999999995578,81.649999999997490,0.999999999999872,0.499999999999937
1434,153.400000,81.700000,1.000000,0.500000
1434,153.399999999995572,81.699999999997488,0.999999999999872,0.499999999999937
1435,153.500000,81.750000,1.000000,0.500000
1435,153.499999999995566,81.749999999997485,0.999999999999872,0.499999999999937
1436,153.600000,81.800000,1.000000,0.500000
1436,153.599999999995561,81.799999999997482,0.999999999999872,0.499999999999937
1437,153.700000,81.850000,1.000000,0.500000
1437,153.699999999995555,81.849999999997479,0.999999999999872,0.499999999999937
1438,153.800000,81.900000,1.000000,0.500000
1438,153.799999999995549,81.899999999997476,0.999999999999872,0.499999999999937
1439,153.900000,81.950000,1.000000,0.500000
1439,153.899999999995543,81.949999999997473,0.999999999999872,0.499999999999937
1440,154.000000,82.000000,1.000000,0.500000
1440,153.999999999995538,81.999999999997470,0.999999999999872,0.499999999999937
1441,154.100000,82.050000,1.000000,0.500000
1441,154.099999999995532,82.049999999997468,0.999999999999872,0.499999999999937
1442,154.200000,82.100000,1.000000,0.500000
1442,154.199999999995526,82.099999999997465,0.999999999999872,0.499999999999937
1443,154.300000,82.150000,1.000000,0.500000
1443,154.299999999995521,82.149999999997462,0.999999999999872,0.499999999999937
1444,154.400000,82.200000,1.000000,0.500000
1444,154.399999999995515,82.199999999997459,0.999999999999872,0.499999999999937
1445,154.500000,82.250000,1.000000,0.500000
1445,154.499999999995509,82.249999999997456,0.999999999999872,0.499999999999937
1446,154.600000,82.300000,1.000000,0.500000
1446,154.599999999995504,82.299999999997453,0.999999999999872,0.499999999999937
1447,154.700000,82.350000,1.000000,0.500000
1447,154.699999999995498,82.349999999997451,0.999999999999872,0.499999999999937
1448,154.800000,82.400000,1.000000,0.500000
1448,154.799999999995492,82.399999999997448,0.999999999999872,0.499999999999937
1449,154.900000,82.450000,1.000000,0.500000
1449,154.899999999995487,82.449999999997445,0.999999999999872,0.499999999999937
1450,155.000000,82.500000,1.000000,0.500000
1450,154.999999999995481,82.499999999997442,0.999999999999872,0.499999999999937
1451,155.100000,82.550000,1.000000,0.500000
1451,155.099999999995475,82.549999999997439,0.999999999999872,0.499999999999937
1452,155.200000,82.600000,1.000000,0.500000
1452,155.199999999995470,82.599999999997436,0.999999999999872,0.499999999999937
1453,155.300000,82.650000,1.000000,0.500000
1453,155.299999999995464,82.649999999997434,0.999999999999872,0.499999999999937
1454,155.400000,82.700000,1.000000,0.500000
1454,155.399999999995458,82.699999999997431,0.999999999999872,0.499999999999937
1455,155.500000,82.750000,1.000000,0.500000
1455,155.499999999995453,82.749999999997428,0.999999999999872,0.499999999999937
1456,155.600000,82.800000,1.000000,0.500000
1456,155.599999999995447,82.799999999997425,0.999999999999872,0.499999999999937
1457,155.700000,82.850000,1.000000,0.500000
1457,155.699999999995441,82.849999999997422,0.999999999999872,0.499999999999937
1458,155.800000,82.900000,1.000000,0.500000
1458,155.799999999995435,82.899999999997419,0.999999999999872,0.499999999999937
1459,155.900000,82.950000,1.000000,0.500000
1459,155.899999999995430,82.949999999997416,0.999999999999872,0.499999999999937
1460,156.000000,83.000000,1.000000,0.500000
1460,155.999999999995424,82.999999999997414,0.999999999999872,0.499999999999937
1461,156.100000,83.050000,1.000000,0.500000
1461,156.099999999995418,83.049999999997411,0.999999999999872,0.499999999999937
1462,156.200000,83.100000,1.000000,0.500000
1462,156.199999999995413,83.099999999997408,0.999999999999872,0.499999999999937
1463,156.300000,83.150000,1.000000,0.500000
1463,156.299999999995407,83.149999999997405,0.999999999999872,0.499999999999937
1464,156.400000,83.200000,1.000000,0.500000
1464,156.399999999995401,83.199999999997402,0.999999999999872,0.499999999999937
1465,156.500000,83.250000,1.000000,0.500000
1465,156.499999999995396,83.249999999997399,0.999999999999872,0.499999999999937
1466,156.600000,83.300000,1.000000,0.500000
1466,156.599999999995390,83.299999999997397,0.999999999999872,0.499999999999937
1467,156.700000,83.350000,1.000000,0.500000
1467,156.699999999995384,83.349999999997394,0.999999999999872,0.499999999999937
1468,156.800000,83.400000,1.000000,0.500000
1468,156.799999999995379,83.399999999997391,0.999999999999872,0.499999999999937
1469,156.900000,83.450000,1.000000,0.500000
1469,156.899999999995373,83.449999999997388,0.999999999999872,0.499999999999937
1470,157.000000,83.500000,1.000000,0.500000
1470,156.999999999995367,83.499999999997385,0.999999999999872,0.499999999999937
1471,157.100000,83.550000,1.000000,0.500000
1471,157.099999999995362,83.549999999997382,0.999999999999872,0.499999999999937
1472,157.200000,83.600000,1.000000,0.500000
1472,157.199999999995356,83.599999999997380,0.999999999999872,0.499999999999937
1473,157.300000,83.650000,1.000000,0.500000
1473,157.299999999995350,83.649999999997377,0.999999999999872,0.499999999999937
1474,157.400000,83.700000,1.000000,0.500000
1474,157.399999999995345,83.699999999997374,0.999999999999872,0.499999999999937
1475,157.500000,83.750000,1.000000,0.500000
1475,157.499999999995339,83.749999999997371,0.999999999999872,0.499999999999937
1476,157.600000,83.800000,1.000000,0.500000
1476,157.599999999995333,83.799999999997368,0.999999999999872,0.499999999999937
1477,157.700000,83.850000,1.000000,0.500000
1477,157.699999999995327,83.849999999997365,0.999999999999872,0.499999999999937
1478,157.800000,83.900000,1.000000,0.500000
1478,157.799999999995322,83.899999999997362,0.999999999999872,0.499999999999937
1479,157.900000,83.950000,1.000000,0.500000
1479,157.899999999995316,83.949999999997360,0.999999999999872,0.499999999999937
1480,158.000000,84.000000,1.000000,0.500000
1480,157.999999999995310,83.999999999997357,0.999999999999872,0.499999999999937
1481,158.100000,84.050000,1.000000,0.500000
1481,158.099999999995305,84.049999999997354,0.999999999999872,0.499999999999937
1482,158.200000,84.100000,1.000000,0.500000
1482,158.199999999995299,84.099999999997351,0.999999999999872,0.499999999999937
1483,158.300000,84.150000,1.000000,0.500000
1483,158.299999999995293,84.149999999997348,0.999999999999872,0.499999999999937
1484,158.400000,84.200000,1.000000,0.500000
1484,158.399999999995288,84.199999999997345,0.999999999999872,0.499999999999937
1485,158.500000,84.250000,1.000000,0.500000
1485,158.499999999995282,84.249999999997343,0.999999999999872,0.499999999999937
1486,158.600000,84.300000,1.000000,0.500000
1486,158.599999999995276,84.299999999997340,0.999999999999872,0.499999999999937
1487,158.700000,84.350000,1.000000,0.500000
1487,158.699999999995271,84.349999999997337,0.999999999999872,0.499999999999937
1488,158.800000,84.400000,1.000000,0.500000
1488,158.799999999995265,84.399999999997334,0.999999999999872,0.499999999999937
1489,158.900000,84.450000,1.000000,0.500000
1489,158.899999999995259,84.449999999997331,0.999999999999872,0.499999999999937
1490,159.000000,84.500000,1.000000,0.500000
1490,158.999999999995254,84.499999999997328,0.999999999999872,0.499999999999937
1491,159.100000,84.550000,1.000000,0.500000
1491,159.099999999995248,84.549999999997326,0.999999999999872,0.499999999999937
1492,159.200000,84.600000,1.000000,0.500000
1492,159.199999999995242,84.599999999997323,0.999999999999872,0.499999999999937
1493,159.300000,84.650000,1.000000,0.500000
1493,159.299999999995237,84.649999999997320,0.999999999999872,0.499999999999937
1494,159.400000,84.700000,1.000000,0.500000
1494,159.399999999995231,84.699999999997317,0.999999999999872,0.499999999999937
1495,159.500000,84.750000,1.000000,0.500000
1495,159.499999999995225,84.749999999997314,0.999999999999872,0.499999999999937
1496,159.600000,84.800000,1.000000,0.500000
1496,159.599999999995219,84.799999999997311,0.999999999999872,0.499999999999937
1497,159.700000,84.850000,1.000000,0.500000
1497,159.699999999995214,84.849999999997308,0.999999999999872,0.499999999999937
1498,159.800000,84.900000,1.000000,0.500000
1498,159.799999999995208,84.899999999997306,0.999999999999872,0.499999999999937
1499,159.900000,84.950000,1.000000,0.500000
1499,159.899999999995202,84.949999999997303,0.999999999999872,0.499999999999937
1500,160.000000,85.000000,1.000000,0.500000
1500,159.999999999995197,84.999999999997300,0.999999999999872,0.499999999999937
1501,160.100000,85.050000,1.000000,0.500000
1501,160.099999999995191,85.049999999997297,0.999999999999872,0.499999999999937
1502,160.200000,85.100000,1.000000,0.500000
1502,160.199999999995185,85.099999999997294,0.999999999999872,0.499999999999937
1503,160.300000,85.150000,1.000000,0.500000
1503,160.299999999995180,85.149999999997291,0.999999999999872,0.499999999999937
1504,160.400000,85.200000,1.000000,0.500000
1504,160.399999999995174,85.199999999997289,0.999999999999872,0.499999999999937
1505,160.500000,85.250000,1.000000,0.500000
1505,160.499999999995168,85.249999999997286,0.999999999999872,0.499999999999937
1506,160.600000,85.300000,1.000000,0.500000
1506,160.599999999995163,85.299999999997283,0.999999999999872,0.499999999999937
1507,160.700000,85.350000,1.000000,0.500000
1507,160.699999999995157,85.349999999997280,0.999999999999872,0.499999999999937
1508,160.800000,85.400000,1.000000,0.500000
1508,160.799999999995151,85.399999999997277,0.999999999999872,0.499999999999937
1509,160.900000,85.450000,1.000000,0.500000
1509,160.899999999995146,85.449999999997274,0.999999999999872,0.499999999999937
1510,161.000000,85.500000,1.000000,0.500000
1510,160.999999999995140,85.499999999997272,0.999999999999872,0.499999999999937
1511,161.100000,85.550000,1.000000,0.500000
1511,161.099999999995134,85.549999999997269,0.999999999999872,0.499999999999937
1512,161.200000,85.600000,1.000000,0.500000
1512,161.199999999995129,85.599999999997266,0.999999999999872,0.499999999999937
1513,161.300000,85.650000,1.000000,0.500000
1513,161.299999999995123,85.649999999997263,0.999999999999872,0.499999999999937
1514,161.400000,85.700000,1.000000,0.500000
1514,161.399999999995117,85.699999999997260,0.999999999999872,0.499999999999937
1515,161.500000,85.750000,1.000000,0.500000
1515,161.499999999995111,85.749999999997257,0.999999999999872,0.499999999999937
1516,161.600000,85.800000,1.000000,0.500000
1516,161.599999999995106,85.799999999997254,0.999999999999872,0.499999999999937
1517,161.700000,85.850000,1.000000,0.500000
1517,161.699999999995100,85.849999999997252,0.999999999999872,0.499999999999937
1518,161.800000,85.900000,1.000000,0.500000
1518,161.799999999995094,85.899999999997249,0.999999999999872,0.499999999999937
1519,161.900000,85.950000,1.000000,0.500000
1519,161.899999999995089,85.949999999997246,0.999999999999872,0.499999999999937
1520,162.000000,86.000000,1.000000,0.500000
1520,161.999999999995083,85.999999999997243,0.999999999999872,0.499999999999937
1521,162.100000,86.050000,1.000000,0.500000
1521,162.099999999995077,86.049999999997240,0.999999999999872,0.499999999999937
1522,162.200000,86.100000,1.000000,0.500000
1522,162.199999999995072,86.099999999997237,0.999999999999872,0.499999999999937
1523,162.300000,86.150000,1.000000,0.500000
1523,162.299999999995066,86.149999999997235,0.999999999999872,0.499999999999937
1524,162.400000,86.200000,1.000000,0.500000
1524,162.399999999995060,86.199999999997232,0.999999999999872,0.499999999999937
1525,162.500000,86.250000,1.000000,0.500000
1525,162.499999999995055,86.249999999997229,0.999999999999872,0.499999999999937
1526,162.600000,86.300000,1.000000,0.500000
1526,162.599999999995049,86.299999999997226,0.999999999999872,0.499999999999937
1527,162.700000,86.350000,1.000000,0.500000
1527,162.699999999995043,86.349999999997223,0.999999999999872,0.499999999999937
1528,162.800000,86.400000,1.000000,0.500000
1528,162.799999999995038,86.399999999997220,0.999999999999872,0.499999999999937
1529,162.900000,86.450000,1.000000,0.500000
1529,162.899999999995032,86.449999999997218,0.999999999999872,0.499999999999937
1530,163.000000,86.500000,1.000000,0.500000
1530,162.999999999995026,86.499999999997215,0.999999999999872,0.499999999999937
1531,163.100000,86.550000,1.000000,0.500000
1531,163.099999999995021,86.549999999997212,0.999999999999872,0.499999999999937
1532,163.200000,86.600000,1.000000,0.500000
1532,163.199999999995015,86.599999999997209,0.999999999999872,0.499999999999937
1533,163.300000,86.650000,1.000000,0.500000
1533,163.299999999995009,86.649999999997206,0.999999999999872,0.499999999999937
1534,163.400000,86.700000,1.000000,0.500000
1534,163.399999999995003,86.699999999997203,0.999999999999872,0.499999999999937
1535,163.500000,86.750000,1.000000,0.500000
1535,163.499999999994998,86.749999999997200,0.999999999999872,0.499999999999937
1536,163.600000,86.800000,1.000000,0.500000
1536,163.599999999994992,86.799999999997198,0.999999999999872,0.499999999999937
1537,163.700000,86.850000,1.000000,0.500000
1537,163.699999999994986,86.849999999997195,0.999999999999872,0.499999999999937
1538,163.800000,86.900000,1.000000,0.500000
1538,163.799999999994981,86.899999999997192,0.999999999999872,0.499999999999937
1539,163.900000,86.950000,1.000000,0.500000
1539,163.899999999994975,86.949999999997189,0.999999999999872,0.499999999999937
1540,164.000000,87.000000,1.000000,0.500000
1540,163.999999999994969,86.999999999997186,0.999999999999872,0.499999999999937
1541,164.100000,87.050000,1.000000,0.500000
1541,164.099999999994964,87.049999999997183,0.999999999999872,0.499999999999937
1542,164.200000,87.100000,1.000000,0.500000
1542,164.199999999994958,87.099999999997181,0.999999999999872,0.499999999999937
1543,164.300000,87.150000,1.000000,0.500000
1543,164.299999999994952,87.149999999997178,0.999999999999872,0.499999999999937
1544,164.400000,87.200000,1.000000,0.500000
1544,164.399999999994947,87.199999999997175,0.999999999999872,0.499999999999937
1545,164.500000,87.250000,1.000000,0.500000
1545,164.499999999994941,87.249999999997172,0.999999999999872,0.499999999999937
1546,164.600000,87.300000,1.000000,0.500000
1546,164.599999999994935,87.299999999997169,0.999999999999872,0.499999999999937
1547,164.700000,87.350000,1.000000,0.500000
1547,164.699999999994930,87.349999999997166,0.999999999999872,0.499999999999937
1548,164.800000,87.400000,1.000000,0.500000
1548,164.799999999994924,87.399999999997164,0.999999999999872,0.499999999999937
1549,164.900000,87.450000,1.000000,0.500000
1549,164.899999999994918,87.449999999997161,0.999999999999872,0.499999999999937
1550,165.000000,87.500000,1.000000,0.500000
1550,164.999999999994913,87.499999999997158,0.999999999999872,0.499999999999937
1551,165.100000,87.550000,1.000000,0.500000
1551,165.099999999994907,87.549999999997155,0.999999999999872,0.499999999999937
1552,165.200000,87.600000,1.000000,0.500000
1552,165.199999999994901,87.599999999997152,0.999999999999872,0.499999999999937
1553,165.300000,87.650000,1.000000,0.500000
1553,165.299999999994895,87.649999999997149,0.999999999999872,0.499999999999937
1554,165.400000,87.700000,1.000000,0.500000
1554,165.399999999994890,87.699999999997146,0.999999999999872,0.499999999999937
1555,165.500000,87.750000,1.000000,0.500000
1555,165.499999999994884,87.749999999997144,0.999999999999872,0.499999999999937
1556,165.600000,87.800000,1.000000,0.500000
1556,165.599999999994878,87.799999999997141,0.999999999999872,0.499999999999937
1557,165.700000,87.850000,1.000000,0.500000
1557,165.699999999994873,87.849999999997138,0.999999999999872,0.499999999999937
1558,165.800000,87.900000,1.000000,0.500000
1558,165.799999999994867,87.899999999997135,0.999999999999872,0.499999999999937
1559,165.900000,87.950000,1.000000,0.500000
1559,165.899999999994861,87.949999999997132,0.999999999999872,0.499999999999937
1560,166.000000,88.000000,1.000000,0.500000
1560,165.999999999994856,87.999999999997129,0.999999999999872,0.499999999999937
1561,166.100000,88.050000,1.000000,0.500000
1561,166.099999999994850,88.049999999997127,0.999999999999872,0.499999999999937
1562,166.200000,88.100000,1.000000,0.500000
1562,166.199999999994844,88.099999999997124,0.999999999999872,0.499999999999937
1563,166.300000,88.150000,1.000000,0.500000
1563,166.299999999994839,88.149999999997121,0.999999999999872,0.499999999999937
1564,166.400000,88.200000,1.000000,0.500000
1564,166.399999999994833,88.199999999997118,0.999999999999872,0.499999999999937
1565,166.500000,88.250000,1.000000,0.500000
1565,166.499999999994827,88.249999999997115,0.999999999999872,0.499999999999937
1566,166.600000,88.300000,1.000000,0.500000
1566,166.599999999994822,88.299999999997112,0.999999999999872,0.499999999999937
1567,166.700000,88.350000,1.000000,0.500000
1567,166.699999999994816,88.349999999997110,0.999999999999872,0.499999999999937
1568,166.800000,88.400000,1.000000,0.500000
1568,166.799999999994810,88.399999999997107,0.999999999999872,0.499999999999937
1569,166.900000,88.450000,1.000000,0.500000
1569,166.899999999994805,88.449999999997104,0.999999999999872,0.499999999999937
1570,167.000000,88.500000,1.000000,0.500000
1570,166.999999999994799,88.499999999997101,0.999999999999872,0.499999999999937
1571,167.100000,88.550000,1.000000,0.500000
1571,167.099999999994793,88.549999999997098,0.999999999999872,0.499999999999937
1572,167.200000,88.600000,1.000000,0.500000
1572,167.199999999994787,88.599999999997095,0.999999999999872,0.499999999999937
1573,167.300000,88.650000,1.000000,0.500000
1573,167.299999999994782,88.649999999997092,0.999999999999872,0.499999999999937
1574,167.400000,88.700000,1.000000,0.500000
1574,167.399999999994776,88.699999999997090,0.999999999999872,0.499999999999937
1575,167.500000,88.750000,1.000000,0.500000
1575,167.499999999994770,88.749999999997087,0.999999999999872,0.499999999999937
1576,167.600000,88.800000,1.000000,0.500000
1576,167.599999999994765,88.799999999997084,0.999999999999872,0.499999999999937
1577,167.700000,88.850000,1.000000,0.500000
1577,167.699999999994759,88.849999999997081,0.999999999999872,0.499999999999937
1578,167.800000,88.900000,1.000000,0.500000
1578,167.799999999994753,88.899999999997078,0.999999999999872,0.499999999999937
1579,167.900000,88.950000,1.000000,0.500000
1579,167.899999999994748,88.949999999997075,0.999999999999872,0.499999999999937
1580,168.000000,89.000000,1.000000,0.500000
1580,167.999999999994742,88.999999999997073,0.999999999999872,0.499999999999937
1581,168.100000,89.050000,1.000000,0.500000
1581,168.099999999994736,89.049999999997070,0.999999999999872,0.499999999999937
1582,168.200000,89.100000,1.000000,0.500000
1582,168.199999999994731,89.099999999997067,0.999999999999872,0.499999999999937
1583,168.300000,89.150000,1.000000,0.500000
1583,168.299999999994725,89.149999999997064,0.999999999999872,0.499999999999937
1584,168.400000,89.200000,1.000000,0.500000
1584,168.399999999994719,89.199999999997061,0.999999999999872,0.499999999999937
1585,168.500000,89.250000,1.000000,0.500000
1585,168.499999999994714,89.249999999997058,0.999999999999872,0.499999999999937
1586,168.600000,89.300000,1.000000,0.500000
1586,168.599999999994708,89.299999999997056,0.999999999999872,0.499999999999937
1587,168.700000,89.350000,1.000000,0.500000
1587,168.699999999994702,89.349999999997053,0.999999999999872,0.499999999999937
1588,168.800000,89.400000,1.000000,0.500000
1588,168.799999999994697,89.399999999997050,0.999999999999872,0.499999999999937
1589,168.900000,89.450000,1.000000,0.500000
1589,168.899999999994691,89.449999999997047,0.999999999999872,0.499999999999937
1590,169.000000,89.500000,1.000000,0.500000
1590,168.999999999994685,89.499999999997044,0.999999999999872,0.499999999999937
1591,169.100000,89.550000,1.000000,0.500000
1591,169.099999999994679,89.549999999997041,0.999999999999872,0.499999999999937
1592,169.200000,89.600000,1.000000,0.500000
1592,169.199999999994674,89.599999999997038,0.999999999999872,0.499999999999937
1593,169.300000,89.650000,1.000000,0.500000
1593,169.299999999994668,89.649999999997036,0.999999999999872,0.499999999999937
1594,169.400000,89.700000,1.000000,0.500000
1594,169.399999999994662,89.699999999997033,0.999999999999872,0.499999999999937
1595,169.500000,89.750000,1.000000,0.500000
1595,169.499999999994657,89.749999999997030,0.999999999999872,0.499999999999937
1596,169.600000,89.800000,1.000000,0.500000
1596,169.599999999994651,89.799999999997027,0.999999999999872,0.499999999999937
1597,169.700000,89.850000,1.000000,0.500000
1597,169.699999999994645,89.849999999997024,0.999999999999872,0.499999999999937
1598,169.800000,89.900000,1.000000,0.500000
1598,169.799999999994640,89.899999999997021,0.999999999999872,0.499999999999937
1599,169.900000,89.950000,1.000000,0.500000
1599,169.899999999994634,89.949999999997019,0.999999999999872,0.499999999999937
1600,170.000000,90.000000,1.000000,0.500000
1600,169.999999999994628,89.999999999997016,0.999999999999872,0.499999999999937
1601,170.100000,90.050000,1.000000,0.500000
1601,170.099999999994623,90.049999999997013,0.999999999999872,0.499999999999937
1602,170.200000,90.100000,1.000000,0.500000
1602,170.199999999994617,90.099999999997010,0.999999999999872,0.499999999999937
1603,170.300000,90.150000,1.000000,0.500000
1603,170.299999999994611,90.149999999997007,0.999999999999872,0.499999999999937
1604,170.400000,90.200000,1.000000,0.500000
1604,170.399999999994606,90.199999999997004,0.999999999999872,0.499999999999937
1605,170.500000,90.250000,1.000000,0.500000
1605,170.499999999994600,90.249999999997002,0.999999999999872,0.499999999999937
1606,170.600000,90.300000,1.000000,0.500000
1606,170.599999999994594,90.299999999996999,0.999999999999872,0.499999999999937
1607,170.700000,90.350000,1.000000,0.500000
1607,170.699999999994589,90.349999999996996,0.999999999999872,0.499999999999937
1608,170.800000,90.400000,1.000000,0.500000
1608,170.799999999994583,90.399999999996993,0.999999999999872,0.499999999999937
1609,170.900000,90.450000,1.000000,0.500000
1609,170.899999999994577,90.449999999996990,0.999999999999872,0.499999999999937
1610,171.000000,90.500000,1.000000,0.500000
1610,170.999999999994571,90.499999999996987,0.999999999999872,0.499999999999937
1611,171.100000,90.550000,1.000000,0.500000
1611,171.099999999994566,90.549999999996984,0.999999999999872,0.499999999999937
1612,171.200000,90.600000,1.000000,0.500000
1612,171.199999999994560,90.599999999996982,0.999999999999872,0.499999999999937
1613,171.300000,90.650000,1.000000,0.500000
1613,171.299999999994554,90.649999999996979,0.999999999999872,0.499999999999937
1614,171.400000,90.700000,1.000000,0.500000
1614,171.399999999994549,90.699999999996976,0.999999999999872,0.499999999999937
1615,171.500000,90.750000,1.000000,0.500000
1615,171.499999999994543,90.749999999996973,0.999999999999872,0.499999999999937
1616,171.600000,90.800000,1.000000,0.500000
1616,171.599999999994537,90.799999999996970,0.999999999999872,0.499999999999937
1617,171.700000,90.850000,1.000000,0.500000
1617,171.699999999994532,90.849999999996967,0.999999999999872,0.499999999999937
1618,171.800000,90.900000,1.000000,0.500000
1618,171.799999999994526,90.899999999996965,0.999999999999872,0.499999999999937
1619,171.900000,90.950000,1.000000,0.500000
1619,171.899999999994520,90.949999999996962,0.999999999999872,0.499999999999937
1620,172.000000,91.000000,1.000000,0.500000
1620,171.999999999994515,90.999999999996959,0.999999999999872,0.499999999999937
1621,172.100000,91.050000,1.000000,0.500000
1621,172.099999999994509,91.049999999996956,0.999999999999872,0.499999999999937
1622,172.200000,91.100000,1.000000,0.500000
1622,172.199999999994503,91.099999999996953,0.999999999999872,0.499999999999937
1623,172.300000,91.150000,1.000000,0.500000
1623,172.299999999994498,91.149999999996950,0.999999999999872,0.499999999999937
1624,172.400000,91.200000,1.000000,0.500000
1624,172.399999999994492,91.199999999996948,0.999999999999872,0.499999999999937
1625,172.500000,91.250000,1.000000,0.500000
1625,172.499999999994486,91.249999999996945,0.999999999999872,0.499999999999937
1626,172.600000,91.300000,1.000000,0.500000
1626,172.599999999994481,91.299999999996942,0.999999999999872,0.499999999999937
1627,172.700000,91.350000,1.000000,0.500000
1627,172.699999999994475,91.349999999996939,0.999999999999872,0.499999999999937
1628,172.800000,91.400000,1.000000,0.500000
1628,172.799999999994469,91.399999999996936,0.999999999999872,0.499999999999937
1629,172.900000,91.450000,1.000000,0.500000
1629,172.899999999994463,91.449999999996933,0.999999999999872,0.499999999999937
1630,173.000000,91.500000,1.000000,0.500000
1630,172.999999999994458,91.499999999996930,0.999999999999872,0.499999999999937
1631,173.100000,91.550000,1.000000,0.500000
1631,173.099999999994452,91.549999999996928,0.999999999999872,0.499999999999937
1632,173.200000,91.600000,1.000000,0.500000
1632,173.199999999994446,91.599999999996925,0.999999999999872,0.499999999999937
1633,173.300000,91.650000,1.000000,0.500000
1633,173.299999999994441,91.649999999996922,0.999999999999872,0.499999999999937
1634,173.400000,91.700000,1.000000,0.500000
1634,173.399999999994435,91.699999999996919,0.999999999999872,0.499999999999937
1635,173.500000,91.750000,1.000000,0.500000
1635,173.499999999994429,91.749999999996916,0.999999999999872,0.499999999999937
1636,173.600000,91.800000,1.000000,0.500000
1636,173.599999999994424,91.799999999996913,0.999999999999872,0.499999999999937
1637,173.700000,91.850000,1.000000,0.500000
1637,173.699999999994418,91.849999999996911,0.999999999999872,0.499999999999937
1638,173.800000,91.900000,1.000000,0.500000
1638,173.799999999994412,91.899999999996908,0.999999999999872,0.499999999999937
1639,173.900000,91.950000,1.000000,0.500000
1639,173.899999999994407,91.949999999996905,0.999999999999872,0.499999999999937
1640,174.000000,92.000000,1.000000,0.500000
1640,173.999999999994401,91.999999999996902,0.999999999999872,0.499999999999937
1641,174.100000,92.050000,1.000000,0.500000
1641,174.099999999994395,92.049999999996899,0.999999999999872,0.499999999999937
1642,174.200000,92.100000,1.000000,0.500000
1642,174.199999999994390,92.099999999996896,0.999999999999872,0.499999999999937
1643,174.300000,92.150000,1.000000,0.500000
1643,174.299999999994384,92.149999999996894,0.999999999999872,0.499999999999937
1644,174.400000,92.200000,1.000000,0.500000
1644,174.399999999994378,92.199999999996891,0.999999999999872,0.499999999999937
1645,174.500000,92.250000,1.000000,0.500000
1645,174.499999999994373,92.249999999996888,0.999999999999872,0.499999999999937
1646,174.600000,92.300000,1.000000,0.500000
1646,174.599999999994367,92.299999999996885,0.999999999999872,0.499999999999937
1647,174.700000,92.350000,1.000000,0.500000
1647,174.699999999994361,92.349999999996882,0.999999999999872,0.499999999999937
1648,174.800000,92.400000,1.000000,0.500000
1648,174.799999999994355,92.399999999996879,0.999999999999872,0.499999999999937
1649,174.900000,92.450000,1.000000,0.500000
1649,174.899999999994350,92.449999999996876,0.999999999999872,0.499999999999937
1650,175.000000,92.500000,1.000000,0.500000
1650,174.999999999994344,92.499999999996874,0.999999999999872,0.499999999999937
1651,175.100000,92.550000,1.000000,0.500000
1651,175.099999999994338,92.549999999996871,0.999999999999872,0.499999999999937
1652,175.200000,92.600000,1.000000,0.500000
1652,175.199999999994333,92.599999999996868,0.999999999999872,0.499999999999937
1653,175.300000,92.650000,1.000000,0.500000
1653,175.299999999994327,92.649999999996865,0.999999999999872,0.499999999999937
1654,175.400000,92.700000,1.000000,0.500000
1654,175.399999999994321,92.699999999996862,0.999999999999872,0.499999999999937
1655,175.500000,92.750000,1.000000,0.500000
1655,175.499999999994316,92.749999999996859,0.999999999999872,0.499999999999937
1656,175.600000,92.800000,1.000000,0.500000
1656,175.599999999994310,92.799999999996857,0.999999999999872,0.499999999999937
1657,175.700000,92.850000,1.000000,0.500000
1657,175.699999999994304,92.849999999996854,0.999999999999872,0.499999999999937
1658,175.800000,92.900000,1.000000,0.500000
1658,175.799999999994299,92.899999999996851,0.999999999999872,0.499999999999937
1659,175.900000,92.950000,1.000000,0.500000
1659,175.899999999994293,92.949999999996848,0.999999999999872,0.499999999999937
1660,176.000000,93.000000,1.000000,0.500000
1660,175.999999999994287,92.999999999996845,0.999999999999872,0.499999999999937
1661,176.100000,93.050000,1.000000,0.500000
1661,176.099999999994282,93.049999999996842,0.999999999999872,0.499999999999937
1662,176.200000,93.100000,1.000000,0.500000
1662,176.199999999994276,93.099999999996840,0.999999999999872,0.499999999999937
1663,176.300000,93.150000,1.000000,0.500000
1663,176.299999999994270,93.149999999996837,0.999999999999872,0.499999999999937
1664,176.400000,93.200000,1.000000,0.500000
1664,176.399999999994264,93.199999999996834,0.999999999999872,0.499999999999937
1665,176.500000,93.250000,1.000000,0.500000
1665,176.499999999994259,93.249999999996831,0.999999999999872,0.499999999999937
1666,176.600000,93.300000,1.000000,0.500000
1666,176.599999999994253,93.299999999996828,0.999999999999872,0.499999999999937
1667,176.700000,93.350000,1.000000,0.500000
1667,176.699999999994247,93.349999999996825,0.999999999999872,0.499999999999937
1668,176.800000,93.400000,1.000000,0.500000
1668,176.799999999994242,93.399999999996822,0.999999999999872,0.499999999999937
1669,176.900000,93.450000,1.000000,0.500000
1669,176.899999999994236,93.449999999996820,0.999999999999872,0.499999999999937
1670,177.000000,93.500000,1.000000,0.500000
1670,176.999999999994230,93.499999999996817,0.999999999999872,0.499999999999937
1671,177.100000,93.550000,1.000000,0.500000
1671,177.099999999994225,93.549999999996814,0.999999999999872,0.499999999999937
1672,177.200000,93.600000,1.000000,0.500000
1672,177.199999999994219,93.599999999996811,0.999999999999872,0.499999999999937
1673,177.300000,93.650000,1.000000,0.500000
1673,177.299999999994213,93.649999999996808,0.999999999999872,0.499999999999937
1674,177.400000,93.700000,1.000000,0.500000
1674,177.399999999994208,93.699999999996805,0.999999999999872,0.499999999999937
1675,177.500000,93.750000,1.000000,0.500000
1675,177.499999999994202,93.749999999996803,0.999999999999872,0.499999999999937
1676,177.600000,93.800000,1.000000,0.500000
1676,177.599999999994196,93.799999999996800,0.999999999999872,0.499999999999937
1677,177.700000,93.850000,1.000000,0.500000
1677,177.699999999994191,93.849999999996797,0.999999999999872,0.499999999999937
1678,177.800000,93.900000,1.000000,0.500000
1678,177.799999999994185,93.899999999996794,0.999999999999872,0.499999999999937
1679,177.900000,93.950000,1.000000,0.500000
1679,177.899999999994179,93.949999999996791,0.999999999999872,0.499999999999937
1680,178.000000,94.000000,1.000000,0.500000
1680,177.999999999994174,93.999999999996788,0.999999999999872,0.499999999999937
1681,178.100000,94.050000,1.000000,0.500000
1681,178.099999999994168,94.049999999996786,0.999999999999872,0.499999999999937
1682,178.200000,94.100000,1.000000,0.500000
1682,178.199999999994162,94.099999999996783,0.999999999999872,0.499999999999937
1683,178.300000,94.150000,1.000000,0.500000
1683,178.299999999994156,94.149999999996780,0.999999999999872,0.499999999999937
1684,178.400000,94.200000,1.000000,0.500000
1684,178.399999999994151,94.199999999996777,0.999999999999872,0.499999999999937
1685,178.500000,94.250000,1.000000,0.500000
1685,178.499999999994145,94.249999999996774,0.999999999999872,0.499999999999937
1686,178.600000,94.300000,1.000000,0.500000
1686,178.599999999994139,94.299999999996771,0.999999999999872,0.499999999999937
1687,178.700000,94.350000,1.000000,0.500000
1687,178.699999999994134,94.349999999996768,0.999999999999872,0.499999999999937
1688,178.800000,94.400000,1.000000,0.500000
1688,178.799999999994128,94.399999999996766,0.999999999999872,0.499999999999937
1689,178.900000,94.450000,1.000000,0.500000
1689,178.899999999994122,94.449999999996763,0.999999999999872,0.499999999999937
1690,179.000000,94.500000,1.000000,0.500000
1690,178.999999999994117,94.499999999996760,0.999999999999872,0.499999999999937
1691,179.100000,94.550000,1.000000,0.500000
1691,179.099999999994111,94.549999999996757,0.999999999999872,0.499999999999937
1692,179.200000,94.600000,1.000000,0.500000
1692,179.199999999994105,94.599999999996754,0.999999999999872,0.499999999999937
1693,179.300000,94.650000,1.000000,0.500000
1693,179.299999999994100,94.649999999996751,0.999999999999872,0.499999999999937
1694,179.400000,94.700000,1.000000,0.500000
1694,179.399999999994094,94.699999999996749,0.999999999999872,0.499999999999937
1695,179.500000,94.750000,1.000000,0.500000
1695,179.499999999994088,94.749999999996746,0.999999999999872,0.499999999999937
1696,179.600000,94.800000,1.000000,0.500000
1696,179.599999999994083,94.799999999996743,0.999999999999872,0.499999999999937
1697,179.700000,94.850000,1.000000,0.500000
1697,179.699999999994077,94.849999999996740,0.999999999999872,0.499999999999937
1698,179.800000,94.900000,1.000000,0.500000
1698,179.799999999994071,94.899999999996737,0.999999999999872,0.499999999999937
1699,179.900000,94.950000,1.000000,0.500000
1699,179.899999999994066,94.949999999996734,0.999999999999872,0.499999999999937
1700,180.000000,95.000000,1.000000,0.500000
1700,179.999999999994060,94.999999999996732,0.999999999999872,0.499999999999937
1701,180.100000,95.050000,1.000000,0.500000
1701,180.099999999994054,95.049999999996729,0.999999999999872,0.499999999999937
1702,180.200000,95.100000,1.000000,0.500000
1702,180.199999999994048,95.099999999996726,0.999999999999872,0.499999999999937
1703,180.300000,95.150000,1.000000,0.500000
1703,180.299999999994043,95.149999999996723,0.999999999999872,0.499999999999937
1704,180.400000,95.200000,1.000000,0.500000
1704,180.399999999994037,95.199999999996720,0.999999999999872,0.499999999999937
1705,180.500000,95.250000,1.000000,0.500000
1705,180.499999999994031,95.249999999996717,0.999999999999872,0.499999999999937
1706,180.600000,95.300000,1.000000,0.500000
1706,180.599999999994026,95.299999999996714,0.999999999999872,0.499999999999937
1707,180.700000,95.350000,1.000000,0.500000
1707,180.699999999994020,95.349999999996712,0.999999999999872,0.499999999999937
1708,180.800000,95.400000,1.000000,0.500000
1708,180.799999999994014,95.399999999996709,0.999999999999872,0.499999999999937
1709,180.900000,95.450000,1.000000,0.500000
1709,180.899999999994009,95.449999999996706,0.999999999999872,0.499999999999937
1710,181.000000,95.500000,1.000000,0.500000
1710,180.999999999994003,95.499999999996703,0.999999999999872,0.499999999999937
1711,181.100000,95.550000,1.000000,0.500000
1711,181.099999999993997,95.549999999996700,0.999999999999872,0.499999999999937
1712,181.200000,95.600000,1.000000,0.500000
1712,181.199999999993992,95.599999999996697,0.999999999999872,0.499999999999937
1713,181.300000,95.650000,1.000000,0.500000
1713,181.299999999993986,95.649999999996695,0.999999999999872,0.499999999999937
1714,181.400000,95.700000,1.000000,0.500000
1714,181.399999999993980,95.699999999996692,0.999999999999872,0.499999999999937
1715,181.500000,95.750000,1.000000,0.500000
1715,181.499999999993975,95.749999999996689,0.999999999999872,0.499999999999937
1716,181.600000,95.800000,1.000000,0.500000
1716,181.599999999993969,95.799999999996686,0.999999999999872,0.499999999999937
1717,181.700000,95.850000,1.000000,0.500000
1717,181.699999999993963,95.849999999996683,0.999999999999872,0.499999999999937
1718,181.800000,95.900000,1.000000,0.500000
1718,181.799999999993958,95.899999999996680,0.999999999999872,0.499999999999937
1719,181.900000,95.950000,1.000000,0.500000
1719,181.899999999993952,95.949999999996678,0.999999999999872,0.499999999999937
1720,182.000000,96.000000,1.000000,0.500000
1720,181.999999999993946,95.999999999996675,0.999999999999872,0.499999999999937
1721,182.100000,96.050000,1.000000,0.500000
1721,182.099999999993940,96.049999999996672,0.999999999999872,0.499999999999937
1722,182.200000,96.100000,1.000000,0.500000
1722,182.199999999993935,96.099999999996669,0.999999999999872,0.499999999999937
1723,182.300000,96.150000,1.000000,0.500000
1723,182.299999999993929,96.149999999996666,0.999999999999872,0.499999999999937
1724,182.400000,96.200000,1.000000,0.500000
1724,182.399999999993923,96.199999999996663,0.999999999999872,0.499999999999937
1725,182.500000,96.250000,1.000000,0.500000
1725,182.499999999993918,96.249999999996660,0.999999999999872,0.499999999999937
1726,182.600000,96.300000,1.000000,0.500000
1726,182.599999999993912,96.299999999996658,0.999999999999872,0.499999999999937
1727,182.700000,96.350000,1.000000,0.500000
1727,182.699999999993906,96.349999999996655,0.999999999999872,0.499999999999937
1728,182.800000,96.400000,1.000000,0.500000
1728,182.799999999993901,96.399999999996652,0.999999999999872,0.499999999999937
1729,182.900000,96.450000,1.000000,0.500000
1729,182.899999999993895,96.449999999996649,0.999999999999872,0.499999999999937
1730,183.000000,96.500000,1.000000,0.500000
1730,182.999999999993889,96.499999999996646,0.999999999999872,0.499999999999937
1731,183.100000,96.550000,1.000000,0.500000
1731,183.099999999993884,96.549999999996643,0.999999999999872,0.499999999999937
1732,183.200000,96.600000,1.000000,0.500000
1732,183.199999999993878,96.599999999996641,0.999999999999872,0.499999999999937
1733,183.300000,96.650000,1.000000,0.500000
1733,183.299999999993872,96.649999999996638,0.999999999999872,0.499999999999937
1734,183.400000,96.700000,1.000000,0.500000
1734,183.399999999993867,96.699999999996635,0.999999999999872,0.499999999999937
1735,183.500000,96.750000,1.000000,0.500000
1735,183.499999999993861,96.749999999996632,0.999999999999872,0.499999999999937
1736,183.600000,96.800000,1.000000,0.500000
1736,183.599999999993855,96.799999999996629,0.999999999999872,0.499999999999937
1737,183.700000,96.850000,1.000000,0.500000
1737,183.699999999993850,96.849999999996626,0.999999999999872,0.499999999999937
1738,183.800000,96.900000,1.000000,0.500000
1738,183.799999999993844,96.899999999996624,0.999999999999872,0.499999999999937
1739,183.900000,96.950000,1.000000,0.500000
1739,183.899999999993838,96.949999999996621,0.999999999999872,0.499999999999937
1740,184.000000,97.000000,1.000000,0.500000
1740,183.999999999993832,96.999999999996618,0.999999999999872,0.499999999999937
1741,184.100000,97.050000,1.000000,0.500000
1741,184.099999999993827,97.049999999996615,0.999999999999872,0.499999999999937
1742,184.200000,97.100000,1.000000,0.500000
1742,184.199999999993821,97.099999999996612,0.999999999999872,0.499999999999937
1743,184.300000,97.150000,1.000000,0.500000
1743,184.299999999993815,97.149999999996609,0.999999999999872,0.499999999999937
1744,184.400000,97.200000,1.000000,0.500000
1744,184.399999999993810,97.199999999996606,0.999999999999872,0.499999999999937
1745,184.500000,97.250000,1.000000,0.500000
1745,184.499999999993804,97.249999999996604,0.999999999999872,0.499999999999937
1746,184.600000,97.300000,1.000000,0.500000
1746,184.599999999993798,97.299999999996601,0.999999999999872,0.499999999999937
1747,184.700000,97.350000,1.000000,0.500000
1747,184.699999999993793,97.349999999996598,0.999999999999872,0.499999999999937
1748,184.800000,97.400000,1.000000,0.500000
1748,184.799999999993787,97.399999999996595,0.999999999999872,0.499999999999937
1749,184.900000,97.450000,1.000000,0.500000
1749,184.899999999993781,97.449999999996592,0.999999999999872,0.499999999999937
1750,185.000000,97.500000,1.000000,0.500000
1750,184.999999999993776,97.499999999996589,0.999999999999872,0.499999999999937
1751,185.100000,97.550000,1.000000,0.500000
1751,185.099999999993770,97.549999999996587,0.999999999999872,0.499999999999937
1752,185.200000,97.600000,1.000000,0.500000
1752,185.199999999993764,97.599999999996584,0.999999999999872,0.499999999999937
1753,185.300000,97.650000,1.000000,0.500000
1753,185.299999999993759,97.649999999996581,0.999999999999872,0.499999999999937
1754,185.400000,97.700000,1.000000,0.500000
1754,185.399999999993753,97.699999999996578,0.999999999999872,0.499999999999937
1755,185.500000,97.750000,1.000000,0.500000
1755,185.499999999993747,97.749999999996575,0.999999999999872,0.499999999999937
1756,185.600000,97.800000,1.000000,0.500000
1756,185.599999999993742,97.799999999996572,0.999999999999872,0.499999999999937
1757,185.700000,97.850000,1.000000,0.500000
1757,185.699999999993736,97.849999999996569,0.999999999999872,0.499999999999937
1758,185.800000,97.900000,1.000000,0.500000
1758,185.799999999993730,97.899999999996567,0.999999999999872,0.499999999999937
1759,185.900000,97.950000,1.000000,0.500000
1759,185.899999999993724,97.949999999996564,0.999999999999872,0.499999999999937
1760,186.000000,98.000000,1.000000,0.500000
1760,185.999999999993719,97.999999999996561,0.999999999999872,0.499999999999937
1761,186.100000,98.050000,1.000000,0.500000
1761,186.099999999993713,98.049999999996558,0.999999999999872,0.499999999999937
1762,186.200000,98.100000,1.000000,0.500000
1762,186.199999999993707,98.099999999996555,0.999999999999872,0.499999999999937
1763,186.300000,98.150000,1.000000,0.500000
1763,186.299999999993702,98.149999999996552,0.999999999999872,0.499999999999937
1764,186.400000,98.200000,1.000000,0.500000
1764,186.399999999993696,98.199999999996550,0.999999999999872,0.499999999999937
1765,186.500000,98.250000,1.000000,0.500000
1765,186.499999999993690,98.249999999996547,0.999999999999872,0.499999999999937
1766,186.600000,98.300000,1.000000,0.500000
1766,186.599999999993685,98.299999999996544,0.999999999999872,0.499999999999937
1767,186.700000,98.350000,1.000000,0.500000
1767,186.699999999993679,98.349999999996541,0.999999999999872,0.499999999999937
1768,186.800000,98.400000,1.000000,0.500000
1768,186.799999999993673,98.399999999996538,0.999999999999872,0.499999999999937
1769,186.900000,98.450000,1.000000,0.500000
1769,186.899999999993668,98.449999999996535,0.999999999999872,0.499999999999937
1770,187.000000,98.500000,1.000000,0.500000
1770,186.999999999993662,98.499999999996533,0.999999999999872,0.499999999999937
1771,187.100000,98.550000,1.000000,0.500000
1771,187.099999999993656,98.549999999996530,0.999999999999872,0.499999999999937
1772,187.200000,98.600000,1.000000,0.500000
1772,187.199999999993651,98.599999999996527,0.999999999999872,0.499999999999937
1773,187.300000,98.650000,1.000000,0.500000
1773,187.299999999993645,98.649999999996524,0.999999999999872,0.499999999999937
1774,187.400000,98.700000,1.000000,0.500000
1774,187.399999999993639,98.699999999996521,0.999999999999872,0.499999999999937
1775,187.500000,98.750000,1.000000,0.500000
1775,187.499999999993634,98.749999999996518,0.999999999999872,0.499999999999937
1776,187.600000,98.800000,1.000000,0.500000
1776,187.599999999993628,98.799999999996515,0.999999999999872,0.499999999999937
1777,187.700000,98.850000,1.000000,0.500000
1777,187.699999999993622,98.849999999996513,0.999999999999872,0.499999999999937
1778,187.800000,98.900000,1.000000,0.500000
1778,187.799999999993616,98.899999999996510,0.999999999999872,0.499999999999937
1779,187.900000,98.950000,1.000000,0.500000
1779,187.899999999993611,98.949999999996507,0.999999999999872,0.499999999999937
1780,188.000000,99.000000,1.000000,0.500000
1780,187.999999999993605,98.999999999996504,0.999999999999872,0.499999999999937
1781,188.100000,99.050000,1.000000,0.500000
1781,188.099999999993599,99.049999999996501,0.999999999999872,0.499999999999937
1782,188.200000,99.100000,1.000000,0.500000
1782,188.199999999993594,99.099999999996498,0.999999999999872,0.499999999999937
1783,188.300000,99.150000,1.000000,0.500000
1783,188.299999999993588,99.149999999996496,0.999999999999872,0.499999999999937
1784,188.400000,99.200000,1.000000,0.500000
1784,188.399999999993582,99.199999999996493,0.999999999999872,0.499999999999937
1785,188.500000,99.250000,1.000000,0.500000
1785,188.499999999993577,99.249999999996490,0.999999999999872,0.499999999999937
1786,188.600000,99.300000,1.000000,0.500000
1786,188.599999999993571,99.299999999996487,0.999999999999872,0.499999999999937
1787,188.700000,99.350000,1.000000,0.500000
1787,188.699999999993565,99.349999999996484,0.999999999999872,0.499999999999937
1788,188.800000,99.400000,1.000000,0.500000
1788,188.799999999993560,99.399999999996481,0.999999999999872,0.499999999999937
1789,188.900000,99.450000,1.000000,0.500000
1789,188.899999999993554,99.449999999996479,0.999999999999872,0.499999999999937
1790,189.000000,99.500000,1.000000,0.500000
1790,188.999999999993548,99.499999999996476,0.999999999999872,0.499999999999937
1791,189.100000,99.550000,1.000000,0.500000
1791,189.099999999993543,99.549999999996473,0.999999999999872,0.499999999999937
1792,189.200000,99.600000,1.000000,0.500000
1792,189.199999999993537,99.599999999996470,0.999999999999872,0.499999999999937
1793,189.300000,99.650000,1.000000,0.500000
1793,189.299999999993531,99.649999999996467,0.999999999999872,0.499999999999937
1794,189.400000,99.700000,1.000000,0.500000
1794,189.399999999993526,99.699999999996464,0.999999999999872,0.499999999999937
1795,189.500000,99.750000,1.000000,0.500000
1795,189.499999999993520,99.749999999996461,0.999999999999872,0.499999999999937
1796,189.600000,99.800000,1.000000,0.500000
1796,189.599999999993514,99.799999999996459,0.999999999999872,0.499999999999937
1797,189.700000,99.850000,1.000000,0.500000
1797,189.699999999993508,99.849999999996456,0.999999999999872,0.499999999999937
1798,189.800000,99.900000,1.000000,0.500000
1798,189.799999999993503,99.899999999996453,0.999999999999872,0.499999999999937
1799,189.900000,99.950000,1.000000,0.500000
1799,189.899999999993497,99.949999999996450,0.999999999999872,0.499999999999937
1800,190.000000,100.000000,1.000000,0.500000
1800,189.999999999993491,99.999999999996447,0.999999999999872,0.499999999999937
1801,190.100000,100.050000,1.000000,0.500000
1801,190.099999999993486,100.049999999996444,0.999999999999872,0.499999999999937
1802,190.200000,100.100000,1.000000,0.500000
1802,190.199999999993480,100.099999999996442,0.999999999999872,0.499999999999937
1803,190.300000,100.150000,1.000000,0.500000
1803,190.299999999993474,100.149999999996439,0.999999999999872,0.499999999999937
1804,190.400000,100.200000,1.000000,0.500000
1804,190.399999999993469,100.199999999996436,0.999999999999872,0.499999999999937
1805,190.500000,100.250000,1.000000,0.500000
1805,190.499999999993463,100.249999999996433,0.999999999999872,0.499999999999937
1806,190.600000,100.300000,1.000000,0.500000
1806,190.599999999993457,100.299999999996430,0.999999999999872,0.499999999999937
1807,190.700000,100.350000,1.000000,0.500000
1807,190.699999999993452,100.349999999996427,0.999999999999872,0.499999999999937
1808,190.800000,100.400000,1.000000,0.500000
1808,190.799999999993446,100.399999999996425,0.999999999999872,0.499999999999937
1809,190.900000,100.450000,1.000000,0.500000
1809,190.899999999993440,100.449999999996422,0.999999999999872,0.499999999999937
1810,191.000000,100.500000,1.000000,0.500000
1810,190.999999999993435,100.499999999996419,0.999999999999872,0.499999999999937
1811,191.100000,100.550000,1.000000,0.500000
1811,191.099999999993429,100.549999999996416,0.999999999999872,0.499999999999937
1812,191.200000,100.600000,1.000000,0.500000
1812,191.199999999993423,100.599999999996413,0.999999999999872,0.499999999999937
1813,191.300000,100.650000,1.000000,0.500000
1813,191.299999999993418,100.649999999996410,0.999999999999872,0.499999999999937
1814,191.400000,100.700000,1.000000,0.500000
1814,191.399999999993412,100.699999999996407,0.999999999999872,0.499999999999937
1815,191.500000,100.750000,1.000000,0.500000
1815,191.499999999993406,100.749999999996405,0.999999999999872,0.499999999999937
1816,191.600000,100.800000,1.000000,0.500000
1816,191.599999999993400,100.799999999996402,0.999999999999872,0.499999999999937
1817,191.700000,100.850000,1.000000,0.500000
1817,191.699999999993395,100.849999999996399,0.999999999999872,0.499999999999937
1818,191.800000,100.900000,1.000000,0.500000
1818,191.799999999993389,100.899999999996396,0.999999999999872,0.499999999999937
1819,191.900000,100.950000,1.000000,0.500000
1819,191.899999999993383,100.949999999996393,0.999999999999872,0.499999999999937
1820,192.000000,101.000000,1.000000,0.500000
1820,191.999999999993378,100.999999999996390,0.999999999999872,0.499999999999937
1821,192.100000,101.050000,1.000000,0.500000
1821,192.099999999993372,101.049999999996388,0.999999999999872,0.499999999999937
1822,192.200000,101.100000,1.000000,0.500000
1822,192.199999999993366,101.099999999996385,0.999999999999872,0.499999999999937
1823,192.300000,101.150000,1.000000,0.500000
1823,192.299999999993361,101.149999999996382,0.999999999999872,0.499999999999937
1824,192.400000,101.200000,1.000000,0.500000
1824,192.399999999993355,101.199999999996379,0.999999999999872,0.499999999999937
1825,192.500000,101.250000,1.000000,0.500000
1825,192.499999999993349,101.249999999996376,0.999999999999872,0.499999999999937
1826,192.600000,101.300000,1.000000,0.500000
1826,192.599999999993344,101.299999999996373,0.999999999999872,0.499999999999937
1827,192.700000,101.350000,1.000000,0.500000
1827,192.699999999993338,101.349999999996371,0.999999999999872,0.499999999999937
1828,192.800000,101.400000,1.000000,0.500000
1828,192.799999999993332,101.399999999996368,0.999999999999872,0.499999999999937
1829,192.900000,101.450000,1.000000,0.500000
1829,192.899999999993327,101.449999999996365,0.999999999999872,0.499999999999937
1830,193.000000,101.500000,1.000000,0.500000
1830,192.999999999993321,101.499999999996362,0.999999999999872,0.499999999999937
1831,193.100000,101.550000,1.000000,0.500000
1831,193.099999999993315,101.549999999996359,0.999999999999872,0.499999999999937
1832,193.200000,101.600000,1.000000,0.500000
1832,193.199999999993310,101.599999999996356,0.999999999999872,0.499999999999937
1833,193.300000,101.650000,1.000000,0.500000
1833,193.299999999993304,101.649999999996353,0.999999999999872,0.499999999999937
1834,193.400000,101.700000,1.000000,0.500000
1834,193.399999999993298,101.699999999996351,0.999999999999872,0.499999999999937
1835,193.500000,101.750000,1.000000,0.500000
1835,193.499999999993292,101.749999999996348,0.999999999999872,0.499999999999937
1836,193.600000,101.800000,1.000000,0.500000
1836,193.599999999993287,101.799999999996345,0.999999999999872,0.499999999999937
1837,193.700000,101.850000,1.000000,0.500000
1837,193.699999999993281,101.849999999996342,0.999999999999872,0.499999999999937
1838,193.800000,101.900000,1.000000,0.500000
1838,193.799999999993275,101.899999999996339,0.999999999999872,0.499999999999937
1839,193.900000,101.950000,1.000000,0.500000
1839,193.899999999993270,101.949999999996336,0.999999999999872,0.499999999999937
1840,194.000000,102.000000,1.000000,0.500000
1840,193.999999999993264,101.999999999996334,0.999999999999872,0.499999999999937
1841,194.100000,102.050000,1.000000,0.500000
1841,194.099999999993258,102.049999999996331,0.999999999999872,0.499999999999937
1842,194.200000,102.100000,1.000000,0.500000
1842,194.199999999993253,102.099999999996328,0.999999999999872,0.499999999999937
1843,194.300000,102.150000,1.000000,0.500000
1843,194.299999999993247,102.149999999996325,0.999999999999872,0.499999999999937
1844,194.400000,102.200000,1.000000,0.500000
1844,194.399999999993241,102.199999999996322,0.999999999999872,0.499999999999937
1845,194.500000,102.250000,1.000000,0.500000
1845,194.499999999993236,102.249999999996319,0.999999999999872,0.499999999999937
1846,194.600000,102.300000,1.000000,0.500000
1846,194.599999999993230,102.299999999996317,0.999999999999872,0.499999999999937
1847,194.700000,102.350000,1.000000,0.500000
1847,194.699999999993224,102.349999999996314,0.999999999999872,0.499999999999937
1848,194.800000,102.400000,1.000000,0.500000
1848,194.799999999993219,102.399999999996311,0.999999999999872,0.499999999999937
1849,194.900000,102.450000,1.000000,0.500000
1849,194.899999999993213,102.449999999996308,0.999999999999872,0.499999999999937
1850,195.000000,102.500000,1.000000,0.500000
1850,194.999999999993207,102.499999999996305,0.999999999999872,0.499999999999937
1851,195.100000,102.550000,1.000000,0.500000
1851,195.099999999993202,102.549999999996302,0.999999999999872,0.499999999999937
1852,195.200000,102.600000,1.000000,0.500000
1852,195.199999999993196,102.599999999996299,0.999999999999872,0.499999999999937
1853,195.300000,102.650000,1.000000,0.500000
1853,195.299999999993190,102.649999999996297,0.999999999999872,0.499999999999937
1854,195.400000,102.700000,1.000000,0.500000
1854,195.399999999993184,102.699999999996294,0.999999999999872,0.499999999999937
1855,195.500000,102.750000,1.000000,0.500000
1855,195.499999999993179,102.749999999996291,0.999999999999872,0.499999999999937
1856,195.600000,102.800000,1.000000,0.500000
1856,195.599999999993173,102.799999999996288,0.999999999999872,0.499999999999937
1857,195.700000,102.850000,1.000000,0.500000
1857,195.699999999993167,102.849999999996285,0.999999999999872,0.499999999999937
1858,195.800000,102.900000,1.000000,0.500000
1858,195.799999999993162,102.899999999996282,0.999999999999872,0.499999999999937
1859,195.900000,102.950000,1.000000,0.500000
1859,195.899999999993156,102.949999999996280,0.999999999999872,0.499999999999937
1860,196.000000,103.000000,1.000000,0.500000
1860,195.999999999993150,102.999999999996277,0.999999999999872,0.499999999999937
1861,196.100000,103.050000,1.000000,0.500000
1861,196.099999999993145,103.049999999996274,0.999999999999872,0.499999999999937
1862,196.200000,103.100000,1.000000,0.500000
1862,196.199999999993139,103.099999999996271,0.999999999999872,0.499999999999937
1863,196.300000,103.150000,1.000000,0.500000
1863,196.299999999993133,103.149999999996268,0.999999999999872,0.499999999999937
1864,196.400000,103.200000,1.000000,0.500000
1864,196.399999999993128,103.199999999996265,0.999999999999872,0.499999999999937
1865,196.500000,103.250000,1.000000,0.500000
1865,196.499999999993122,103.249999999996263,0.999999999999872,0.499999999999937
1866,196.600000,103.300000,1.000000,0.500000
1866,196.599999999993116,103.299999999996260,0.999999999999872,0.499999999999937
1867,196.700000,103.350000,1.000000,0.500000
1867,196.699999999993111,103.349999999996257,0.999999999999872,0.499999999999937
1868,196.800000,103.400000,1.000000,0.500000
1868,196.799999999993105,103.399999999996254,0.999999999999872,0.499999999999937
1869,196.900000,103.450000,1.000000,0.500000
1869,196.899999999993099,103.449999999996251,0.999999999999872,0.499999999999937
1870,197.000000,103.500000,1.000000,0.500000
1870,196.999999999993094,103.499999999996248,0.999999999999872,0.499999999999937
1871,197.100000,103.550000,1.000000,0.500000
1871,197.099999999993088,103.549999999996245,0.999999999999872,0.499999999999937
1872,197.200000,103.600000,1.000000,0.500000
1872,197.199999999993082,103.599999999996243,0.999999999999872,0.499999999999937
1873,197.300000,103.650000,1.000000,0.500000
1873,197.299999999993076,103.649999999996240,0.999999999999872,0.499999999999937
1874,197.400000,103.700000,1.000000,0.500000
1874,197.399999999993071,103.699999999996237,0.999999999999872,0.499999999999937
1875,197.500000,103.750000,1.000000,0.500000
1875,197.499999999993065,103.749999999996234,0.999999999999872,0.499999999999937
1876,197.600000,103.800000,1.000000,0.500000
1876,197.599999999993059,103.799999999996231,0.999999999999872,0.499999999999937
1877,197.700000,103.850000,1.000000,0.500000
1877,197.699999999993054,103.849999999996228,0.999999999999872,0.499999999999937
1878,197.800000,103.900000,1.000000,0.500000
1878,197.799999999993048,103.899999999996226,0.999999999999872,0.499999999999937
1879,197.900000,103.950000,1.000000,0.500000
1879,197.899999999993042,103.949999999996223,0.999999999999872,0.499999999999937
1880,198.000000,104.000000,1.000000,0.500000
1880,197.999999999993037,103.999999999996220,0.999999999999872,0.499999999999937
1881,198.100000,104.050000,1.000000,0.500000
1881,198.099999999993031,104.049999999996217,0.999999999999872,0.499999999999937
1882,198.200000,104.100000,1.000000,0.500000
1882,198.199999999993025,104.099999999996214,0.999999999999872,0.499999999999937
1883,198.300000,104.150000,1.000000,0.500000
1883,198.299999999993020,104.149999999996211,0.999999999999872,0.499999999999937
1884,198.400000,104.200000,1.000000,0.500000
1884,198.399999999993014,104.199999999996209,0.999999999999872,0.499999999999937
1885,198.500000,104.250000,1.000000,0.500000
1885,198.499999999993008,104.249999999996206,0.999999999999872,0.499999999999937
1886,198.600000,104.300000,1.000000,0.500000
1886,198.599999999993003,104.299999999996203,0.999999999999872,0.499999999999937
1887,198.700000,104.350000,1.000000,0.500000
1887,198.699999999992997,104.349999999996200,0.999999999999872,0.499999999999937
1888,198.800000,104.400000,1.000000,0.500000
1888,198.799999999992991,104.399999999996197,0.999999999999872,0.499999999999937
1889,198.900000,104.450000,1.000000,0.500000
1889,198.899999999992986,104.449999999996194,0.999999999999872,0.499999999999937
1890,199.000000,104.500000,1.000000,0.500000
1890,198.999999999992980,104.499999999996191,0.999999999999872,0.499999999999937
1891,199.100000,104.550000,1.000000,0.500000
1891,199.099999999992974,104.549999999996189,0.999999999999872,0.499999999999937
1892,199.200000,104.600000,1.000000,0.500000
1892,199.199999999992968,104.599999999996186,0.999999999999872,0.499999999999937
1893,199.300000,104.650000,1.000000,0.500000
1893,199.299999999992963,104.649999999996183,0.999999999999872,0.499999999999937
1894,199.400000,104.700000,1.000000,0.500000
1894,199.399999999992957,104.699999999996180,0.999999999999872,0.499999999999937
1895,199.500000,104.750000,1.000000,0.500000
1895,199.499999999992951,104.749999999996177,0.999999999999872,0.499999999999937
1896,199.600000,104.800000,1.000000,0.500000
1896,199.599999999992946,104.799999999996174,0.999999999999872,0.499999999999937
1897,199.700000,104.850000,1.000000,0.500000
1897,199.699999999992940,104.849999999996172,0.999999999999872,0.499999999999937
1898,199.800000,104.900000,1.000000,0.500000
1898,199.799999999992934,104.899999999996169,0.999999999999872,0.499999999999937
1899,199.900000,104.950000,1.000000,0.500000
1899,199.899999999992929,104.949999999996166,0.999999999999872,0.499999999999937
1900,200.000000,105.000000,1.000000,0.500000
1900,199.999999999992923,104.999999999996163,0.999999999999872,0.499999999999937
1901,200.100000,105.050000,1.000000,0.500000
1901,200.099999999992917,105.049999999996160,0.999999999999872,0.499999999999937
1902,200.200000,105.100000,1.000000,0.500000
1902,200.199999999992912,105.099999999996157,0.999999999999872,0.499999999999937
1903,200.300000,105.150000,1.000000,0.500000
1903,200.299999999992906,105.149999999996155,0.999999999999872,0.499999999999937
1904,200.400000,105.200000,1.000000,0.500000
1904,200.399999999992900,105.199999999996152,0.999999999999872,0.499999999999937
1905,200.500000,105.250000,1.000000,0.500000
1905,200.499999999992895,105.249999999996149,0.999999999999872,0.499999999999937
1906,200.600000,105.300000,1.000000,0.500000
1906,200.599999999992889,105.299999999996146,0.999999999999872,0.499999999999937
1907,200.700000,105.350000,1.000000,0.500000
1907,200.699999999992883,105.349999999996143,0.999999999999872,0.499999999999937
1908,200.800000,105.400000,1.000000,0.500000
1908,200.799999999992878,105.399999999996140,0.999999999999872,0.499999999999937
1909,200.900000,105.450000,1.000000,0.500000
1909,200.899999999992872,105.449999999996137,0.999999999999872,0.499999999999937
1910,201.000000,105.500000,1.000000,0.500000
1910,200.999999999992866,105.499999999996135,0.999999999999872,0.499999999999937
1911,201.100000,105.550000,1.000000,0.500000
1911,201.099999999992860,105.549999999996132,0.999999999999872,0.499999999999937
1912,201.200000,105.600000,1.000000,0.500000
1912,201.199999999992855,105.599999999996129,0.999999999999872,0.499999999999937
1913,201.300000,105.650000,1.000000,0.500000
1913,201.299999999992849,105.649999999996126,0.999999999999872,0.499999999999937
1914,201.400000,105.700000,1.000000,0.500000
1914,201.399999999992843,105.699999999996123,0.999999999999872,0.499999999999937
1915,201.500000,105.750000,1.000000,0.500000
1915,201.499999999992838,105.749999999996120,0.999999999999872,0.499999999999937
1916,201.600000,105.800000,1.000000,0.500000
1916,201.599999999992832,105.799999999996118,0.999999999999872,0.499999999999937
1917,201.700000,105.850000,1.000000,0.500000
1917,201.699999999992826,105.849999999996115,0.999999999999872,0.499999999999937
1918,201.800000,105.900000,1.000000,0.500000
1918,201.799999999992821,105.899999999996112,0.999999999999872,0.499999999999937
1919,201.900000,105.950000,1.000000,0.500000
1919,201.899999999992815,105.949999999996109,0.999999999999872,0.499999999999937
1920,202.000000,106.000000,1.000000,0.500000
1920,201.999999999992809,105.999999999996106,0.999999999999872,0.499999999999937
1921,202.100000,106.050000,1.000000,0.500000
1921,202.099999999992804,106.049999999996103,0.999999999999872,0.499999999999937
1922,202.200000,106.100000,1.000000,0.500000
1922,202.199999999992798,106.099999999996101,0.999999999999872,0.499999999999937
1923,202.300000,106.150000,1.000000,0.500000
1923,202.299999999992792,106.149999999996098,0.999999999999872,0.499999999999937
1924,202.400000,106.200000,1.000000,0.500000
1924,202.399999999992787,106.199999999996095,0.999999999999872,0.499999999999937
1925,202.500000,106.250000,1.000000,0.500000
1925,202.499999999992781,106.249999999996092,0.999999999999872,0.499999999999937
1926,202.600000,106.300000,1.000000,0.500000
1926,202.599999999992775,106.299999999996089,0.999999999999872,0.499999999999937
1927,202.700000,106.350000,1.000000,0.500000
1927,202.699999999992770,106.349999999996086,0.999999999999872,0.499999999999937
1928,202.800000,106.400000,1.000000,0.500000
1928,202.799999999992764,106.399999999996083,0.999999999999872,0.499999999999937
1929,202.900000,106.450000,1.000000,0.500000
1929,202.899999999992758,106.449999999996081,0.999999999999872,0.499999999999937
1930,203.000000,106.500000,1.000000,0.500000
1930,202.999999999992752,106.499999999996078,0.999999999999872,0.499999999999937
1931,203.100000,106.550000,1.000000,0.500000
1931,203.099999999992747,106.549999999996075,0.999999999999872,0.499999999999937
1932,203.200000,106.600000,1.000000,0.500000
1932,203.199999999992741,106.599999999996072,0.999999999999872,0.499999999999937
1933,203.300000,106.650000,1.000000,0.500000
1933,203.299999999992735,106.649999999996069,0.999999999999872,0.499999999999937
1934,203.400000,106.700000,1.000000,0.500000
1934,203.399999999992730,106.699999999996066,0.999999999999872,0.499999999999937
1935,203.500000,106.750000,1.000000,0.500000
1935,203.499999999992724,106.749999999996064,0.999999999999872,0.499999999999937
1936,203.600000,106.800000,1.000000,0.500000
1936,203.599999999992718,106.799999999996061,0.999999999999872,0.499999999999937
1937,203.700000,106.850000,1.000000,0.500000
1937,203.699999999992713,106.849999999996058,0.999999999999872,0.499999999999937
1938,203.800000,106.900000,1.000000,0.500000
1938,203.799999999992707,106.899999999996055,0.999999999999872,0.499999999999937
1939,203.900000,106.950000,1.000000,0.500000
1939,203.899999999992701,106.949999999996052,0.999999999999872,0.499999999999937
1940,204.000000,107.000000,1.000000,0.500000
1940,203.999999999992696,106.999999999996049,0.999999999999872,0.499999999999937
1941,204.100000,107.050000,1.000000,0.500000
1941,204.099999999992690,107.049999999996047,0.999999999999872,0.499999999999937
1942,204.200000,107.100000,1.000000,0.500000
1942,204.199999999992684,107.099999999996044,0.999999999999872,0.499999999999937
1943,204.300000,107.150000,1.000000,0.500000
1943,204.299999999992679,107.149999999996041,0.999999999999872,0.499999999999937
1944,204.400000,107.200000,1.000000,0.500000
1944,204.399999999992673,107.199999999996038,0.999999999999872,0.499999999999937
1945,204.500000,107.250000,1.000000,0.500000
1945,204.499999999992667,107.249999999996035,0.999999999999872,0.499999999999937
1946,204.600000,107.300000,1.000000,0.500000
1946,204.599999999992662,107.299999999996032,0.999999999999872,0.499999999999937
1947,204.700000,107.350000,1.000000,0.500000
1947,204.699999999992656,107.349999999996029,0.999999999999872,0.499999999999937
1948,204.800000,107.400000,1.000000,0.500000
1948,204.799999999992650,107.399999999996027,0.999999999999872,0.499999999999937
1949,204.900000,107.450000,1.000000,0.500000
1949,204.899999999992644,107.449999999996024,0.999999999999872,0.499999999999937
1950,205.000000,107.500000,1.000000,0.500000
1950,204.999999999992639,107.499999999996021,0.999999999999872,0.499999999999937
1951,205.100000,107.550000,1.000000,0.500000
1951,205.099999999992633,107.549999999996018,0.999999999999872,0.499999999999937
1952,205.200000,107.600000,1.000000,0.500000
1952,205.199999999992627,107.599999999996015,0.999999999999872,0.499999999999937
1953,205.300000,107.650000,1.000000,0.500000
1953,205.299999999992622,107.649999999996012,0.999999999999872,0.499999999999937
1954,205.400000,107.700000,1.000000,0.500000
1954,205.399999999992616,107.699999999996010,0.999999999999872,0.499999999999937
1955,205.500000,107.750000,1.000000,0.500000
1955,205.499999999992610,107.749999999996007,0.999999999999872,0.499999999999937
1956,205.600000,107.800000,1.000000,0.500000
1956,205.599999999992605,107.799999999996004,0.999999999999872,0.499999999999937
1957,205.700000,107.850000,1.000000,0.500000
1957,205.699999999992599,107.849999999996001,0.999999999999872,0.499999999999937
1958,205.800000,107.900000,1.000000,0.500000
1958,205.799999999992593,107.899999999995998,0.999999999999872,0.499999999999937
1959,205.900000,107.950000,1.000000,0.500000
1959,205.899999999992588,107.949999999995995,0.999999999999872,0.499999999999937
1960,206.000000,108.000000,1.000000,0.500000
1960,205.999999999992582,107.999999999995993,0.999999999999872,0.499999999999937
1961,206.100000,108.050000,1.000000,0.500000
1961,206.099999999992576,108.049999999995990,0.999999999999872,0.499999999999937
1962,206.200000,108.100000,1.000000,0.500000
1962,206.199999999992571,108.099999999995987,0.999999999999872,0.499999999999937
1963,206.300000,108.150000,1.000000,0.500000
1963,206.299999999992565,108.149999999995984,0.999999999999872,0.499999999999937
1964,206.400000,108.200000,1.000000,0.500000
1964,206.399999999992559,108.199999999995981,0.999999999999872,0.499999999999937
1965,206.500000,108.250000,1.000000,0.500000
1965,206.499999999992554,108.249999999995978,0.999999999999872,0.499999999999937
1966,206.600000,108.300000,1.000000,0.500000
1966,206.599999999992548,108.299999999995975,0.999999999999872,0.499999999999937
1967,206.700000,108.350000,1.000000,0.500000
1967,206.699999999992542,108.349999999995973,0.999999999999872,0.499999999999937
1968,206.800000,108.400000,1.000000,0.500000
1968,206.799999999992536,108.399999999995970,0.999999999999872,0.499999999999937
1969,206.900000,108.450000,1.000000,0.500000
1969,206.899999999992531,108.449999999995967,0.999999999999872,0.499999999999937
1970,207.000000,108.500000,1.000000,0.500000
1970,206.999999999992525,108.499999999995964,0.999999999999872,0.499999999999937
1971,207.100000,108.550000,1.000000,0.500000
1971,207.099999999992519,108.549999999995961,0.999999999999872,0.499999999999937
1972,207.200000,108.600000,1.000000,0.500000
1972,207.199999999992514,108.599999999995958,0.999999999999872,0.499999999999937
1973,207.300000,108.650000,1.000000,0.500000
1973,207.299999999992508,108.649999999995956,0.999999999999872,0.499999999999937
1974,207.400000,108.700000,1.000000,0.500000
1974,207.399999999992502,108.699999999995953,0.999999999999872,0.499999999999937
1975,207.500000,108.750000,1.000000,0.500000
1975,207.499999999992497,108.749999999995950,0.999999999999872,0.499999999999937
1976,207.600000,108.800000,1.000000,0.500000
1976,207.599999999992491,108.799999999995947,0.999999999999872,0.499999999999937
1977,207.700000,108.850000,1.000000,0.500000
1977,207.699999999992485,108.849999999995944,0.999999999999872,0.499999999999937
1978,207.800000,108.900000,1.000000,0.500000
1978,207.799999999992480,108.899999999995941,0.999999999999872,0.499999999999937
1979,207.900000,108.950000,1.000000,0.500000
1979,207.899999999992474,108.949999999995939,0.999999999999872,0.499999999999937
1980,208.000000,109.000000,1.000000,0.500000
1980,207.999999999992468,108.999999999995936,0.999999999999872,0.499999999999937
1981,208.100000,109.050000,1.000000,0.500000
1981,208.099999999992463,109.049999999995933,0.999999999999872,0.499999999999937
1982,208.200000,109.100000,1.000000,0.500000
1982,208.199999999992457,109.099999999995930,0.999999999999872,0.499999999999937
1983,208.300000,109.150000,1.000000,0.500000
1983,208.299999999992451,109.149999999995927,0.999999999999872,0.499999999999937
1984,208.400000,109.200000,1.000000,0.500000
1984,208.399999999992446,109.199999999995924,0.999999999999872,0.499999999999937
1985,208.500000,109.250000,1.000000,0.500000
1985,208.499999999992440,109.249999999995921,0.999999999999872,0.499999999999937
1986,208.600000,109.300000,1.000000,0.500000
1986,208.599999999992434,109.299999999995919,0.999999999999872,0.499999999999937
1987,208.700000,109.350000,1.000000,0.500000
1987,208.699999999992428,109.349999999995916,0.999999999999872,0.499999999999937
1988,208.800000,109.400000,1.000000,0.500000
1988,208.799999999992423,109.399999999995913,0.999999999999872,0.499999999999937
1989,208.900000,109.450000,1.000000,0.500000
1989,208.899999999992417,109.449999999995910,0.999999999999872,0.499999999999937
1990,209.000000,109.500000,1.000000,0.500000
1990,208.999999999992411,109.499999999995907,0.999999999999872,0.499999999999937
1991,209.100000,109.550000,1.000000,0.500000
1991,209.099999999992406,109.549999999995904,0.999999999999872,0.499999999999937
1992,209.200000,109.600000,1.000000,0.500000
1992,209.199999999992400,109.599999999995902,0.999999999999872,0.499999999999937
1993,209.300000,109.650000,1.000000,0.500000
1993,209.299999999992394,109.649999999995899,0.999999999999872,0.499999999999937
1994,209.400000,109.700000,1.000000,0.500000
1994,209.399999999992389,109.699999999995896,0.999999999999872,0.499999999999937
1995,209.500000,109.750000,1.000000,0.500000
1995,209.499999999992383,109.749999999995893,0.999999999999872,0.499999999999937
1996,209.600000,109.800000,1.000000,0.500000
1996,209.599999999992377,109.799999999995890,0.999999999999872,0.499999999999937
1997,209.700000,109.850000,1.000000,0.500000
1997,209.699999999992372,109.849999999995887,0.999999999999872,0.499999999999937
1998,209.800000,109.900000,1.000000,0.500000
1998,209.799999999992366,109.899999999995885,0.999999999999872,0.499999999999937
1999,209.900000,109.950000,1.000000,0.500000
1999,209.899999999992360,109.949999999995882,0.999999999999872,0.499999999999937
2000,210.000000,110.000000,1.000000,0.500000
2000,209.999999999992355,109.999999999995879,0.999999999999872,0.499999999999937
2001,210.100000,110.050000,1.000000,0.500000
2001,210.099999999992349,110.049999999995876,0.999999999999872,0.499999999999937
2002,210.200000,110.100000,1.000000,0.500000
2002,210.199999999992343,110.099999999995873,0.999999999999872,0.499999999999937
2003,210.300000,110.150000,1.000000,0.500000
2003,210.299999999992338,110.149999999995870,0.999999999999872,0.499999999999937
2004,210.400000,110.200000,1.000000,0.500000
2004,210.399999999992332,110.199999999995867,0.999999999999872,0.499999999999937
2005,210.500000,110.250000,1.000000,0.500000
2005,210.499999999992326,110.249999999995865,0.999999999999872,0.499999999999937
2006,210.600000,110.300000,1.000000,0.500000
2006,210.599999999992320,110.299999999995862,0.999999999999872,0.499999999999937
2007,210.700000,110.350000,1.000000,0.500000
2007,210.699999999992315,110.349999999995859,0.999999999999872,0.499999999999937
2008,210.800000,110.400000,1.000000,0.500000
2008,210.799999999992309,110.399999999995856,0.999999999999872,0.499999999999937
2009,210.900000,110.450000,1.000000,0.500000
2009,210.899999999992303,110.449999999995853,0.999999999999872,0.499999999999937
2010,211.000000,110.500000,1.000000,0.500000
2010,210.999999999992298,110.499999999995850,0.999999999999872,0.499999999999937
2011,211.100000,110.550000,1.000000,0.500000
2011,211.099999999992292,110.549999999995848,0.999999999999872,0.499999999999937
2012,211.200000,110.600000,1.000000,0.500000
2012,211.199999999992286,110.599999999995845,0.999999999999872,0.499999999999937
2013,211.300000,110.650000,1.000000,0.500000
2013,211.299999999992281,110.649999999995842,0.999999999999872,0.499999999999937
2014,211.400000,110.700000,1.000000,0.500000
2014,211.399999999992275,110.699999999995839,0.999999999999872,0.499999999999937
2015,211.500000,110.750000,1.000000,0.500000
2015,211.499999999992269,110.749999999995836,0.999999999999872,0.499999999999937
2016,211.600000,110.800000,1.000000,0.500000
2016,211.599999999992264,110.799999999995833,0.999999999999872,0.499999999999937
2017,211.700000,110.850000,1.000000,0.500000
2017,211.699999999992258,110.849999999995831,0.999999999999872,0.499999999999937
2018,211.800000,110.900000,1.000000,0.500000
2018,211.799999999992252,110.899999999995828,0.999999999999872,0.499999999999937
2019,211.900000,110.950000,1.000000,0.500000
2019,211.899999999992247,110.949999999995825,0.999999999999872,0.499999999999937
2020,212.000000,111.000000,1.000000,0.500000
2020,211.999999999992241,110.999999999995822,0.999999999999872,0.499999999999937
2021,212.100000,111.050000,1.000000,0.500000
2021,212.099999999992235,111.049999999995819,0.999999999999872,0.499999999999937
2022,212.200000,111.100000,1.000000,0.500000
2022,212.199999999992230,111.099999999995816,0.999999999999872,0.499999999999937
2023,212.300000,111.150000,1.000000,0.500000
2023,212.299999999992224,111.149999999995813,0.999999999999872,0.499999999999937
2024,212.400000,111.200000,1.000000,0.500000
2024,212.399999999992218,111.199999999995811,0.999999999999872,0.499999999999937
2025,212.500000,111.250000,1.000000,0.500000
2025,212.499999999992212,111.249999999995808,0.999999999999872,0.499999999999937
2026,212.600000,111.300000,1.000000,0.500000
2026,212.599999999992207,111.299999999995805,0.999999999999872,0.499999999999937
2027,212.700000,111.350000,1.000000,0.500000
2027,212.699999999992201,111.349999999995802,0.999999999999872,0.499999999999937
2028,212.800000,111.400000,1.000000,0.500000
2028,212.799999999992195,111.399999999995799,0.999999999999872,0.499999999999937
2029,212.900000,111.450000,1.000000,0.500000
2029,212.899999999992190,111.449999999995796,0.999999999999872,0.499999999999937
2030,213.000000,111.500000,1.000000,0.500000
2030,212.999999999992184,111.499999999995794,0.999999999999872,0.499999999999937
2031,213.100000,111.550000,1.000000,0.500000
2031,213.099999999992178,111.549999999995791,0.999999999999872,0.499999999999937
2032,213.200000,111.600000,1.000000,0.500000
2032,213.199999999992173,111.599999999995788,0.999999999999872,0.499999999999937
2033,213.300000,111.650000,1.000000,0.500000
2033,213.299999999992167,111.649999999995785,0.999999999999872,0.499999999999937
2034,213.400000,111.700000,1.000000,0.500000
2034,213.399999999992161,111.699999999995782,0.999999999999872,0.499999999999937
2035,213.500000,111.750000,1.000000,0.500000
2035,213.499999999992156,111.749999999995779,0.999999999999872,0.499999999999937
2036,213.600000,111.800000,1.000000,0.500000
2036,213.599999999992150,111.799999999995777,0.999999999999872,0.499999999999937
2037,213.700000,111.850000,1.000000,0.500000
2037,213.699999999992144,111.849999999995774,0.999999999999872,0.499999999999937
2038,213.800000,111.900000,1.000000,0.500000
2038,213.799999999992139,111.899999999995771,0.999999999999872,0.499999999999937
2039,213.900000,111.950000,1.000000,0.500000
2039,213.899999999992133,111.949999999995768,0.999999999999872,0.499999999999937
2040,214.000000,112.000000,1.000000,0.500000
2040,213.999999999992127,111.999999999995765,0.999999999999872,0.499999999999937
2041,214.100000,112.050000,1.000000,0.500000
2041,214.099999999992122,112.049999999995762,0.999999999999872,0.499999999999937
2042,214.200000,112.100000,1.000000,0.500000
2042,214.199999999992116,112.099999999995759,0.999999999999872,0.499999999999937
2043,214.300000,112.150000,1.000000,0.500000
2043,214.299999999992110,112.149999999995757,0.999999999999872,0.499999999999937
2044,214.400000,112.200000,1.000000,0.500000
2044,214.399999999992104,112.199999999995754,0.999999999999872,0.499999999999937
2045,214.500000,112.250000,1.000000,0.500000
2045,214.499999999992099,112.249999999995751,0.999999999999872,0.499999999999937
2046,214.600000,112.300000,1.000000,0.500000
2046,214.599999999992093,112.299999999995748,0.999999999999872,0.499999999999937
2047,214.700000,112.350000,1.000000,0.500000
2047,214.699999999992087,112.349999999995745,0.999999999999872,0.499999999999937
2048,214.800000,112.400000,1.000000,0.500000
2048,214.799999999992082,112.399999999995742,0.999999999999872,0.499999999999937
2049,214.900000,112.450000,1.000000,0.500000
2049,214.899999999992076,112.449999999995740,0.999999999999872,0.499999999999937
2050,215.000000,112.500000,1.000000,0.500000
2050,214.999999999992070,112.499999999995737,0.999999999999872,0.499999999999937
2051,215.100000,112.550000,1.000000,0.500000
2051,215.099999999992065,112.549999999995734,0.999999999999872,0.499999999999937
2052,215.200000,112.600000,1.000000,0.500000
2052,215.199999999992059,112.599999999995731,0.999999999999872,0.499999999999937
2053,215.300000,112.650000,1.000000,0.500000
2053,215.299999999992053,112.649999999995728,0.999999999999872,0.499999999999937
2054,215.400000,112.700000,1.000000,0.500000
2054,215.399999999992048,112.699999999995725,0.999999999999872,0.499999999999937
2055,215.500000,112.750000,1.000000,0.500000
2055,215.499999999992042,112.749999999995723,0.999999999999872,0.499999999999937
2056,215.600000,112.800000,1.000000,0.500000
2056,215.599999999992036,112.799999999995720,0.999999999999872,0.499999999999937
2057,215.700000,112.850000,1.000000,0.500000
2057,215.699999999992031,112.849999999995717,0.999999999999872,0.499999999999937
2058,215.800000,112.900000,1.000000,0.500000
2058,215.799999999992025,112.899999999995714,0.999999999999872,0.499999999999937
2059,215.900000,112.950000,1.000000,0.500000
2059,215.899999999992019,112.949999999995711,0.999999999999872,0.499999999999937
2060,216.000000,113.000000,1.000000,0.500000
2060,215.999999999992013,112.999999999995708,0.999999999999872,0.499999999999937
2061,216.100000,113.050000,1.000000,0.500000
2061,216.099999999992008,113.049999999995705,0.999999999999872,0.499999999999937
2062,216.200000,113.100000,1.000000,0.500000
2062,216.199999999992002,113.099999999995703,0.999999999999872,0.499999999999937
2063,216.300000,113.150000,1.000000,0.500000
2063,216.299999999991996,113.149999999995700,0.999999999999872,0.499999999999937
2064,216.400000,113.200000,1.000000,0.500000
2064,216.399999999991991,113.199999999995697,0.999999999999872,0.499999999999937
2065,216.500000,113.250000,1.000000,0.500000
2065,216.499999999991985,113.249999999995694,0.999999999999872,0.499999999999937
2066,216.600000,113.300000,1.000000,0.500000
2066,216.599999999991979,113.299999999995691,0.999999999999872,0.499999999999937
2067,216.700000,113.350000,1.000000,0.500000
2067,216.699999999991974,113.349999999995688,0.999999999999872,0.499999999999937
2068,216.800000,113.400000,1.000000,0.500000
2068,216.799999999991968,113.399999999995686,0.999999999999872,0.499999999999937
2069,216.900000,113.450000,1.000000,0.500000
2069,216.899999999991962,113.449999999995683,0.999999999999872,0.499999999999937
2070,217.000000,113.500000,1.000000,0.500000
2070,216.999999999991957,113.499999999995680,0.999999999999872,0.499999999999937
2071,217.100000,113.550000,1.000000,0.500000
2071,217.099999999991951,113.549999999995677,0.999999999999872,0.499999999999937
2072,217.200000,113.600000,1.000000,0.500000
2072,217.199999999991945,113.599999999995674,0.999999999999872,0.499999999999937
2073,217.300000,113.650000,1.000000,0.500000
2073,217.299999999991940,113.649999999995671,0.999999999999872,0.499999999999937
2074,217.400000,113.700000,1.000000,0.500000
2074,217.399999999991934,113.699999999995669,0.999999999999872,0.499999999999937
2075,217.500000,113.750000,1.000000,0.500000
2075,217.499999999991928,113.749999999995666,0.999999999999872,0.499999999999937
2076,217.600000,113.800000,1.000000,0.500000
2076,217.599999999991923,113.799999999995663,0.999999999999872,0.499999999999937
2077,217.700000,113.850000,1.000000,0.500000
2077,217.699999999991917,113.849999999995660,0.999999999999872,0.499999999999937
2078,217.800000,113.900000,1.000000,0.500000
2078,217.799999999991911,113.899999999995657,0.999999999999872,0.499999999999937
2079,217.900000,113.950000,1.000000,0.500000
2079,217.899999999991905,113.949999999995654,0.999999999999872,0.499999999999937
2080,218.000000,114.000000,1.000000,0.500000
2080,217.999999999991900,113.999999999995651,0.999999999999872,0.499999999999937
2081,218.100000,114.050000,1.000000,0.500000
2081,218.099999999991894,114.049999999995649,0.999999999999872,0.499999999999937
2082,218.200000,114.100000,1.000000,0.500000
2082,218.199999999991888,114.099999999995646,0.999999999999872,0.499999999999937
2083,218.300000,114.150000,1.000000,0.500000
2083,218.299999999991883,114.149999999995643,0.999999999999872,0.499999999999937
2084,218.400000,114.200000,1.000000,0.500000
2084,218.399999999991877,114.199999999995640,0.999999999999872,0.499999999999937
2085,218.500000,114.250000,1.000000,0.500000
2085,218.499999999991871,114.249999999995637,0.999999999999872,0.499999999999937
2086,218.600000,114.300000,1.000000,0.500000
2086,218.599999999991866,114.299999999995634,0.999999999999872,0.499999999999937
2087,218.700000,114.350000,1.000000,0.500000
2087,218.699999999991860,114.349999999995632,0.999999999999872,0.499999999999937
2088,218.800000,114.400000,1.000000,0.500000
2088,218.799999999991854,114.399999999995629,0.999999999999872,0.499999999999937
2089,218.900000,114.450000,1.000000,0.500000
2089,218.899999999991849,114.449999999995626,0.999999999999872,0.499999999999937
2090,219.000000,114.500000,1.000000,0.500000
2090,218.999999999991843,114.499999999995623,0.999999999999872,0.499999999999937
2091,219.100000,114.550000,1.000000,0.500000
2091,219.099999999991837,114.549999999995620,0.999999999999872,0.499999999999937
2092,219.200000,114.600000,1.000000,0.500000
2092,219.199999999991832,114.599999999995617,0.999999999999872,0.499999999999937
2093,219.300000,114.650000,1.000000,0.500000
2093,219.299999999991826,114.649999999995615,0.999999999999872,0.499999999999937
2094,219.400000,114.700000,1.000000,0.500000
2094,219.399999999991820,114.699999999995612,0.999999999999872,0.499999999999937
2095,219.500000,114.750000,1.000000,0.500000
2095,219.499999999991815,114.749999999995609,0.999999999999872,0.499999999999937
2096,219.600000,114.800000,1.000000,0.500000
2096,219.599999999991809,114.799999999995606,0.999999999999872,0.499999999999937
2097,219.700000,114.850000,1.000000,0.500000
2097,219.699999999991803,114.849999999995603,0.999999999999872,0.499999999999937
2098,219.800000,114.900000,1.000000,0.500000
2098,219.799999999991797,114.899999999995600,0.999999999999872,0.499999999999937
2099,219.900000,114.950000,1.000000,0.500000
2099,219.899999999991792,114.949999999995597,0.999999999999872,0.499999999999937
2100,220.000000,115.000000,1.000000,0.500000
2100,219.999999999991786,114.999999999995595,0.999999999999872,0.499999999999937
2101,220.100000,115.050000,1.000000,0.500000
2101,220.099999999991780,115.049999999995592,0.999999999999872,0.499999999999937
2102,220.200000,115.100000,1.000000,0.500000
2102,220.199999999991775,115.099999999995589,0.999999999999872,0.499999999999937
2103,220.300000,115.150000,1.000000,0.500000
2103,220.299999999991769,115.149999999995586,0.999999999999872,0.499999999999937
2104,220.400000,115.200000,1.000000,0.500000
2104,220.399999999991763,115.199999999995583,0.999999999999872,0.499999999999937
2105,220.500000,115.250000,1.000000,0.500000
2105,220.499999999991758,115.249999999995580,0.999999999999872,0.499999999999937
2106,220.600000,115.300000,1.000000,0.500000
2106,220.599999999991752,115.299999999995578,0.999999999999872,0.499999999999937
2107,220.700000,115.350000,1.000000,0.500000
2107,220.699999999991746,115.349999999995575,0.999999999999872,0.499999999999937
2108,220.800000,115.400000,1.000000,0.500000
2108,220.799999999991741,115.399999999995572,0.999999999999872,0.499999999999937
2109,220.900000,115.450000,1.000000,0.500000
2109,220.899999999991735,115.449999999995569,0.999999999999872,0.499999999999937
2110,221.000000,115.500000,1.000000,0.500000
2110,220.999999999991729,115.499999999995566,0.999999999999872,0.499999999999937
2111,221.100000,115.550000,1.000000,0.500000
2111,221.099999999991724,115.549999999995563,0.999999999999872,0.499999999999937
2112,221.200000,115.600000,1.000000,0.500000
2112,221.199999999991718,115.599999999995561,0.999999999999872,0.499999999999937
2113,221.300000,115.650000,1.000000,0.500000
2113,221.299999999991712,115.649999999995558,0.999999999999872,0.499999999999937
2114,221.400000,115.700000,1.000000,0.500000
2114,221.399999999991707,115.699999999995555,0.999999999999872,0.499999999999937
2115,221.500000,115.750000,1.000000,0.500000
2115,221.499999999991701,115.749999999995552,0.999999999999872,0.499999999999937
2116,221.600000,115.800000,1.000000,0.500000
2116,221.599999999991695,115.799999999995549,0.999999999999872,0.499999999999937
2117,221.700000,115.850000,1.000000,0.500000
2117,221.699999999991689,115.849999999995546,0.999999999999872,0.499999999999937
2118,221.800000,115.900000,1.000000,0.500000
2118,221.799999999991684,115.899999999995543,0.999999999999872,0.499999999999937
2119,221.900000,115.950000,1.000000,0.500000
2119,221.899999999991678,115.949999999995541,0.999999999999872,0.499999999999937
2120,222.000000,116.000000,1.000000,0.500000
2120,221.999999999991672,115.999999999995538,0.999999999999872,0.499999999999937
2121,222.100000,116.050000,1.000000,0.500000
2121,222.099999999991667,116.049999999995535,0.999999999999872,0.499999999999937
2122,222.200000,116.100000,1.000000,0.500000
2122,222.199999999991661,116.099999999995532,0.999999999999872,0.499999999999937
2123,222.300000,116.150000,1.000000,0.500000
2123,222.299999999991655,116.149999999995529,0.999999999999872,0.499999999999937
2124,222.400000,116.200000,1.000000,0.500000
2124,222.399999999991650,116.199999999995526,0.999999999999872,0.499999999999937
2125,222.500000,116.250000,1.000000,0.500000
2125,222.499999999991644,116.249999999995524,0.999999999999872,0.499999999999937
2126,222.600000,116.300000,1.000000,0.500000
2126,222.599999999991638,116.299999999995521,0.999999999999872,0.499999999999937
2127,222.700000,116.350000,1.000000,0.500000
2127,222.699999999991633,116.349999999995518,0.999999999999872,0.499999999999937
2128,222.800000,116.400000,1.000000,0.500000
2128,222.799999999991627,116.399999999995515,0.999999999999872,0.499999999999937
2129,222.900000,116.450000,1.000000,0.500000
2129,222.899999999991621,116.449999999995512,0.999999999999872,0.499999999999937
2130,223.000000,116.500000,1.000000,0.500000
2130,222.999999999991616,116.499999999995509,0.999999999999872,0.499999999999937
2131,223.100000,116.550000,1.000000,0.500000
2131,223.099999999991610,116.549999999995507,0.999999999999872,0.499999999999937
2132,223.200000,116.600000,1.000000,0.500000
2132,223.199999999991604,116.599999999995504,0.999999999999872,0.499999999999937
2133,223.300000,116.650000,1.000000,0.500000
2133,223.299999999991599,116.649999999995501,0.999999999999872,0.499999999999937
2134,223.400000,116.700000,1.000000,0.500000
2134,223.399999999991593,116.699999999995498,0.999999999999872,0.499999999999937
2135,223.500000,116.750000,1.000000,0.500000
2135,223.499999999991587,116.749999999995495,0.999999999999872,0.499999999999937
2136,223.600000,116.800000,1.000000,0.500000
2136,223.599999999991581,116.799999999995492,0.999999999999872,0.499999999999937
2137,223.700000,116.850000,1.000000,0.500000
2137,223.699999999991576,116.849999999995489,0.999999999999872,0.499999999999937
2138,223.800000,116.900000,1.000000,0.500000
2138,223.799999999991570,116.899999999995487,0.999999999999872,0.499999999999937
2139,223.900000,116.950000,1.000000,0.500000
2139,223.899999999991564,116.949999999995484,0.999999999999872,0.499999999999937
2140,224.000000,117.000000,1.000000,0.500000
2140,223.999999999991559,116.999999999995481,0.999999999999872,0.499999999999937
2141,224.100000,117.050000,1.000000,0.500000
2141,224.099999999991553,117.049999999995478,0.999999999999872,0.499999999999937
2142,224.200000,117.100000,1.000000,0.500000
2142,224.199999999991547,117.099999999995475,0.999999999999872,0.499999999999937
2143,224.300000,117.150000,1.000000,0.500000
2143,224.299999999991542,117.149999999995472,0.999999999999872,0.499999999999937
2144,224.400000,117.200000,1.000000,0.500000
2144,224.399999999991536,117.199999999995470,0.999999999999872,0.499999999999937
2145,224.500000,117.250000,1.000000,0.500000
2145,224.499999999991530,117.249999999995467,0.999999999999872,0.499999999999937
2146,224.600000,117.300000,1.000000,0.500000
2146,224.599999999991525,117.299999999995464,0.999999999999872,0.499999999999937
2147,224.700000,117.350000,1.000000,0.500000
2147,224.699999999991519,117.349999999995461,0.999999999999872,0.499999999999937
2148,224.800000,117.400000,1.000000,0.500000
2148,224.799999999991513,117.399999999995458,0.999999999999872,0.499999999999937
2149,224.900000,117.450000,1.000000,0.500000
2149,224.899999999991508,117.449999999995455,0.999999999999872,0.499999999999937
2150,225.000000,117.500000,1.000000,0.500000
2150,224.999999999991502,117.499999999995453,0.999999999999872,0.499999999999937
2151,225.100000,117.550000,1.000000,0.500000
2151,225.099999999991496,117.549999999995450,0.999999999999872,0.499999999999937
2152,225.200000,117.600000,1.000000,0.500000
2152,225.199999999991491,117.599999999995447,0.999999999999872,0.499999999999937
2153,225.300000,117.650000,1.000000,0.500000
2153,225.299999999991485,117.649999999995444,0.999999999999872,0.499999999999937
2154,225.400000,117.700000,1.000000,0.500000
2154,225.399999999991479,117.699999999995441,0.999999999999872,0.499999999999937
2155,225.500000,117.750000,1.000000,0.500000
2155,225.499999999991473,117.749999999995438,0.999999999999872,0.499999999999937
2156,225.600000,117.800000,1.000000,0.500000
2156,225.599999999991468,117.799999999995435,0.999999999999872,0.499999999999937
2157,225.700000,117.850000,1.000000,0.500000
2157,225.699999999991462,117.849999999995433,0.999999999999872,0.499999999999937
2158,225.800000,117.900000,1.000000,0.500000
2158,225.799999999991456,117.899999999995430,0.999999999999872,0.499999999999937
2159,225.900000,117.950000,1.000000,0.500000
2159,225.899999999991451,117.949999999995427,0.999999999999872,0.499999999999937
2160,226.000000,118.000000,1.000000,0.500000
2160,225.999999999991445,117.999999999995424,0.999999999999872,0.499999999999937
2161,226.100000,118.050000,1.000000,0.500000
2161,226.099999999991439,118.049999999995421,0.999999999999872,0.499999999999937
2162,226.200000,118.100000,1.000000,0.500000
2162,226.199999999991434,118.099999999995418,0.999999999999872,0.499999999999937
2163,226.300000,118.150000,1.000000,0.500000
2163,226.299999999991428,118.149999999995416,0.999999999999872,0.499999999999937
2164,226.400000,118.200000,1.000000,0.500000
2164,226.399999999991422,118.199999999995413,0.999999999999872,0.499999999999937
2165,226.500000,118.250000,1.000000,0.500000
2165,226.499999999991417,118.249999999995410,0.999999999999872,0.499999999999937
2166,226.600000,118.300000,1.000000,0.500000
2166,226.599999999991411,118.299999999995407,0.999999999999872,0.499999999999937
2167,226.700000,118.350000,1.000000,0.500000
2167,226.699999999991405,118.349999999995404,0.999999999999872,0.499999999999937
2168,226.800000,118.400000,1.000000,0.500000
2168,226.799999999991400,118.399999999995401,0.999999999999872,0.499999999999937
2169,226.900000,118.450000,1.000000,0.500000
2169,226.899999999991394,118.449999999995399,0.999999999999872,0.499999999999937
2170,227.000000,118.500000,1.000000,0.500000
2170,226.999999999991388,118.499999999995396,0.999999999999872,0.499999999999937
2171,227.100000,118.550000,1.000000,0.500000
2171,227.099999999991383,118.549999999995393,0.999999999999872,0.499999999999937
2172,227.200000,118.600000,1.000000,0.500000
2172,227.199999999991377,118.599999999995390,0.999999999999872,0.499999999999937
2173,227.300000,118.650000,1.000000,0.500000
2173,227.299999999991371,118.649999999995387,0.999999999999872,0.499999999999937
2174,227.400000,118.700000,1.000000,0.500000
2174,227.399999999991365,118.699999999995384,0.999999999999872,0.499999999999937
2175,227.500000,118.750000,1.000000,0.500000
2175,227.499999999991360,118.749999999995381,0.999999999999872,0.499999999999937
2176,227.600000,118.800000,1.000000,0.500000
2176,227.599999999991354,118.799999999995379,0.999999999999872,0.499999999999937
2177,227.700000,118.850000,1.000000,0.500000
2177,227.699999999991348,118.849999999995376,0.999999999999872,0.499999999999937
2178,227.800000,118.900000,1.000000,0.500000
2178,227.799999999991343,118.899999999995373,0.999999999999872,0.499999999999937
2179,227.900000,118.950000,1.000000,0.500000
2179,227.899999999991337,118.949999999995370,0.999999999999872,0.499999999999937
2180,228.000000,119.000000,1.000000,0.500000
2180,227.999999999991331,118.999999999995367,0.999999999999872,0.499999999999937
2181,228.100000,119.050000,1.000000,0.500000
2181,228.099999999991326,119.049999999995364,0.999999999999872,0.499999999999937
2182,228.200000,119.100000,1.000000,0.500000
2182,228.199999999991320,119.099999999995362,0.999999999999872,0.499999999999937
2183,228.300000,119.150000,1.000000,0.500000
2183,228.299999999991314,119.149999999995359,0.999999999999872,0.499999999999937
2184,228.400000,119.200000,1.000000,0.500000
2184,228.399999999991309,119.199999999995356,0.999999999999872,0.499999999999937
2185,228.500000,119.250000,1.000000,0.500000
2185,228.499999999991303,119.249999999995353,0.999999999999872,0.499999999999937
2186,228.600000,119.300000,1.000000,0.500000
2186,228.599999999991297,119.299999999995350,0.999999999999872,0.499999999999937
2187,228.700000,119.350000,1.000000,0.500000
2187,228.699999999991292,119.349999999995347,0.999999999999872,0.499999999999937
2188,228.800000,119.400000,1.000000,0.500000
2188,228.799999999991286,119.399999999995345,0.999999999999872,0.499999999999937
2189,228.900000,119.450000,1.000000,0.500000
2189,228.899999999991280,119.449999999995342,0.999999999999872,0.499999999999937
2190,229.000000,119.500000,1.000000,0.500000
2190,228.999999999991275,119.499999999995339,0.999999999999872,0.499999999999937
2191,229.100000,119.550000,1.000000,0.500000
2191,229.099999999991269,119.549999999995336,0.999999999999872,0.499999999999937
2192,229.200000,119.600000,1.000000,0.500000
2192,229.199999999991263,119.599999999995333,0.999999999999872,0.499999999999937
2193,229.300000,119.650000,1.000000,0.500000
2193,229.299999999991257,119.649999999995330,0.999999999999872,0.499999999999937
2194,229.400000,119.700000,1.000000,0.500000
2194,229.399999999991252,119.699999999995327,0.999999999999872,0.499999999999937
2195,229.500000,119.750000,1.000000,0.500000
2195,229.499999999991246,119.749999999995325,0.999999999999872,0.499999999999937
2196,229.600000,119.800000,1.000000,0.500000
2196,229.599999999991240,119.799999999995322,0.999999999999872,0.499999999999937
2197,229.700000,119.850000,1.000000,0.500000
2197,229.699999999991235,119.849999999995319,0.999999999999872,0.499999999999937
2198,229.800000,119.900000,1.000000,0.500000
2198,229.799999999991229,119.899999999995316,0.999999999999872,0.499999999999937
2199,229.900000,119.950000,1.000000,0.500000
2199,229.899999999991223,119.949999999995313,0.999999999999872,0.499999999999937
2200,230.000000,120.000000,1.000000,0.500000
2200,229.999999999991218,119.999999999995310,0.999999999999872,0.499999999999937
2201,230.100000,120.050000,1.000000,0.500000
2201,230.099999999991212,120.049999999995308,0.999999999999872,0.499999999999937
2202,230.200000,120.100000,1.000000,0.500000
2202,230.199999999991206,120.099999999995305,0.999999999999872,0.499999999999937
2203,230.300000,120.150000,1.000000,0.500000
2203,230.299999999991201,120.149999999995302,0.999999999999872,0.499999999999937
2204,230.400000,120.200000,1.000000,0.500000
2204,230.399999999991195,120.199999999995299,0.999999999999872,0.499999999999937
2205,230.500000,120.250000,1.000000,0.500000
2205,230.499999999991189,120.249999999995296,0.999999999999872,0.499999999999937
2206,230.600000,120.300000,1.000000,0.500000
2206,230.599999999991184,120.299999999995293,0.999999999999872,0.499999999999937
2207,230.700000,120.350000,1.000000,0.500000
2207,230.699999999991178,120.349999999995291,0.999999999999872,0.499999999999937
2208,230.800000,120.400000,1.000000,0.500000
2208,230.799999999991172,120.399999999995288,0.999999999999872,0.499999999999937
2209,230.900000,120.450000,1.000000,0.500000
2209,230.899999999991167,120.449999999995285,0.999999999999872,0.499999999999937
2210,231.000000,120.500000,1.000000,0.500000
2210,230.999999999991161,120.499999999995282,0.999999999999872,0.499999999999937
2211,231.100000,120.550000,1.000000,0.500000
2211,231.099999999991155,120.549999999995279,0.999999999999872,0.499999999999937
2212,231.200000,120.600000,1.000000,0.500000
2212,231.199999999991149,120.599999999995276,0.999999999999872,0.499999999999937
2213,231.300000,120.650000,1.000000,0.500000
2213,231.299999999991144,120.649999999995273,0.999999999999872,0.499999999999937
2214,231.400000,120.700000,1.000000,0.500000
2214,231.399999999991138,120.699999999995271,0.999999999999872,0.499999999999937
2215,231.500000,120.750000,1.000000,0.500000
2215,231.499999999991132,120.749999999995268,0.999999999999872,0.499999999999937
2216,231.600000,120.800000,1.000000,0.500000
2216,231.599999999991127,120.799999999995265,0.999999999999872,0.499999999999937
2217,231.700000,120.850000,1.000000,0.500000
2217,231.699999999991121,120.849999999995262,0.999999999999872,0.499999999999937
2218,231.800000,120.900000,1.000000,0.500000
2218,231.799999999991115,120.899999999995259,0.999999999999872,0.499999999999937
2219,231.900000,120.950000,1.000000,0.500000
2219,231.899999999991110,120.949999999995256,0.999999999999872,0.499999999999937
2220,232.000000,121.000000,1.000000,0.500000
2220,231.999999999991104,120.999999999995254,0.999999999999872,0.499999999999937
2221,232.100000,121.050000,1.000000,0.500000
2221,232.099999999991098,121.049999999995251,0.999999999999872,0.499999999999937
2222,232.200000,121.100000,1.000000,0.500000
2222,232.199999999991093,121.099999999995248,0.999999999999872,0.499999999999937
2223,232.300000,121.150000,1.000000,0.500000
2223,232.299999999991087,121.149999999995245,0.999999999999872,0.499999999999937
2224,232.400000,121.200000,1.000000,0.500000
2224,232.399999999991081,121.199999999995242,0.999999999999872,0.499999999999937
2225,232.500000,121.250000,1.000000,0.500000
2225,232.499999999991076,121.249999999995239,0.999999999999872,0.499999999999937
2226,232.600000,121.300000,1.000000,0.500000
2226,232.599999999991070,121.299999999995237,0.999999999999872,0.499999999999937
2227,232.700000,121.350000,1.000000,0.500000
2227,232.699999999991064,121.349999999995234,0.999999999999872,0.499999999999937
2228,232.800000,121.400000,1.000000,0.500000
2228,232.799999999991059,121.399999999995231,0.999999999999872,0.499999999999937
2229,232.900000,121.450000,1.000000,0.500000
2229,232.899999999991053,121.449999999995228,0.999999999999872,0.499999999999937
2230,233.000000,121.500000,1.000000,0.500000
2230,232.999999999991047,121.499999999995225,0.999999999999872,0.499999999999937
2231,233.100000,121.550000,1.000000,0.500000
2231,233.099999999991041,121.549999999995222,0.999999999999872,0.499999999999937
2232,233.200000,121.600000,1.000000,0.500000
2232,233.199999999991036,121.599999999995219,0.999999999999872,0.499999999999937
2233,233.300000,121.650000,1.000000,0.500000
2233,233.299999999991030,121.649999999995217,0.999999999999872,0.499999999999937
2234,233.400000,121.700000,1.000000,0.500000
2234,233.399999999991024,121.699999999995214,0.999999999999872,0.499999999999937
2235,233.500000,121.750000,1.000000,0.500000
2235,233.499999999991019,121.749999999995211,0.999999999999872,0.499999999999937
2236,233.600000,121.800000,1.000000,0.500000
2236,233.599999999991013,121.799999999995208,0.999999999999872,0.499999999999937
2237,233.700000,121.850000,1.000000,0.500000
2237,233.699999999991007,121.849999999995205,0.999999999999872,0.499999999999937
2238,233.800000,121.900000,1.000000,0.500000
2238,233.799999999991002,121.899999999995202,0.999999999999872,0.499999999999937
2239,233.900000,121.950000,1.000000,0.500000
2239,233.899999999990996,121.949999999995200,0.999999999999872,0.499999999999937
2240,234.000000,122.000000,1.000000,0.500000
2240,233.999999999990990,121.999999999995197,0.999999999999872,0.499999999999937
2241,234.100000,122.050000,1.000000,0.500000
2241,234.099999999990985,122.049999999995194,0.999999999999872,0.499999999999937
2242,234.200000,122.100000,1.000000,0.500000
2242,234.199999999990979,122.099999999995191,0.999999999999872,0.499999999999937
2243,234.300000,122.150000,1.000000,0.500000
2243,234.299999999990973,122.149999999995188,0.999999999999872,0.499999999999937
2244,234.400000,122.200000,1.000000,0.500000
2244,234.399999999990968,122.199999999995185,0.999999999999872,0.499999999999937
2245,234.500000,122.250000,1.000000,0.500000
2245,234.499999999990962,122.249999999995183,0.999999999999872,0.499999999999937
2246,234.600000,122.300000,1.000000,0.500000
2246,234.599999999990956,122.299999999995180,0.999999999999872,0.499999999999937
2247,234.700000,122.350000,1.000000,0.500000
2247,234.699999999990951,122.349999999995177,0.999999999999872,0.499999999999937
2248,234.800000,122.400000,1.000000,0.500000
2248,234.799999999990945,122.399999999995174,0.999999999999872,0.499999999999937
2249,234.900000,122.450000,1.000000,0.500000
2249,234.899999999990939,122.449999999995171,0.999999999999872,0.499999999999937
2250,235.000000,122.500000,1.000000,0.500000
2250,234.999999999990933,122.499999999995168,0.999999999999872,0.499999999999937
2251,235.100000,122.550000,1.000000,0.500000
2251,235.099999999990928,122.549999999995165,0.999999999999872,0.499999999999937
2252,235.200000,122.600000,1.000000,0.500000
2252,235.199999999990922,122.599999999995163,0.999999999999872,0.499999999999937
2253,235.300000,122.650000,1.000000,0.500000
2253,235.299999999990916,122.649999999995160,0.999999999999872,0.499999999999937
2254,235.400000,122.700000,1.000000,0.500000
2254,235.399999999990911,122.699999999995157,0.999999999999872,0.499999999999937
2255,235.500000,122.750000,1.000000,0.500000
2255,235.499999999990905,122.749999999995154,0.999999999999872,0.499999999999937
2256,235.600000,122.800000,1.000000,0.500000
2256,235.599999999990899,122.799999999995151,0.999999999999872,0.499999999999937
2257,235.700000,122.850000,1.000000,0.500000
2257,235.699999999990894,122.849999999995148,0.999999999999872,0.499999999999937
2258,235.800000,122.900000,1.000000,0.500000
2258,235.799999999990888,122.899999999995146,0.999999999999872,0.499999999999937
2259,235.900000,122.950000,1.000000,0.500000
2259,235.899999999990882,122.949999999995143,0.999999999999872,0.499999999999937
2260,236.000000,123.000000,1.000000,0.500000
2260,235.999999999990877,122.999999999995140,0.999999999999872,0.499999999999937
2261,236.100000,123.050000,1.000000,0.500000
2261,236.099999999990871,123.049999999995137,0.999999999999872,0.499999999999937
2262,236.200000,123.100000,1.000000,0.500000
2262,236.199999999990865,123.099999999995134,0.999999999999872,0.499999999999937
2263,236.300000,123.150000,1.000000,0.500000
2263,236.299999999990860,123.149999999995131,0.999999999999872,0.499999999999937
2264,236.400000,123.200000,1.000000,0.500000
2264,236.399999999990854,123.199999999995129,0.999999999999872,0.499999999999937
2265,236.500000,123.250000,1.000000,0.500000
2265,236.499999999990848,123.249999999995126,0.999999999999872,0.499999999999937
2266,236.600000,123.300000,1.000000,0.500000
2266,236.599999999990843,123.299999999995123,0.999999999999872,0.499999999999937
2267,236.700000,123.350000,1.000000,0.500000
2267,236.699999999990837,123.349999999995120,0.999999999999872,0.499999999999937
2268,236.800000,123.400000,1.000000,0.500000
2268,236.799999999990831,123.399999999995117,0.999999999999872,0.499999999999937
2269,236.900000,123.450000,1.000000,0.500000
2269,236.899999999990825,123.449999999995114,0.999999999999872,0.499999999999937
2270,237.000000,123.500000,1.000000,0.500000
2270,236.999999999990820,123.499999999995111,0.999999999999872,0.499999999999937
2271,237.100000,123.550000,1.000000,0.500000
2271,237.099999999990814,123.549999999995109,0.999999999999872,0.499999999999937
2272,237.200000,123.600000,1.000000,0.500000
2272,237.199999999990808,123.599999999995106,0.999999999999872,0.499999999999937
2273,237.300000,123.650000,1.000000,0.500000
2273,237.299999999990803,123.649999999995103,0.999999999999872,0.499999999999937
2274,237.400000,123.700000,1.000000,0.500000
2274,237.399999999990797,123.699999999995100,0.999999999999872,0.499999999999937
2275,237.500000,123.750000,1.000000,0.500000
2275,237.499999999990791,123.749999999995097,0.999999999999872,0.499999999999937
2276,237.600000,123.800000,1.000000,0.500000
2276,237.599999999990786,123.799999999995094,0.999999999999872,0.499999999999937
2277,237.700000,123.850000,1.000000,0.500000
2277,237.699999999990780,123.849999999995092,0.999999999999872,0.499999999999937
2278,237.800000,123.900000,1.000000,0.500000
2278,237.799999999990774,123.899999999995089,0.999999999999872,0.499999999999937
2279,237.900000,123.950000,1.000000,0.500000
2279,237.899999999990769,123.949999999995086,0.999999999999872,0.499999999999937
2280,238.000000,124.000000,1.000000,0.500000
2280,237.999999999990763,123.999999999995083,0.999999999999872,0.499999999999937
2281,238.100000,124.050000,1.000000,0.500000
2281,238.099999999990757,124.049999999995080,0.999999999999872,0.499999999999937
2282,238.200000,124.100000,1.000000,0.500000
2282,238.199999999990752,124.099999999995077,0.999999999999872,0.499999999999937
2283,238.300000,124.150000,1.000000,0.500000
2283,238.299999999990746,124.149999999995075,0.999999999999872,0.499999999999937
2284,238.400000,124.200000,1.000000,0.500000
2284,238.399999999990740,124.199999999995072,0.999999999999872,0.499999999999937
2285,238.500000,124.250000,1.000000,0.500000
2285,238.499999999990735,124.249999999995069,0.999999999999872,0.499999999999937
2286,238.600000,124.300000,1.000000,0.500000
2286,238.599999999990729,124.299999999995066,0.999999999999872,0.499999999999937
2287,238.700000,124.350000,1.000000,0.500000
2287,238.699999999990723,124.349999999995063,0.999999999999872,0.499999999999937
2288,238.800000,124.400000,1.000000,0.500000
2288,238.799999999990717,124.399999999995060,0.999999999999872,0.499999999999937
2289,238.900000,124.450000,1.000000,0.500000
2289,238.899999999990712,124.449999999995057,0.999999999999872,0.499999999999937
2290,239.000000,124.500000,1.000000,0.500000
2290,238.999999999990706,124.499999999995055,0.999999999999872,0.499999999999937
2291,239.100000,124.550000,1.000000,0.500000
2291,239.099999999990700,124.549999999995052,0.999999999999872,0.499999999999937
2292,239.200000,124.600000,1.000000,0.500000
2292,239.199999999990695,124.599999999995049,0.999999999999872,0.499999999999937
2293,239.300000,124.650000,1.000000,0.500000
2293,239.299999999990689,124.649999999995046,0.999999999999872,0.499999999999937
2294,239.400000,124.700000,1.000000,0.500000
2294,239.399999999990683,124.699999999995043,0.999999999999872,0.499999999999937
2295,239.500000,124.750000,1.000000,0.500000
2295,239.499999999990678,124.749999999995040,0.999999999999872,0.499999999999937
2296,239.600000,124.800000,1.000000,0.500000
2296,239.599999999990672,124.799999999995038,0.999999999999872,0.499999999999937
2297,239.700000,124.850000,1.000000,0.500000
2297,239.699999999990666,124.849999999995035,0.999999999999872,0.499999999999937
2298,239.800000,124.900000,1.000000,0.500000
2298,239.799999999990661,124.899999999995032,0.999999999999872,0.499999999999937
2299,239.900000,124.950000,1.000000,0.500000
2299,239.899999999990655,124.949999999995029,0.999999999999872,0.499999999999937
2300,240.000000,125.000000,1.000000,0.500000
2300,239.999999999990649,124.999999999995026,0.999999999999872,0.499999999999937
2301,240.100000,125.050000,1.000000,0.500000
2301,240.099999999990644,125.049999999995023,0.999999999999872,0.499999999999937
2302,240.200000,125.100000,1.000000,0.500000
2302,240.199999999990638,125.099999999995021,0.999999999999872,0.499999999999937
2303,240.300000,125.150000,1.000000,0.500000
2303,240.299999999990632,125.149999999995018,0.999999999999872,0.499999999999937
2304,240.400000,125.200000,1.000000,0.500000
2304,240.399999999990627,125.199999999995015,0.999999999999872,0.499999999999937
2305,240.500000,125.250000,1.000000,0.500000
2305,240.499999999990621,125.249999999995012,0.999999999999872,0.499999999999937
2306,240.600000,125.300000,1.000000,0.500000
2306,240.599999999990615,125.299999999995009,0.999999999999872,0.499999999999937
2307,240.700000,125.350000,1.000000,0.500000
2307,240.699999999990609,125.349999999995006,0.999999999999872,0.499999999999937
2308,240.800000,125.400000,1.000000,0.500000
2308,240.799999999990604,125.399999999995003,0.999999999999872,0.499999999999937
2309,240.900000,125.450000,1.000000,0.500000
2309,240.899999999990598,125.449999999995001,0.999999999999872,0.499999999999937
2310,241.000000,125.500000,1.000000,0.500000
2310,240.999999999990592,125.499999999994998,0.999999999999872,0.499999999999937
2311,241.100000,125.550000,1.000000,0.500000
2311,241.099999999990587,125.549999999994995,0.999999999999872,0.499999999999937
2312,241.200000,125.600000,1.000000,0.500000
2312,241.199999999990581,125.599999999994992,0.999999999999872,0.499999999999937
2313,241.300000,125.650000,1.000000,0.500000
2313,241.299999999990575,125.649999999994989,0.999999999999872,0.499999999999937
2314,241.400000,125.700000,1.000000,0.500000
2314,241.399999999990570,125.699999999994986,0.999999999999872,0.499999999999937
2315,241.500000,125.750000,1.000000,0.500000
2315,241.499999999990564,125.749999999994984,0.999999999999872,0.499999999999937
2316,241.600000,125.800000,1.000000,0.500000
2316,241.599999999990558,125.799999999994981,0.999999999999872,0.499999999999937
2317,241.700000,125.850000,1.000000,0.500000
2317,241.699999999990553,125.849999999994978,0.999999999999872,0.499999999999937
2318,241.800000,125.900000,1.000000,0.500000
2318,241.799999999990547,125.899999999994975,0.999999999999872,0.499999999999937
2319,241.900000,125.950000,1.000000,0.500000
2319,241.899999999990541,125.949999999994972,0.999999999999872,0.499999999999937
2320,242.000000,126.000000,1.000000,0.500000
2320,241.999999999990536,125.999999999994969,0.999999999999872,0.499999999999937
2321,242.100000,126.050000,1.000000,0.500000
2321,242.099999999990530,126.049999999994967,0.999999999999872,0.499999999999937
2322,242.200000,126.100000,1.000000,0.500000
2322,242.199999999990524,126.099999999994964,0.999999999999872,0.499999999999937
2323,242.300000,126.150000,1.000000,0.500000
2323,242.299999999990519,126.149999999994961,0.999999999999872,0.499999999999937
2324,242.400000,126.200000,1.000000,0.500000
2324,242.399999999990513,126.199999999994958,0.999999999999872,0.499999999999937
2325,242.500000,126.250000,1.000000,0.500000
2325,242.499999999990507,126.249999999994955,0.999999999999872,0.499999999999937
2326,242.600000,126.300000,1.000000,0.500000
2326,242.599999999990501,126.299999999994952,0.999999999999872,0.499999999999937
2327,242.700000,126.350000,1.000000,0.500000
2327,242.699999999990496,126.349999999994949,0.999999999999872,0.499999999999937
2328,242.800000,126.400000,1.000000,0.500000
2328,242.799999999990490,126.399999999994947,0.999999999999872,0.499999999999937
2329,242.900000,126.450000,1.000000,0.500000
2329,242.899999999990484,126.449999999994944,0.999999999999872,0.499999999999937
2330,243.000000,126.500000,1.000000,0.500000
2330,242.999999999990479,126.499999999994941,0.999999999999872,0.499999999999937
2331,243.100000,126.550000,1.000000,0.500000
2331,243.099999999990473,126.549999999994938,0.999999999999872,0.499999999999937
2332,243.200000,126.600000,1.000000,0.500000
2332,243.199999999990467,126.599999999994935,0.999999999999872,0.499999999999937
2333,243.300000,126.650000,1.000000,0.500000
2333,243.299999999990462,126.649999999994932,0.999999999999872,0.499999999999937
2334,243.400000,126.700000,1.000000,0.500000
2334,243.399999999990456,126.699999999994930,0.999999999999872,0.499999999999937
2335,243.500000,126.750000,1.000000,0.500000
2335,243.499999999990450,126.749999999994927,0.999999999999872,0.499999999999937
2336,243.600000,126.800000,1.000000,0.500000
2336,243.599999999990445,126.799999999994924,0.999999999999872,0.499999999999937
2337,243.700000,126.850000,1.000000,0.500000
2337,243.699999999990439,126.849999999994921,0.999999999999872,0.499999999999937
2338,243.800000,126.900000,1.000000,0.500000
2338,243.799999999990433,126.899999999994918,0.999999999999872,0.499999999999937
2339,243.900000,126.950000,1.000000,0.500000
2339,243.899999999990428,126.949999999994915,0.999999999999872,0.499999999999937
2340,244.000000,127.000000,1.000000,0.500000
2340,243.999999999990422,126.999999999994913,0.999999999999872,0.499999999999937
2341,244.100000,127.050000,1.000000,0.500000
2341,244.099999999990416,127.049999999994910,0.999999999999872,0.499999999999937
2342,244.200000,127.100000,1.000000,0.500000
2342,244.199999999990411,127.099999999994907,0.999999999999872,0.499999999999937
2343,244.300000,127.150000,1.000000,0.500000
2343,244.299999999990405,127.149999999994904,0.999999999999872,0.499999999999937
2344,244.400000,127.200000,1.000000,0.500000
2344,244.399999999990399,127.199999999994901,0.999999999999872,0.499999999999937
2345,244.500000,127.250000,1.000000,0.500000
2345,244.499999999990393,127.249999999994898,0.999999999999872,0.499999999999937
2346,244.600000,127.300000,1.000000,0.500000
2346,244.599999999990388,127.299999999994895,0.999999999999872,0.499999999999937
2347,244.700000,127.350000,1.000000,0.500000
2347,244.699999999990382,127.349999999994893,0.999999999999872,0.499999999999937
2348,244.800000,127.400000,1.000000,0.500000
2348,244.799999999990376,127.399999999994890,0.999999999999872,0.499999999999937
2349,244.900000,127.450000,1.000000,0.500000
2349,244.899999999990371,127.449999999994887,0.999999999999872,0.499999999999937
2350,245.000000,127.500000,1.000000,0.500000
2350,244.999999999990365,127.499999999994884,0.999999999999872,0.499999999999937
2351,245.100000,127.550000,1.000000,0.500000
2351,245.099999999990359,127.549999999994881,0.999999999999872,0.499999999999937
2352,245.200000,127.600000,1.000000,0.500000
2352,245.199999999990354,127.599999999994878,0.999999999999872,0.499999999999937
2353,245.300000,127.650000,1.000000,0.500000
2353,245.299999999990348,127.649999999994876,0.999999999999872,0.499999999999937
2354,245.400000,127.700000,1.000000,0.500000
2354,245.399999999990342,127.699999999994873,0.999999999999872,0.499999999999937
2355,245.500000,127.750000,1.000000,0.500000
2355,245.499999999990337,127.749999999994870,0.999999999999872,0.499999999999937
2356,245.600000,127.800000,1.000000,0.500000
2356,245.599999999990331,127.799999999994867,0.999999999999872,0.499999999999937
2357,245.700000,127.850000,1.000000,0.500000
2357,245.699999999990325,127.849999999994864,0.999999999999872,0.499999999999937
2358,245.800000,127.900000,1.000000,0.500000
2358,245.799999999990320,127.899999999994861,0.999999999999872,0.499999999999937
2359,245.900000,127.950000,1.000000,0.500000
2359,245.899999999990314,127.949999999994859,0.999999999999872,0.499999999999937
2360,246.000000,128.000000,1.000000,0.500000
2360,245.999999999990308,127.999999999994856,0.999999999999872,0.499999999999937
2361,246.100000,128.050000,1.000000,0.500000
2361,246.099999999990303,128.049999999994839,0.999999999999872,0.499999999999937
2362,246.200000,128.100000,1.000000,0.500000
2362,246.199999999990297,128.099999999994822,0.999999999999871,0.499999999999939
2363,246.300000,128.150000,1.000000,0.500000
2363,246.299999999990291,128.149999999994805,0.999999999999879,0.499999999999946
2364,246.400000,128.200000,1.000000,0.500000
2364,246.399999999990285,128.199999999994787,0.999999999999886,0.499999999999954
2365,246.500000,128.250000,1.000000,0.500000
2365,246.499999999990280,128.249999999994799,0.999999999999893,0.499999999999963
2366,246.600000,128.300000,1.000000,0.500000
2366,246.599999999990274,128.299999999994810,0.999999999999900,0.499999999999972
2367,246.700000,128.350000,1.000000,0.500000
2367,246.699999999990268,128.349999999994822,0.999999999999916,0.499999999999985
2368,246.800000,128.400000,1.000000,0.500000
2368,246.799999999990263,128.399999999994833,0.999999999999924,0.499999999999993
2369,246.900000,128.450000,1.000000,0.500000
2369,246.899999999990257,128.449999999994844,0.999999999999931,0.500000000000001
2370,247.000000,128.500000,1.000000,0.500000
2370,246.999999999990251,128.499999999994856,0.999999999999939,0.500000000000009
2371,247.100000,128.550000,1.000000,0.500000
2371,247.099999999990246,128.549999999994867,0.999999999999946,0.500000000000016
2372,247.200000,128.600000,1.000000,0.500000
2372,247.199999999990240,128.599999999994878,0.999999999999954,0.500000000000024
2373,247.300000,128.650000,1.000000,0.500000
2373,247.299999999990234,128.649999999994890,0.999999999999961,0.500000000000032
2374,247.400000,128.700000,1.000000,0.500000
2374,247.399999999990229,128.699999999994901,0.999999999999969,0.500000000000040
2375,247.500000,128.750000,1.000000,0.500000
2375,247.499999999990223,128.749999999994913,0.999999999999977,0.500000000000047
2376,247.600000,128.800000,1.000000,0.500000
2376,247.599999999990217,128.799999999994924,0.999999999999984,0.500000000000055
2377,247.700000,128.850000,1.000000,0.500000
2377,247.699999999990212,128.849999999994935,0.999999999999992,0.500000000000063
2378,247.800000,128.900000,1.000000,0.500000
2378,247.799999999990206,128.899999999994947,0.999999999999999,0.500000000000071
2379,247.900000,128.950000,1.000000,0.500000
2379,247.899999999990200,128.949999999994958,1.000000000000007,0.500000000000078
2380,248.000000,129.000000,1.000000,0.500000
2380,247.999999999990195,128.999999999994969,1.000000000000014,0.500000000000086
2381,248.100000,129.050000,1.000000,0.500000
2381,248.099999999990189,129.049999999994981,1.000000000000022,0.500000000000094
2382,248.200000,129.100000,1.000000,0.500000
2382,248.199999999990183,129.099999999994992,1.000000000000029,0.500000000000101
2383,248.300000,129.150000,1.000000,0.500000
2383,248.299999999990177,129.149999999995003,1.000000000000037,0.500000000000109
2384,248.400000,129.200000,1.000000,0.500000
2384,248.399999999990172,129.199999999995015,1.000000000000044,0.500000000000117
2385,248.500000,129.250000,1.000000,0.500000
2385,248.499999999990166,129.249999999995026,1.000000000000052,0.500000000000125
2386,248.600000,129.300000,1.000000,0.500000
2386,248.599999999990160,129.299999999995038,1.000000000000050,0.500000000000128
2387,248.700000,129.350000,1.000000,0.500000
2387,248.699999999990155,129.349999999995049,1.000000000000058,0.500000000000135
2388,248.800000,129.400000,1.000000,0.500000
2388,248.799999999990149,129.399999999995060,1.000000000000056,0.500000000000138
2389,248.900000,129.450000,1.000000,0.500000
2389,248.899999999990143,129.449999999995072,1.000000000000063,0.500000000000146
2390,249.000000,129.500000,1.000000,0.500000
2390,248.999999999990138,129.499999999995083,1.000000000000071,0.500000000000154
2391,249.100000,129.550000,1.000000,0.500000
2391,249.099999999990132,129.549999999995094,1.000000000000078,0.500000000000161
2392,249.200000,129.600000,1.000000,0.500000
2392,249.199999999990126,129.599999999995106,1.000000000000086,0.500000000000169
2393,249.300000,129.650000,1.000000,0.500000
2393,249.299999999990149,129.649999999995117,1.000000000000084,0.500000000000172
2394,249.400000,129.700000,1.000000,0.500000
2394,249.399999999990143,129.699999999995129,1.000000000000091,0.500000000000180
2395,249.500000,129.750000,1.000000,0.500000
2395,249.499999999990166,129.749999999995140,1.000000000000089,0.500000000000184
2396,249.600000,129.800000,1.000000,0.500000
2396,249.599999999990189,129.799999999995151,1.000000000000087,0.500000000000188
2397,249.700000,129.850000,1.000000,0.500000
2397,249.699999999990183,129.849999999995163,1.000000000000076,0.500000000000188
2398,249.800000,129.900000,1.000000,0.500000
2398,249.799999999990177,129.899999999995174,1.000000000000073,0.500000000000192
2399,249.900000,129.950000,1.000000,0.500000
2399,249.899999999990172,129.949999999995185,1.000000000000071,0.500000000000196
2400,250.000000,130.000000,1.000000,0.500000
2400,249.999999999990166,129.999999999995197,1.000000000000069,0.500000000000201
2401,250.100000,130.050000,1.000000,0.500000
2401,250.099999999990132,130.049999999995208,1.000000000000058,0.500000000000200
2402,250.200000,130.100000,1.000000,0.500000
2402,250.199999999990126,130.099999999995219,1.000000000000056,0.500000000000204
2403,250.300000,130.150000,1.000000,0.500000
2403,250.299999999990121,130.149999999995231,1.000000000000054,0.500000000000208
2404,250.400000,130.200000,1.000000,0.500000
2404,250.399999999990115,130.199999999995242,1.000000000000052,0.500000000000212
2405,250.500000,130.250000,1.000000,0.500000
2405,250.499999999990109,130.249999999995254,1.000000000000050,0.500000000000216
2406,250.600000,130.300000,1.000000,0.500000
2406,250.599999999990104,130.299999999995265,1.000000000000048,0.500000000000219
2407,250.700000,130.350000,1.000000,0.500000
2407,250.699999999990098,130.349999999995276,1.000000000000046,0.500000000000223
2408,250.800000,130.400000,1.000000,0.500000
2408,250.799999999990092,130.399999999995288,1.000000000000043,0.500000000000227
2409,250.900000,130.450000,1.000000,0.500000
2409,250.899999999990087,130.449999999995299,1.000000000000041,0.500000000000231
2410,251.000000,130.500000,1.000000,0.500000
2410,250.999999999990081,130.499999999995310,1.000000000000039,0.500000000000235
2411,251.100000,130.550000,1.000000,0.500000
2411,251.099999999990075,130.549999999995322,1.000000000000037,0.500000000000239
2412,251.200000,130.600000,1.000000,0.500000
2412,251.199999999990069,130.599999999995333,1.000000000000035,0.500000000000242
2413,251.300000,130.650000,1.000000,0.500000
2413,251.299999999990064,130.649999999995345,1.000000000000033,0.500000000000246
2414,251.400000,130.700000,1.000000,0.500000
2414,251.399999999990058,130.699999999995356,1.000000000000031,0.500000000000250
2415,251.500000,130.750000,1.000000,0.500000
2415,251.499999999990052,130.749999999995367,1.000000000000029,0.500000000000254
2416,251.600000,130.800000,1.000000,0.500000
2416,251.599999999990047,130.799999999995379,1.000000000000027,0.500000000000258
2417,251.700000,130.850000,1.000000,0.500000
2417,251.699999999990041,130.849999999995418,1.000000000000026,0.500000000000260
2418,251.800000,130.900000,1.000000,0.500000
2418,251.799999999990035,130.899999999995458,1.000000000000024,0.500000000000263
2419,251.900000,130.950000,1.000000,0.500000
2419,251.899999999990030,130.949999999995498,1.000000000000015,0.500000000000259
2420,252.000000,131.000000,1.000000,0.500000
2420,251.999999999990024,130.999999999995538,1.000000000000005,0.500000000000255
2421,252.100000,131.050000,1.000000,0.500000
2421,252.099999999990018,131.049999999995549,0.999999999999996,0.500000000000251
2422,252.200000,131.100000,1.000000,0.500000
2422,252.199999999990013,131.099999999995561,0.999999999999987,0.500000000000247
2423,252.300000,131.150000,1.000000,0.500000
2423,252.299999999990007,131.149999999995572,0.999999999999977,0.500000000000243
2424,252.400000,131.200000,1.000000,0.500000
2424,252.399999999990001,131.199999999995583,0.999999999999967,0.500000000000239
2425,252.500000,131.250000,1.000000,0.500000
2425,252.499999999989996,131.249999999995595,0.999999999999958,0.500000000000235
2426,252.600000,131.300000,1.000000,0.500000
2426,252.599999999989990,131.299999999995606,0.999999999999948,0.500000000000232
2427,252.700000,131.350000,1.000000,0.500000
2427,252.699999999989984,131.349999999995617,0.999999999999939,0.500000000000227
2428,252.800000,131.400000,1.000000,0.500000
2428,252.799999999989979,131.399999999995629,0.999999999999929,0.500000000000224
2429,252.900000,131.450000,1.000000,0.500000
2429,252.899999999989973,131.449999999995640,0.999999999999919,0.500000000000220
2430,253.000000,131.500000,1.000000,0.500000
2430,252.999999999989967,131.499999999995651,0.999999999999919,0.500000000000220
2431,253.100000,131.550000,1.000000,0.500000
2431,253.099999999989961,131.549999999995663,0.999999999999910,0.500000000000216
2432,253.200000,131.600000,1.000000,0.500000
2432,253.199999999989956,131.599999999995674,0.999999999999900,0.500000000000212
2433,253.300000,131.650000,1.000000,0.500000
2433,253.299999999989950,131.649999999995686,0.999999999999891,0.500000000000208
2434,253.400000,131.700000,1.000000,0.500000
2434,253.399999999989944,131.699999999995697,0.999999999999881,0.500000000000205
2435,253.500000,131.750000,1.000000,0.500000
2435,253.499999999989939,131.749999999995708,0.999999999999872,0.500000000000201
2436,253.600000,131.800000,1.000000,0.500000
2436,253.599999999989933,131.799999999995720,0.999999999999862,0.500000000000197
2437,253.700000,131.850000,1.000000,0.500000
2437,253.699999999989927,131.849999999995731,0.999999999999852,0.500000000000193
2438,253.800000,131.900000,1.000000,0.500000
2438,253.799999999989922,131.899999999995742,0.999999999999843,0.500000000000189
2439,253.900000,131.950000,1.000000,0.500000
2439,253.899999999989916,131.949999999995754,0.999999999999833,0.500000000000185
2440,254.000000,132.000000,1.000000,0.500000
2440,253.999999999989910,131.999999999995765,0.999999999999824,0.500000000000181
2441,254.100000,132.050000,1.000000,0.500000
2441,254.099999999989905,132.049999999995777,0.999999999999814,0.500000000000177
2442,254.200000,132.100000,1.000000,0.500000
2442,254.199999999989899,132.099999999995788,0.999999999999814,0.500000000000178
2443,254.300000,132.150000,1.000000,0.500000
2443,254.299999999989893,132.149999999995799,0.999999999999804,0.500000000000174
2444,254.400000,132.200000,1.000000,0.500000
2444,254.399999999989888,132.199999999995811,0.999999999999794,0.500000000000170
2445,254.500000,132.250000,1.000000,0.500000
2445,254.499999999989853,132.249999999995822,0.999999999999794,0.500000000000171
2446,254.600000,132.300000,1.000000,0.500000
2446,254.599999999989819,132.299999999995833,0.999999999999794,0.500000000000171
2447,254.700000,132.350000,1.000000,0.500000
2447,254.699999999989785,132.349999999995845,0.999999999999794,0.500000000000170
2448,254.800000,132.400000,1.000000,0.500000
2448,254.799999999989751,132.399999999995856,0.999999999999804,0.500000000000175
2449,254.900000,132.450000,1.000000,0.500000
2449,254.899999999989745,132.449999999995867,0.999999999999813,0.500000000000179
2450,255.000000,132.500000,1.000000,0.500000
2450,254.999999999989740,132.499999999995879,0.999999999999823,0.500000000000183
2451,255.100000,132.550000,1.000000,0.500000
2451,255.099999999989734,132.549999999995890,0.999999999999832,0.500000000000186
2452,255.200000,132.600000,1.000000,0.500000
2452,255.199999999989728,132.599999999995902,0.999999999999842,0.500000000000191
2453,255.300000,132.650000,1.000000,0.500000
2453,255.299999999989723,132.649999999995913,0.999999999999851,0.500000000000194
2454,255.400000,132.700000,1.000000,0.500000
2454,255.399999999989717,132.699999999995924,0.999999999999861,0.500000000000199
2455,255.500000,132.750000,1.000000,0.500000
2455,255.499999999989711,132.749999999995936,0.999999999999870,0.500000000000202
2456,255.600000,132.800000,1.000000,0.500000
2456,255.599999999989706,132.799999999995947,0.999999999999880,0.500000000000206
2457,255.700000,132.850000,1.000000,0.500000
2457,255.699999999989700,132.849999999995958,0.999999999999890,0.500000000000210
2458,255.800000,132.900000,1.000000,0.500000
2458,255.799999999989694,132.899999999995970,0.999999999999899,0.500000000000214
2459,255.900000,132.950000,1.000000,0.500000
2459,255.899999999989689,132.949999999995981,0.999999999999909,0.500000000000217
2460,256.000000,133.000000,1.000000,0.500000
2460,255.999999999989683,132.999999999995993,0.999999999999919,0.500000000000221
2461,256.100000,133.050000,1.000000,0.500000
2461,256.099999999989677,133.049999999996004,0.999999999999928,0.500000000000225
2462,256.200000,133.100000,1.000000,0.500000
2462,256.199999999989643,133.099999999996015,0.999999999999938,0.500000000000229
2463,256.300000,133.150000,1.000000,0.500000
2463,256.299999999989666,133.149999999996027,0.999999999999966,0.500000000000241
2464,256.400000,133.200000,1.000000,0.500000
2464,256.399999999989689,133.199999999996038,0.999999999999985,0.500000000000249
2465,256.500000,133.250000,1.000000,0.500000
2465,256.499999999989711,133.249999999996049,1.000000000000004,0.500000000000257
2466,256.600000,133.300000,1.000000,0.500000
2466,256.599999999989734,133.299999999996089,1.000000000000014,0.500000000000260
2467,256.700000,133.350000,1.000000,0.500000
2467,256.699999999989757,133.349999999996129,1.000000000000034,0.500000000000266
2468,256.800000,133.400000,1.000000,0.500000
2468,256.799999999989780,133.399999999996169,1.000000000000045,0.500000000000267
2469,256.900000,133.450000,1.000000,0.500000
2469,256.899999999989802,133.449999999996209,1.000000000000057,0.500000000000267
2470,257.000000,133.500000,1.000000,0.500000
2470,256.999999999989825,133.499999999996248,1.000000000000069,0.500000000000267
2471,257.100000,133.550000,1.000000,0.500000
2471,257.099999999989848,133.549999999996260,1.000000000000072,0.500000000000261
2472,257.200000,133.600000,1.000000,0.500000
2472,257.199999999989871,133.599999999996299,1.000000000000084,0.500000000000259
2473,257.300000,133.650000,1.000000,0.500000
2473,257.299999999989893,133.649999999996311,1.000000000000087,0.500000000000253
2474,257.400000,133.700000,1.000000,0.500000
2474,257.399999999989916,133.699999999996322,1.000000000000090,0.500000000000247
2475,257.500000,133.750000,1.000000,0.500000
2475,257.499999999989939,133.749999999996334,1.000000000000102,0.500000000000246
2476,257.600000,133.800000,1.000000,0.500000
2476,257.599999999989961,133.799999999996345,1.000000000000114,0.500000000000245
2477,257.700000,133.850000,1.000000,0.500000
2477,257.699999999989984,133.849999999996356,1.000000000000117,0.500000000000239
2478,257.800000,133.900000,1.000000,0.500000
2478,257.799999999990007,133.899999999996368,1.000000000000120,0.500000000000233
2479,257.900000,133.950000,1.000000,0.500000
2479,257.899999999990030,133.949999999996379,1.000000000000132,0.500000000000232
2480,258.000000,134.000000,1.000000,0.500000
2480,257.999999999990052,133.999999999996390,1.000000000000144,0.500000000000231
2481,258.100000,134.050000,1.000000,0.500000
2481,258.099999999990075,134.049999999996402,1.000000000000156,0.500000000000230
2482,258.200000,134.100000,1.000000,0.500000
2482,258.199999999990098,134.099999999996385,1.000000000000159,0.500000000000224
2483,258.300000,134.150000,1.000000,0.500000
2483,258.299999999990121,134.149999999996396,1.000000000000162,0.500000000000219
2484,258.400000,134.200000,1.000000,0.500000
2484,258.399999999990143,134.199999999996407,1.000000000000165,0.500000000000214
2485,258.500000,134.250000,1.000000,0.500000
2485,258.499999999990166,134.249999999996419,1.000000000000167,0.500000000000208
2486,258.600000,134.300000,1.000000,0.500000
2486,258.599999999990189,134.299999999996430,1.000000000000170,0.500000000000203
2487,258.700000,134.350000,1.000000,0.500000
2487,258.699999999990212,134.349999999996442,1.000000000000173,0.500000000000198
2488,258.800000,134.400000,1.000000,0.500000
2488,258.799999999990234,134.399999999996453,1.000000000000185,0.500000000000198
2489,258.900000,134.450000,1.000000,0.500000
2489,258.899999999990257,134.449999999996464,1.000000000000196,0.500000000000197
2490,259.000000,134.500000,1.000000,0.500000
2490,258.999999999990280,134.499999999996476,1.000000000000208,0.500000000000197
2491,259.100000,134.550000,1.000000,0.500000
2491,259.099999999990303,134.549999999996487,1.000000000000211,0.500000000000191
2492,259.200000,134.600000,1.000000,0.500000
2492,259.199999999990325,134.599999999996498,1.000000000000213,0.500000000000186
2493,259.300000,134.650000,1.000000,0.500000
2493,259.299999999990348,134.649999999996510,1.000000000000216,0.500000000000181
2494,259.400000,134.700000,1.000000,0.500000
2494,259.399999999990371,134.699999999996521,1.000000000000219,0.500000000000176
2495,259.500000,134.750000,1.000000,0.500000
2495,259.499999999990393,134.749999999996533,1.000000000000230,0.500000000000175
2496,259.600000,134.800000,1.000000,0.500000
2496,259.599999999990416,134.799999999996544,1.000000000000242,0.500000000000175
2497,259.700000,134.850000,1.000000,0.500000
2497,259.699999999990439,134.849999999996555,1.000000000000254,0.500000000000174
2498,259.800000,134.900000,1.000000,0.500000
2498,259.799999999990462,134.899999999996567,1.000000000000266,0.500000000000174
2499,259.900000,134.950000,1.000000,0.500000
2499,259.899999999990484,134.949999999996578,1.000000000000277,0.500000000000174
2500,260.000000,135.000000,1.000000,0.500000
2500,259.999999999990507,134.999999999996589,1.000000000000289,0.500000000000174
2501,260.100000,135.050000,1.000000,0.500000
2501,260.099999999990530,135.049999999996601,1.000000000000292,0.500000000000168
2502,260.200000,135.100000,1.000000,0.500000
2502,260.199999999990553,135.099999999996612,1.000000000000304,0.500000000000168
2503,260.300000,135.150000,1.000000,0.500000
2503,260.299999999990575,135.149999999996624,1.000000000000315,0.500000000000167
2504,260.400000,135.200000,1.000000,0.500000
2504,260.399999999990598,135.199999999996635,1.000000000000318,0.500000000000162
2505,260.500000,135.250000,1.000000,0.500000
2505,260.499999999990621,135.249999999996646,1.000000000000330,0.500000000000162
2506,260.600000,135.300000,1.000000,0.500000
2506,260.599999999990644,135.299999999996658,1.000000000000332,0.500000000000157
2507,260.700000,135.350000,1.000000,0.500000
2507,260.699999999990666,135.349999999996669,1.000000000000335,0.500000000000151
2508,260.800000,135.400000,1.000000,0.500000
2508,260.799999999990689,135.399999999996680,1.000000000000347,0.500000000000151
2509,260.900000,135.450000,1.000000,0.500000
2509,260.899999999990712,135.449999999996692,1.000000000000349,0.500000000000146
2510,261.000000,135.500000,1.000000,0.500000
2510,260.999999999990735,135.499999999996703,1.000000000000361,0.500000000000145
2511,261.100000,135.550000,1.000000,0.500000
2511,261.099999999990757,135.549999999996714,1.000000000000373,0.500000000000145
2512,261.200000,135.600000,1.000000,0.500000
2512,261.199999999990780,135.599999999996726,1.000000000000376,0.500000000000140
2513,261.300000,135.650000,1.000000,0.500000
2513,261.299999999990803,135.649999999996737,1.000000000000387,0.500000000000139
2514,261.400000,135.700000,1.000000,0.500000
2514,261.399999999990825,135.699999999996749,1.000000000000390,0.500000000000134
2515,261.500000,135.750000,1.000000,0.500000
2515,261.499999999990848,135.749999999996760,1.000000000000402,0.500000000000134
2516,261.600000,135.800000,1.000000,0.500000
2516,261.599999999990871,135.799999999996771,1.000000000000413,0.500000000000133
2517,261.700000,135.850000,1.000000,0.500000
2517,261.699999999990894,135.849999999996783,1.000000000000425,0.500000000000133
2518,261.800000,135.900000,1.000000,0.500000
2518,261.799999999990916,135.899999999996794,1.000000000000437,0.500000000000133
2519,261.900000,135.950000,1.000000,0.500000
2519,261.899999999990939,135.949999999996805,1.000000000000449,0.500000000000132
2520,262.000000,136.000000,1.000000,0.500000
2520,261.999999999990962,135.999999999996817,1.000000000000451,0.500000000000127
2521,262.100000,136.050000,1.000000,0.500000
2521,262.099999999990985,136.049999999996828,1.000000000000463,0.500000000000126
2522,262.200000,136.100000,1.000000,0.500000
2522,262.199999999991007,136.099999999996840,1.000000000000466,0.500000000000121
2523,262.300000,136.150000,1.000000,0.500000
2523,262.299999999991030,136.149999999996851,1.000000000000478,0.500000000000121
2524,262.400000,136.200000,1.000000,0.500000
2524,262.399999999991053,136.199999999996862,1.000000000000489,0.500000000000120
2525,262.500000,136.250000,1.000000,0.500000
2525,262.499999999991076,136.249999999996874,1.000000000000501,0.500000000000120
2526,262.600000,136.300000,1.000000,0.500000
2526,262.599999999991098,136.299999999996885,1.000000000000513,0.500000000000119
2527,262.700000,136.350000,1.000000,0.500000
2527,262.699999999991178,136.349999999996896,1.000000000000515,0.500000000000115
2528,262.800000,136.400000,1.000000,0.500000
2528,262.799999999991257,136.399999999996908,1.000000000000508,0.500000000000107
2529,262.900000,136.450000,1.000000,0.500000
2529,262.899999999991280,136.449999999996891,1.000000000000492,0.500000000000094
2530,263.000000,136.500000,1.000000,0.500000
2530,262.999999999991303,136.499999999996902,1.000000000000484,0.500000000000086
2531,263.100000,136.550000,1.000000,0.500000
2531,263.099999999991326,136.549999999996913,1.000000000000477,0.500000000000079
2532,263.200000,136.600000,1.000000,0.500000
2532,263.199999999991348,136.599999999996925,1.000000000000469,0.500000000000071
2533,263.300000,136.650000,1.000000,0.500000
2533,263.299999999991371,136.649999999996936,1.000000000000462,0.500000000000063
2534,263.400000,136.700000,1.000000,0.500000
2534,263.399999999991394,136.699999999996919,1.000000000000445,0.500000000000051
2535,263.500000,136.750000,1.000000,0.500000
2535,263.499999999991417,136.749999999996930,1.000000000000446,0.500000000000049
2536,263.600000,136.800000,1.000000,0.500000
2536,263.599999999991439,136.799999999996942,1.000000000000447,0.500000000000046
2537,263.700000,136.850000,1.000000,0.500000
2537,263.699999999991462,136.849999999996953,1.000000000000448,0.500000000000045
2538,263.800000,136.900000,1.000000,0.500000
2538,263.799999999991485,136.899999999996965,1.000000000000449,0.500000000000043
2539,263.900000,136.950000,1.000000,0.500000
2539,263.899999999991508,136.949999999996976,1.000000000000441,0.500000000000036
2540,264.000000,137.000000,1.000000,0.500000
2540,263.999999999991530,136.999999999996987,1.000000000000433,0.500000000000028
2541,264.100000,137.050000,1.000000,0.500000
2541,264.099999999991553,137.049999999996999,1.000000000000425,0.500000000000021
2542,264.200000,137.100000,1.000000,0.500000
2542,264.199999999991576,137.099999999997010,1.000000000000427,0.500000000000019
2543,264.300000,137.150000,1.000000,0.500000
2543,264.299999999991599,137.149999999997021,1.000000000000419,0.500000000000012
2544,264.400000,137.200000,1.000000,0.500000
2544,264.399999999991621,137.199999999997033,1.000000000000419,0.500000000000010
2545,264.500000,137.250000,1.000000,0.500000
2545,264.499999999991644,137.249999999997044,1.000000000000420,0.500000000000008
2546,264.600000,137.300000,1.000000,0.500000
2546,264.599999999991667,137.299999999997056,1.000000000000412,0.500000000000001
2547,264.700000,137.350000,1.000000,0.500000
2547,264.699999999991689,137.349999999997067,1.000000000000404,0.499999999999994
2548,264.800000,137.400000,1.000000,0.500000
2548,264.799999999991712,137.399999999997078,1.000000000000396,0.499999999999987
2549,264.900000,137.450000,1.000000,0.500000
2549,264.899999999991735,137.449999999997090,1.000000000000388,0.499999999999981
2550,265.000000,137.500000,1.000000,0.500000
2550,264.999999999991758,137.499999999997101,1.000000000000389,0.499999999999978
2551,265.100000,137.550000,1.000000,0.500000
2551,265.099999999991780,137.549999999997112,1.000000000000391,0.499999999999976
2552,265.200000,137.600000,1.000000,0.500000
2552,265.199999999991803,137.599999999997124,1.000000000000383,0.499999999999969
2553,265.300000,137.650000,1.000000,0.500000
2553,265.299999999991826,137.649999999997107,1.000000000000374,0.499999999999963
2554,265.400000,137.700000,1.000000,0.500000
2554,265.399999999991849,137.699999999997090,1.000000000000375,0.499999999999962
2555,265.500000,137.750000,1.000000,0.500000
2555,265.499999999991871,137.749999999997073,1.000000000000375,0.499999999999962
2556,265.600000,137.800000,1.000000,0.500000
2556,265.599999999991894,137.799999999997056,1.000000000000374,0.499999999999962
2557,265.700000,137.850000,1.000000,0.500000
2557,265.699999999991917,137.849999999997038,1.000000000000374,0.499999999999964
2558,265.800000,137.900000,1.000000,0.500000
2558,265.799999999991940,137.899999999997021,1.000000000000382,0.499999999999971
2559,265.900000,137.950000,1.000000,0.500000
2559,265.899999999991962,137.949999999997004,1.000000000000389,0.499999999999978
2560,266.000000,138.000000,1.000000,0.500000
2560,265.999999999991985,137.999999999997016,1.000000000000397,0.499999999999986
2561,266.100000,138.050000,1.000000,0.500000
2561,266.099999999992008,138.049999999997027,1.000000000000404,0.499999999999993
2562,266.200000,138.100000,1.000000,0.500000
2562,266.199999999992031,138.099999999997038,1.000000000000403,0.499999999999997
2563,266.300000,138.150000,1.000000,0.500000
2563,266.299999999992053,138.149999999997050,1.000000000000410,0.500000000000004
2564,266.400000,138.200000,1.000000,0.500000
2564,266.399999999992076,138.199999999997061,1.000000000000418,0.500000000000012
2565,266.500000,138.250000,1.000000,0.500000
2565,266.499999999992099,138.249999999997073,1.000000000000425,0.500000000000019
2566,266.600000,138.300000,1.000000,0.500000
2566,266.599999999992122,138.299999999997084,1.000000000000433,0.500000000000027
2567,266.700000,138.350000,1.000000,0.500000
2567,266.699999999992144,138.349999999997095,1.000000000000440,0.500000000000034
2568,266.800000,138.400000,1.000000,0.500000
2568,266.799999999992167,138.399999999997107,1.000000000000448,0.500000000000042
2569,266.900000,138.450000,1.000000,0.500000
2569,266.899999999992190,138.449999999997118,1.000000000000455,0.500000000000050
2570,267.000000,138.500000,1.000000,0.500000
2570,266.999999999992212,138.499999999997129,1.000000000000463,0.500000000000057
2571,267.100000,138.550000,1.000000,0.500000
2571,267.099999999992235,138.549999999997141,1.000000000000471,0.500000000000065
2572,267.200000,138.600000,1.000000,0.500000
2572,267.199999999992258,138.599999999997152,1.000000000000478,0.500000000000072
2573,267.300000,138.650000,1.000000,0.500000
2573,267.299999999992281,138.649999999997192,1.000000000000495,0.500000000000084
2574,267.400000,138.700000,1.000000,0.500000
2574,267.399999999992303,138.699999999997203,1.000000000000494,0.500000000000086
2575,267.500000,138.750000,1.000000,0.500000
2575,267.499999999992326,138.749999999997215,1.000000000000502,0.500000000000093
2576,267.600000,138.800000,1.000000,0.500000
2576,267.599999999992349,138.799999999997226,1.000000000000501,0.500000000000096
2577,267.700000,138.850000,1.000000,0.500000
2577,267.699999999992372,138.849999999997237,1.000000000000499,0.500000000000098
2578,267.800000,138.900000,1.000000,0.500000
2578,267.799999999992394,138.899999999997249,1.000000000000508,0.500000000000105
2579,267.900000,138.950000,1.000000,0.500000
2579,267.899999999992417,138.949999999997260,1.000000000000516,0.500000000000112
2580,268.000000,139.000000,1.000000,0.500000
2580,267.999999999992497,138.999999999997272,1.000000000000514,0.500000000000115
2581,268.100000,139.050000,1.000000,0.500000
2581,268.099999999992576,139.049999999997283,1.000000000000512,0.500000000000118
2582,268.200000,139.100000,1.000000,0.500000
2582,268.199999999992656,139.099999999997294,1.000000000000501,0.500000000000118
2583,268.300000,139.150000,1.000000,0.500000
2583,268.299999999992679,139.149999999997306,1.000000000000490,0.500000000000117
2584,268.400000,139.200000,1.000000,0.500000
2584,268.399999999992701,139.199999999997317,1.000000000000469,0.500000000000112
2585,268.500000,139.250000,1.000000,0.500000
2585,268.499999999992724,139.249999999997328,1.000000000000449,0.500000000000107
2586,268.600000,139.300000,1.000000,0.500000
2586,268.599999999992747,139.299999999997340,1.000000000000428,0.500000000000102
2587,268.700000,139.350000,1.000000,0.500000
2587,268.699999999992770,139.349999999997351,1.000000000000417,0.500000000000101
2588,268.800000,139.400000,1.000000,0.500000
2588,268.799999999992792,139.399999999997362,1.000000000000397,0.500000000000096
2589,268.900000,139.450000,1.000000,0.500000
2589,268.899999999992815,139.449999999997374,1.000000000000385,0.500000000000095
2590,269.000000,139.500000,1.000000,0.500000
2590,268.999999999992838,139.499999999997385,1.000000000000365,0.500000000000090
2591,269.100000,139.550000,1.000000,0.500000
2591,269.099999999992860,139.549999999997397,1.000000000000344,0.500000000000085
2592,269.200000,139.600000,1.000000,0.500000
2592,269.199999999992883,139.599999999997408,1.000000000000324,0.500000000000080
2593,269.300000,139.650000,1.000000,0.500000
2593,269.299999999992906,139.649999999997419,1.000000000000303,0.500000000000075
2594,269.400000,139.700000,1.000000,0.500000
2594,269.399999999992929,139.699999999997431,1.000000000000283,0.500000000000070
2595,269.500000,139.750000,1.000000,0.500000
2595,269.499999999992951,139.749999999997442,1.000000000000262,0.500000000000065
2596,269.600000,139.800000,1.000000,0.500000
2596,269.599999999992974,139.799999999997453,1.000000000000242,0.500000000000059
2597,269.700000,139.850000,1.000000,0.500000
2597,269.699999999992997,139.849999999997465,1.000000000000222,0.500000000000054
2598,269.800000,139.900000,1.000000,0.500000
2598,269.799999999992963,139.899999999997476,1.000000000000192,0.500000000000044
2599,269.900000,139.950000,1.000000,0.500000
2599,269.899999999992986,139.949999999997488,1.000000000000190,0.500000000000048
2600,270.000000,140.000000,1.000000,0.500000
2600,269.999999999993008,139.999999999997499,1.000000000000170,0.500000000000042
2601,270.100000,140.050000,1.000000,0.500000
2601,270.099999999993031,140.049999999997510,1.000000000000159,0.500000000000040
2602,270.200000,140.100000,1.000000,0.500000
2602,270.199999999993054,140.099999999997522,1.000000000000139,0.500000000000034
2603,270.300000,140.150000,1.000000,0.500000
2603,270.299999999993076,140.149999999997533,1.000000000000128,0.500000000000033
2604,270.400000,140.200000,1.000000,0.500000
2604,270.399999999993099,140.199999999997544,1.000000000000117,0.500000000000032
2605,270.500000,140.250000,1.000000,0.500000
2605,270.499999999993122,140.249999999997556,1.000000000000106,0.500000000000031
2606,270.600000,140.300000,1.000000,0.500000
2606,270.599999999993145,140.299999999997567,1.000000000000095,0.500000000000030
2607,270.700000,140.350000,1.000000,0.500000
2607,270.699999999993167,140.349999999997578,1.000000000000084,0.500000000000028
2608,270.800000,140.400000,1.000000,0.500000
2608,270.799999999993190,140.399999999997590,1.000000000000064,0.500000000000023
2609,270.900000,140.450000,1.000000,0.500000
2609,270.899999999993213,140.449999999997601,1.000000000000053,0.500000000000021
2610,271.000000,140.500000,1.000000,0.500000
2610,270.999999999993236,140.499999999997613,1.000000000000042,0.500000000000020
2611,271.100000,140.550000,1.000000,0.500000
2611,271.099999999993258,140.549999999997624,1.000000000000040,0.500000000000024
2612,271.200000,140.600000,1.000000,0.500000
2612,271.199999999993281,140.599999999997635,1.000000000000038,0.500000000000027
2613,271.300000,140.650000,1.000000,0.500000
2613,271.299999999993304,140.649999999997647,1.000000000000028,0.500000000000026
2614,271.400000,140.700000,1.000000,0.500000
2614,271.399999999993327,140.699999999997658,1.000000000000007,0.500000000000020
2615,271.500000,140.750000,1.000000,0.500000
2615,271.499999999993349,140.749999999997669,0.999999999999996,0.500000000000018
2616,271.600000,140.800000,1.000000,0.500000
2616,271.599999999993372,140.799999999997681,0.999999999999985,0.500000000000017
2617,271.700000,140.850000,1.000000,0.500000
2617,271.699999999993395,140.849999999997692,0.999999999999974,0.500000000000016
2618,271.800000,140.900000,1.000000,0.500000
2618,271.799999999993418,140.899999999997704,0.999999999999954,0.500000000000010
2619,271.900000,140.950000,1.000000,0.500000
2619,271.899999999993440,140.949999999997715,0.999999999999943,0.500000000000009
2620,272.000000,141.000000,1.000000,0.500000
2620,271.999999999993406,140.999999999997726,0.999999999999942,0.500000000000012
2621,272.100000,141.050000,1.000000,0.500000
2621,272.099999999993372,141.049999999997738,0.999999999999950,0.500000000000019
2622,272.200000,141.100000,1.000000,0.500000
2622,272.199999999993395,141.099999999997749,0.999999999999958,0.500000000000026
2623,272.300000,141.150000,1.000000,0.500000
2623,272.299999999993418,141.149999999997760,0.999999999999957,0.500000000000028
2624,272.400000,141.200000,1.000000,0.500000
2624,272.399999999993440,141.199999999997772,0.999999999999965,0.500000000000035
2625,272.500000,141.250000,1.000000,0.500000
2625,272.499999999993463,141.249999999997783,0.999999999999973,0.500000000000041
2626,272.600000,141.300000,1.000000,0.500000
2626,272.599999999993486,141.299999999997794,0.999999999999981,0.500000000000048
2627,272.700000,141.350000,1.000000,0.500000
2627,272.699999999993508,141.349999999997806,0.999999999999989,0.500000000000055
2628,272.800000,141.400000,1.000000,0.500000
2628,272.799999999993531,141.399999999997817,0.999999999999988,0.500000000000057
2629,272.900000,141.450000,1.000000,0.500000
2629,272.899999999993554,141.449999999997829,0.999999999999996,0.500000000000064
2630,273.000000,141.500000,1.000000,0.500000
2630,272.999999999993577,141.499999999997840,1.000000000000004,0.500000000000071
2631,273.100000,141.550000,1.000000,0.500000
2631,273.099999999993599,141.549999999997851,1.000000000000012,0.500000000000077
2632,273.200000,141.600000,1.000000,0.500000
2632,273.199999999993622,141.599999999997863,1.000000000000020,0.500000000000084
2633,273.300000,141.650000,1.000000,0.500000
2633,273.299999999993645,141.649999999997874,1.000000000000028,0.500000000000091
2634,273.400000,141.700000,1.000000,0.500000
2634,273.399999999993668,141.699999999997885,1.000000000000036,0.500000000000098
2635,273.500000,141.750000,1.000000,0.500000
2635,273.499999999993690,141.749999999997897,1.000000000000035,0.500000000000100
2636,273.600000,141.800000,1.000000,0.500000
2636,273.599999999993713,141.799999999997908,1.000000000000043,0.500000000000107
2637,273.700000,141.850000,1.000000,0.500000
2637,273.699999999993736,141.849999999997920,1.000000000000051,0.500000000000114
2638,273.800000,141.900000,1.000000,0.500000
2638,273.799999999993759,141.899999999997931,1.000000000000050,0.500000000000116
2639,273.900000,141.950000,1.000000,0.500000
2639,273.899999999993781,141.949999999997942,1.000000000000050,0.500000000000118
2640,274.000000,142.000000,1.000000,0.500000
2640,273.999999999993804,141.999999999997954,1.000000000000058,0.500000000000125
2641,274.100000,142.050000,1.000000,0.500000
2641,274.099999999993827,142.049999999997965,1.000000000000066,0.500000000000132
2642,274.200000,142.100000,1.000000,0.500000
2642,274.199999999993850,142.099999999997976,1.000000000000074,0.500000000000139
2643,274.300000,142.150000,1.000000,0.500000
2643,274.299999999993872,142.149999999997988,1.000000000000073,0.500000000000141
2644,274.400000,142.200000,1.000000,0.500000
2644,274.399999999993895,142.199999999997999,1.000000000000072,0.500000000000143
2645,274.500000,142.250000,1.000000,0.500000
2645,274.499999999993918,142.249999999998010,1.000000000000080,0.500000000000150
2646,274.600000,142.300000,1.000000,0.500000
2646,274.599999999993940,142.299999999998022,1.000000000000088,0.500000000000156
2647,274.700000,142.350000,1.000000,0.500000
2647,274.699999999993963,142.349999999998033,1.000000000000096,0.500000000000164
2648,274.800000,142.400000,1.000000,0.500000
2648,274.799999999993986,142.399999999998045,1.000000000000104,0.500000000000170
2649,274.900000,142.450000,1.000000,0.500000
2649,274.899999999994009,142.449999999998056,1.000000000000103,0.500000000000173
2650,275.000000,142.500000,1.000000,0.500000
2650,274.999999999994031,142.499999999998067,1.000000000000111,0.500000000000179
2651,275.100000,142.550000,1.000000,0.500000
2651,275.099999999994054,142.549999999998079,1.000000000000119,0.500000000000186
2652,275.200000,142.600000,1.000000,0.500000
2652,275.199999999994077,142.599999999998090,1.000000000000127,0.500000000000193
2653,275.300000,142.650000,1.000000,0.500000
2653,275.299999999994100,142.649999999998101,1.000000000000135,0.500000000000200
2654,275.400000,142.700000,1.000000,0.500000
2654,275.399999999994122,142.699999999998113,1.000000000000134,0.500000000000202
2655,275.500000,142.750000,1.000000,0.500000
2655,275.499999999994145,142.749999999998124,1.000000000000142,0.500000000000209
2656,275.600000,142.800000,1.000000,0.500000
2656,275.599999999994168,142.799999999998136,1.000000000000141,0.500000000000212
2657,275.700000,142.850000,1.000000,0.500000
2657,275.699999999994191,142.849999999998147,1.000000000000140,0.500000000000214
2658,275.800000,142.900000,1.000000,0.500000
2658,275.799999999994213,142.899999999998158,1.000000000000148,0.500000000000220
2659,275.900000,142.950000,1.000000,0.500000
2659,275.899999999994236,142.949999999998170,1.000000000000156,0.500000000000227
2660,276.000000,143.000000,1.000000,0.500000
2660,275.999999999994259,142.999999999998181,1.000000000000155,0.500000000000229
2661,276.100000,143.050000,1.000000,0.500000
2661,276.099999999994282,143.049999999998192,1.000000000000163,0.500000000000236
2662,276.200000,143.100000,1.000000,0.500000
2662,276.199999999994304,143.099999999998204,1.000000000000172,0.500000000000243
2663,276.300000,143.150000,1.000000,0.500000
2663,276.299999999994327,143.149999999998215,1.000000000000180,0.500000000000250
2664,276.400000,143.200000,1.000000,0.500000
2664,276.399999999994350,143.199999999998226,1.000000000000179,0.500000000000252
2665,276.500000,143.250000,1.000000,0.500000
2665,276.499999999994373,143.249999999998238,1.000000000000187,0.500000000000258
2666,276.600000,143.300000,1.000000,0.500000
2666,276.599999999994395,143.299999999998278,1.000000000000186,0.500000000000260
2667,276.700000,143.350000,1.000000,0.500000
2667,276.699999999994418,143.349999999998317,1.000000000000186,0.500000000000261
2668,276.800000,143.400000,1.000000,0.500000
2668,276.799999999994441,143.399999999998357,1.000000000000186,0.500000000000261
2669,276.900000,143.450000,1.000000,0.500000
2669,276.899999999994463,143.449999999998397,1.000000000000177,0.500000000000255
2670,277.000000,143.500000,1.000000,0.500000
2670,276.999999999994486,143.499999999998408,1.000000000000178,0.500000000000254
2671,277.100000,143.550000,1.000000,0.500000
2671,277.099999999994509,143.549999999998420,1.000000000000178,0.500000000000254
2672,277.200000,143.600000,1.000000,0.500000
2672,277.199999999994532,143.599999999998431,1.000000000000169,0.500000000000248
2673,277.300000,143.650000,1.000000,0.500000
2673,277.299999999994554,143.649999999998442,1.000000000000170,0.500000000000247
2674,277.400000,143.700000,1.000000,0.500000
2674,277.399999999994577,143.699999999998454,1.000000000000170,0.500000000000247
2675,277.500000,143.750000,1.000000,0.500000
2675,277.499999999994600,143.749999999998465,1.000000000000161,0.500000000000241
2676,277.600000,143.800000,1.000000,0.500000
2676,277.599999999994623,143.799999999998477,1.000000000000152,0.500000000000236
2677,277.700000,143.850000,1.000000,0.500000
2677,277.699999999994645,143.849999999998488,1.000000000000152,0.500000000000236
2678,277.800000,143.900000,1.000000,0.500000
2678,277.799999999994668,143.899999999998499,1.000000000000153,0.500000000000235
2679,277.900000,143.950000,1.000000,0.500000
2679,277.899999999994691,143.949999999998511,1.000000000000153,0.500000000000235
2680,278.000000,144.000000,1.000000,0.500000
2680,277.999999999994714,143.999999999998522,1.000000000000153,0.500000000000234
2681,278.100000,144.050000,1.000000,0.500000
2681,278.099999999994736,144.049999999998533,1.000000000000153,0.500000000000234
2682,278.200000,144.100000,1.000000,0.500000
2682,278.199999999994759,144.099999999998545,1.000000000000154,0.500000000000233
2683,278.300000,144.150000,1.000000,0.500000
2683,278.299999999994782,144.149999999998556,1.000000000000154,0.500000000000232
2684,278.400000,144.200000,1.000000,0.500000
2684,278.399999999994805,144.199999999998568,1.000000000000154,0.500000000000232
2685,278.500000,144.250000,1.000000,0.500000
2685,278.499999999994827,144.249999999998579,1.000000000000154,0.500000000000232
2686,278.600000,144.300000,1.000000,0.500000
2686,278.599999999994850,144.299999999998590,1.000000000000145,0.500000000000226
2687,278.700000,144.350000,1.000000,0.500000
2687,278.699999999994873,144.349999999998602,1.000000000000146,0.500000000000226
2688,278.800000,144.400000,1.000000,0.500000
2688,278.799999999994895,144.399999999998613,1.000000000000146,0.500000000000225
2689,278.900000,144.450000,1.000000,0.500000
2689,278.899999999994918,144.449999999998624,1.000000000000146,0.500000000000224
2690,279.000000,144.500000,1.000000,0.500000
2690,278.999999999994941,144.499999999998636,1.000000000000138,0.500000000000219
2691,279.100000,144.550000,1.000000,0.500000
2691,279.099999999994964,144.549999999998647,1.000000000000138,0.500000000000218
2692,279.200000,144.600000,1.000000,0.500000
2692,279.199999999994986,144.599999999998658,1.000000000000138,0.500000000000217
2693,279.300000,144.650000,1.000000,0.500000
2693,279.299999999995009,144.649999999998670,1.000000000000129,0.500000000000212
2694,279.400000,144.700000,1.000000,0.500000
2694,279.399999999995032,144.699999999998681,1.000000000000130,0.500000000000212
2695,279.500000,144.750000,1.000000,0.500000
2695,279.499999999995055,144.749999999998693,1.000000000000130,0.500000000000211
2696,279.600000,144.800000,1.000000,0.500000
2696,279.599999999995077,144.799999999998704,1.000000000000130,0.500000000000210
2697,279.700000,144.850000,1.000000,0.500000
2697,279.699999999995100,144.849999999998715,1.000000000000121,0.500000000000205
2698,279.800000,144.900000,1.000000,0.500000
2698,279.799999999995123,144.899999999998727,1.000000000000122,0.500000000000205
2699,279.900000,144.950000,1.000000,0.500000
2699,279.899999999995146,144.949999999998738,1.000000000000122,0.500000000000204
2700,280.000000,145.000000,1.000000,0.500000
2700,279.999999999995168,144.999999999998749,1.000000000000122,0.500000000000203
2701,280.100000,145.050000,1.000000,0.500000
2701,280.099999999995191,145.049999999998761,1.000000000000114,0.500000000000198
2702,280.200000,145.100000,1.000000,0.500000
2702,280.199999999995214,145.099999999998772,1.000000000000105,0.500000000000192
2703,280.300000,145.150000,1.000000,0.500000
2703,280.299999999995237,145.149999999998784,1.000000000000105,0.500000000000191
2704,280.400000,145.200000,1.000000,0.500000
2704,280.399999999995259,145.199999999998795,1.000000000000106,0.500000000000190
2705,280.500000,145.250000,1.000000,0.500000
2705,280.499999999995282,145.249999999998806,1.000000000000106,0.500000000000189
2706,280.600000,145.300000,1.000000,0.500000
2706,280.599999999995305,145.299999999998818,1.000000000000106,0.500000000000189
2707,280.700000,145.350000,1.000000,0.500000
2707,280.699999999995327,145.349999999998829,1.000000000000097,0.500000000000184
2708,280.800000,145.400000,1.000000,0.500000
2708,280.799999999995350,145.399999999998840,1.000000000000098,0.500000000000183
2709,280.900000,145.450000,1.000000,0.500000
2709,280.899999999995373,145.449999999998852,1.000000000000098,0.500000000000182
2710,281.000000,145.500000,1.000000,0.500000
2710,280.999999999995396,145.499999999998863,1.000000000000099,0.500000000000181
2711,281.100000,145.550000,1.000000,0.500000
2711,281.099999999995418,145.549999999998875,1.000000000000099,0.500000000000180
2712,281.200000,145.600000,1.000000,0.500000
2712,281.199999999995441,145.599999999998886,1.000000000000090,0.500000000000175
2713,281.300000,145.650000,1.000000,0.500000
2713,281.299999999995464,145.649999999998897,1.000000000000090,0.500000000000175
2714,281.400000,145.700000,1.000000,0.500000
2714,281.399999999995487,145.699999999998909,1.000000000000081,0.500000000000169
2715,281.500000,145.750000,1.000000,0.500000
2715,281.499999999995509,145.749999999998920,1.000000000000082,0.500000000000168
2716,281.600000,145.800000,1.000000,0.500000
2716,281.599999999995532,145.799999999998931,1.000000000000073,0.500000000000163
2717,281.700000,145.850000,1.000000,0.500000
2717,281.699999999995555,145.849999999998943,1.000000000000064,0.500000000000158
2718,281.800000,145.900000,1.000000,0.500000
2718,281.799999999995578,145.899999999998954,1.000000000000065,0.500000000000157
2719,281.900000,145.950000,1.000000,0.500000
2719,281.899999999995600,145.949999999998965,1.000000000000065,0.500000000000157
2720,282.000000,146.000000,1.000000,0.500000
2720,281.999999999995623,145.999999999998977,1.000000000000056,0.500000000000151
2721,282.100000,146.050000,1.000000,0.500000
2721,282.099999999995646,146.049999999998988,1.000000000000056,0.500000000000150
2722,282.200000,146.100000,1.000000,0.500000
2722,282.199999999995669,146.099999999999000,1.000000000000057,0.500000000000150
2723,282.300000,146.150000,1.000000,0.500000
2723,282.299999999995691,146.149999999999011,1.000000000000057,0.500000000000150
2724,282.400000,146.200000,1.000000,0.500000
2724,282.399999999995714,146.199999999999022,1.000000000000057,0.500000000000149
2725,282.500000,146.250000,1.000000,0.500000
2725,282.499999999995737,146.249999999999034,1.000000000000058,0.500000000000148
2726,282.600000,146.300000,1.000000,0.500000
2726,282.599999999995759,146.299999999999045,1.000000000000058,0.500000000000148
2727,282.700000,146.350000,1.000000,0.500000
2727,282.699999999995782,146.349999999999056,1.000000000000058,0.500000000000147
2728,282.800000,146.400000,1.000000,0.500000
2728,282.799999999995805,146.399999999999068,1.000000000000058,0.500000000000146
2729,282.900000,146.450000,1.000000,0.500000
2729,282.899999999995828,146.449999999999079,1.000000000000059,0.500000000000145
2730,283.000000,146.500000,1.000000,0.500000
2730,282.999999999995850,146.499999999999091,1.000000000000059,0.500000000000144
2731,283.100000,146.550000,1.000000,0.500000
2731,283.099999999995873,146.549999999999102,1.000000000000060,0.500000000000143
2732,283.200000,146.600000,1.000000,0.500000
2732,283.199999999995896,146.599999999999113,1.000000000000060,0.500000000000143
2733,283.300000,146.650000,1.000000,0.500000
2733,283.299999999995919,146.649999999999125,1.000000000000060,0.500000000000142
2734,283.400000,146.700000,1.000000,0.500000
2734,283.399999999995941,146.699999999999136,1.000000000000061,0.500000000000141
2735,283.500000,146.750000,1.000000,0.500000
2735,283.499999999995964,146.749999999999147,1.000000000000061,0.500000000000140
2736,283.600000,146.800000,1.000000,0.500000
2736,283.599999999995987,146.799999999999159,1.000000000000061,0.500000000000140
2737,283.700000,146.850000,1.000000,0.500000
2737,283.699999999996010,146.849999999999170,1.000000000000062,0.500000000000139
2738,283.800000,146.900000,1.000000,0.500000
2738,283.799999999996032,146.899999999999181,1.000000000000053,0.500000000000134
2739,283.900000,146.950000,1.000000,0.500000
2739,283.899999999996055,146.949999999999193,1.000000000000053,0.500000000000134
2740,284.000000,147.000000,1.000000,0.500000
2740,283.999999999996078,146.999999999999204,1.000000000000053,0.500000000000133
2741,284.100000,147.050000,1.000000,0.500000
2741,284.099999999996101,147.049999999999216,1.000000000000053,0.500000000000133
2742,284.200000,147.100000,1.000000,0.500000
2742,284.199999999996123,147.099999999999227,1.000000000000054,0.500000000000132
2743,284.300000,147.150000,1.000000,0.500000
2743,284.299999999996146,147.149999999999238,1.000000000000054,0.500000000000131
2744,284.400000,147.200000,1.000000,0.500000
2744,284.399999999996169,147.199999999999250,1.000000000000054,0.500000000000130
2745,284.500000,147.250000,1.000000,0.500000
2745,284.499999999996191,147.249999999999261,1.000000000000055,0.500000000000129
2746,284.600000,147.300000,1.000000,0.500000
2746,284.599999999996214,147.299999999999272,1.000000000000055,0.500000000000129
2747,284.700000,147.350000,1.000000,0.500000
2747,284.699999999996237,147.349999999999284,1.000000000000046,0.500000000000124
2748,284.800000,147.400000,1.000000,0.500000
2748,284.799999999996260,147.399999999999295,1.000000000000046,0.500000000000123
2749,284.900000,147.450000,1.000000,0.500000
2749,284.899999999996282,147.449999999999307,1.000000000000047,0.500000000000123
2750,285.000000,147.500000,1.000000,0.500000
2750,284.999999999996305,147.499999999999318,1.000000000000047,0.500000000000122
2751,285.100000,147.550000,1.000000,0.500000
2751,285.099999999996328,147.549999999999329,1.000000000000047,0.500000000000122
2752,285.200000,147.600000,1.000000,0.500000
2752,285.199999999996351,147.599999999999341,1.000000000000048,0.500000000000121
2753,285.300000,147.650000,1.000000,0.500000
2753,285.299999999996373,147.649999999999352,1.000000000000048,0.500000000000121
2754,285.400000,147.700000,1.000000,0.500000
2754,285.399999999996396,147.699999999999363,1.000000000000048,0.500000000000120
2755,285.500000,147.750000,1.000000,0.500000
2755,285.499999999996419,147.749999999999375,1.000000000000049,0.500000000000119
2756,285.600000,147.800000,1.000000,0.500000
2756,285.599999999996442,147.799999999999386,1.000000000000040,0.500000000000113
2757,285.700000,147.850000,1.000000,0.500000
2757,285.699999999996464,147.849999999999397,1.000000000000031,0.500000000000108
2758,285.800000,147.900000,1.000000,0.500000
2758,285.799999999996487,147.899999999999409,1.000000000000022,0.500000000000103
2759,285.900000,147.950000,1.000000,0.500000
2759,285.899999999996510,147.949999999999420,1.000000000000022,0.500000000000102
2760,286.000000,148.000000,1.000000,0.500000
2760,285.999999999996533,147.999999999999432,1.000000000000023,0.500000000000101
2761,286.100000,148.050000,1.000000,0.500000
2761,286.099999999996555,148.049999999999443,1.000000000000023,0.500000000000101
2762,286.200000,148.100000,1.000000,0.500000
2762,286.199999999996578,148.099999999999454,1.000000000000014,0.500000000000096
2763,286.300000,148.150000,1.000000,0.500000
2763,286.299999999996601,148.149999999999466,1.000000000000014,0.500000000000095
2764,286.400000,148.200000,1.000000,0.500000
2764,286.399999999996624,148.199999999999477,1.000000000000014,0.500000000000095
2765,286.500000,148.250000,1.000000,0.500000
2765,286.499999999996646,148.249999999999488,1.000000000000006,0.500000000000089
2766,286.600000,148.300000,1.000000,0.500000
2766,286.599999999996669,148.299999999999500,0.999999999999997,0.500000000000084
2767,286.700000,148.350000,1.000000,0.500000
2767,286.699999999996692,148.349999999999511,0.999999999999997,0.500000000000083
2768,286.800000,148.400000,1.000000,0.500000
2768,286.799999999996714,148.399999999999523,0.999999999999989,0.500000000000077
2769,286.900000,148.450000,1.000000,0.500000
2769,286.899999999996737,148.449999999999534,0.999999999999980,0.500000000000072
2770,287.000000,148.500000,1.000000,0.500000
2770,286.999999999996760,148.499999999999545,0.999999999999980,0.500000000000071
2771,287.100000,148.550000,1.000000,0.500000
2771,287.099999999996783,148.549999999999557,0.999999999999981,0.500000000000070
2772,287.200000,148.600000,1.000000,0.500000
2772,287.199999999996805,148.599999999999568,0.999999999999981,0.500000000000069
2773,287.300000,148.650000,1.000000,0.500000
2773,287.299999999996828,148.649999999999579,0.999999999999981,0.500000000000069
2774,287.400000,148.700000,1.000000,0.500000
2774,287.399999999996851,148.699999999999591,0.999999999999982,0.500000000000069
2775,287.500000,148.750000,1.000000,0.500000
2775,287.499999999996874,148.749999999999602,0.999999999999982,0.500000000000068
2776,287.600000,148.800000,1.000000,0.500000
2776,287.599999999996896,148.799999999999613,0.999999999999982,0.500000000000068
2777,287.700000,148.850000,1.000000,0.500000
2777,287.699999999996919,148.849999999999625,0.999999999999982,0.500000000000067
2778,287.800000,148.900000,1.000000,0.500000
2778,287.799999999996942,148.899999999999636,0.999999999999983,0.500000000000066
2779,287.900000,148.950000,1.000000,0.500000
2779,287.899999999996965,148.949999999999648,0.999999999999983,0.500000000000065
2780,288.000000,149.000000,1.000000,0.500000
2780,287.999999999996987,148.999999999999659,0.999999999999983,0.500000000000065
2781,288.100000,149.050000,1.000000,0.500000
2781,288.099999999997010,149.049999999999670,0.999999999999984,0.500000000000064
2782,288.200000,149.100000,1.000000,0.500000
2782,288.199999999997033,149.099999999999682,0.999999999999984,0.500000000000063
2783,288.300000,149.150000,1.000000,0.500000
2783,288.299999999997056,149.149999999999693,0.999999999999975,0.500000000000058
2784,288.400000,149.200000,1.000000,0.500000
2784,288.399999999997078,149.199999999999704,0.999999999999976,0.500000000000057
2785,288.500000,149.250000,1.000000,0.500000
2785,288.499999999997101,149.249999999999716,0.999999999999976,0.500000000000057
2786,288.600000,149.300000,1.000000,0.500000
2786,288.599999999997124,149.299999999999727,0.999999999999976,0.500000000000056
2787,288.700000,149.350000,1.000000,0.500000
2787,288.699999999997146,149.349999999999739,0.999999999999976,0.500000000000055
2788,288.800000,149.400000,1.000000,0.500000
2788,288.799999999997169,149.399999999999750,0.999999999999977,0.500000000000054
2789,288.900000,149.450000,1.000000,0.500000
2789,288.899999999997192,149.449999999999761,0.999999999999977,0.500000000000054
2790,289.000000,149.500000,1.000000,0.500000
2790,288.999999999997215,149.499999999999773,0.999999999999977,0.500000000000053
2791,289.100000,149.550000,1.000000,0.500000
2791,289.099999999997237,149.549999999999784,0.999999999999978,0.500000000000053
2792,289.200000,149.600000,1.000000,0.500000
2792,289.199999999997260,149.599999999999795,0.999999999999978,0.500000000000052
2793,289.300000,149.650000,1.000000,0.500000
2793,289.299999999997283,149.649999999999807,0.999999999999969,0.500000000000047
2794,289.400000,149.700000,1.000000,0.500000
2794,289.399999999997306,149.699999999999818,0.999999999999969,0.500000000000047
2795,289.500000,149.750000,1.000000,0.500000
2795,289.499999999997328,149.749999999999829,0.999999999999969,0.500000000000046
2796,289.600000,149.800000,1.000000,0.500000
2796,289.599999999997351,149.799999999999841,0.999999999999970,0.500000000000046
2797,289.700000,149.850000,1.000000,0.500000
2797,289.699999999997374,149.849999999999852,0.999999999999970,0.500000000000045
2798,289.800000,149.900000,1.000000,0.500000
2798,289.799999999997397,149.899999999999864,0.999999999999970,0.500000000000044
2799,289.900000,149.950000,1.000000,0.500000
2799,289.899999999997419,149.949999999999875,0.999999999999971,0.500000000000043
2800,290.000000,150.000000,1.000000,0.500000
2800,289.999999999997442,149.999999999999886,0.999999999999971,0.500000000000043
2801,290.100000,150.050000,1.000000,0.500000
2801,290.099999999997465,150.049999999999898,0.999999999999962,0.500000000000038
2802,290.200000,150.100000,1.000000,0.500000
2802,290.199999999997488,150.099999999999909,0.999999999999962,0.500000000000037
2803,290.300000,150.150000,1.000000,0.500000
2803,290.299999999997510,150.149999999999920,0.999999999999954,0.500000000000032
2804,290.400000,150.200000,1.000000,0.500000
2804,290.399999999997533,150.199999999999932,0.999999999999954,0.500000000000031
2805,290.500000,150.250000,1.000000,0.500000
2805,290.499999999997556,150.249999999999943,0.999999999999945,0.500000000000026
2806,290.600000,150.300000,1.000000,0.500000
2806,290.599999999997578,150.299999999999955,0.999999999999946,0.500000000000025
2807,290.700000,150.350000,1.000000,0.500000
2807,290.699999999997601,150.349999999999966,0.999999999999946,0.500000000000024
2808,290.800000,150.400000,1.000000,0.500000
2808,290.799999999997624,150.399999999999977,0.999999999999946,0.500000000000024
2809,290.900000,150.450000,1.000000,0.500000
2809,290.899999999997647,150.449999999999989,0.999999999999946,0.500000000000023
2810,291.000000,150.500000,1.000000,0.500000
2810,290.999999999997669,150.500000000000000,0.999999999999947,0.500000000000022
2811,291.100000,150.550000,1.000000,0.500000
2811,291.099999999997692,150.550000000000011,0.999999999999947,0.500000000000022
2812,291.200000,150.600000,1.000000,0.500000
2812,291.199999999997715,150.600000000000023,0.999999999999947,0.500000000000021
2813,291.300000,150.650000,1.000000,0.500000
2813,291.299999999997738,150.650000000000034,0.999999999999948,0.500000000000020
2814,291.400000,150.700000,1.000000,0.500000
2814,291.399999999997760,150.700000000000045,0.999999999999948,0.500000000000020
2815,291.500000,150.750000,1.000000,0.500000
2815,291.499999999997783,150.750000000000057,0.999999999999948,0.500000000000019
2816,291.600000,150.800000,1.000000,0.500000
2816,291.599999999997806,150.800000000000068,0.999999999999948,0.500000000000018
2817,291.700000,150.850000,1.000000,0.500000
2817,291.699999999997829,150.850000000000080,0.999999999999949,0.500000000000017
2818,291.800000,150.900000,1.000000,0.500000
2818,291.799999999997851,150.900000000000091,0.999999999999949,0.500000000000016
2819,291.900000,150.950000,1.000000,0.500000
2819,291.899999999997874,150.950000000000102,0.999999999999950,0.500000000000016
2820,292.000000,151.000000,1.000000,0.500000
2820,291.999999999997897,151.000000000000114,0.999999999999950,0.500000000000016
2821,292.100000,151.050000,1.000000,0.500000
2821,292.099999999997920,151.050000000000125,0.999999999999950,0.500000000000015
2822,292.200000,151.100000,1.000000,0.500000
2822,292.199999999997942,151.100000000000136,0.999999999999950,0.500000000000015
2823,292.300000,151.150000,1.000000,0.500000
2823,292.299999999997965,151.150000000000148,0.999999999999951,0.500000000000014
2824,292.400000,151.200000,1.000000,0.500000
2824,292.399999999997988,151.200000000000159,0.999999999999942,0.500000000000008
2825,292.500000,151.250000,1.000000,0.500000
2825,292.499999999997954,151.250000000000171,0.999999999999943,0.500000000000007
2826,292.600000,151.300000,1.000000,0.500000
2826,292.599999999997920,151.300000000000182,0.999999999999953,0.500000000000009
2827,292.700000,151.350000,1.000000,0.500000
2827,292.699999999997942,151.350000000000193,0.999999999999972,0.500000000000017
2828,292.800000,151.400000,1.000000,0.500000
2828,292.799999999997965,151.400000000000205,0.999999999999991,0.500000000000024
2829,292.900000,151.450000,1.000000,0.500000
2829,292.899999999997988,151.450000000000216,1.000000000000002,0.500000000000027
2830,293.000000,151.500000,1.000000,0.500000
2830,292.999999999998010,151.500000000000227,1.000000000000012,0.500000000000030
2831,293.100000,151.550000,1.000000,0.500000
2831,293.099999999998033,151.550000000000239,1.000000000000022,0.500000000000033
2832,293.200000,151.600000,1.000000,0.500000
2832,293.199999999998056,151.600000000000250,1.000000000000041,0.500000000000040
2833,293.300000,151.650000,1.000000,0.500000
2833,293.299999999998079,151.650000000000261,1.000000000000061,0.500000000000048
2834,293.400000,151.700000,1.000000,0.500000
2834,293.399999999998101,151.700000000000273,1.000000000000071,0.500000000000051
2835,293.500000,151.750000,1.000000,0.500000
2835,293.499999999998124,151.750000000000284,1.000000000000090,0.500000000000058
2836,293.600000,151.800000,1.000000,0.500000
2836,293.599999999998147,151.800000000000296,1.000000000000100,0.500000000000061
2837,293.700000,151.850000,1.000000,0.500000
2837,293.699999999998170,151.850000000000307,1.000000000000120,0.500000000000069
2838,293.800000,151.900000,1.000000,0.500000
2838,293.799999999998192,151.900000000000318,1.000000000000139,0.500000000000076
2839,293.900000,151.950000,1.000000,0.500000
2839,293.899999999998215,151.950000000000330,1.000000000000149,0.500000000000079
2840,294.000000,152.000000,1.000000,0.500000
2840,293.999999999998238,152.000000000000341,1.000000000000159,0.500000000000082
2841,294.100000,152.050000,1.000000,0.500000
2841,294.099999999998261,152.050000000000352,1.000000000000179,0.500000000000089
2842,294.200000,152.100000,1.000000,0.500000
2842,294.199999999998283,152.100000000000364,1.000000000000189,0.500000000000091
2843,294.300000,152.150000,1.000000,0.500000
2843,294.299999999998306,152.150000000000375,1.000000000000209,0.500000000000099
2844,294.400000,152.200000,1.000000,0.500000
2844,294.399999999998329,152.200000000000387,1.000000000000228,0.500000000000106
2845,294.500000,152.250000,1.000000,0.500000
2845,294.499999999998352,152.250000000000398,1.000000000000247,0.500000000000114
2846,294.600000,152.300000,1.000000,0.500000
2846,294.599999999998374,152.300000000000409,1.000000000000267,0.500000000000121
2847,294.700000,152.350000,1.000000,0.500000
2847,294.699999999998397,152.350000000000421,1.000000000000286,0.500000000000128
2848,294.800000,152.400000,1.000000,0.500000
2848,294.799999999998420,152.400000000000432,1.000000000000297,0.500000000000131
2849,294.900000,152.450000,1.000000,0.500000
2849,294.899999999998442,152.450000000000443,1.000000000000316,0.500000000000138
2850,295.000000,152.500000,1.000000,0.500000
2850,294.999999999998465,152.500000000000455,1.000000000000326,0.500000000000141
2851,295.100000,152.550000,1.000000,0.500000
2851,295.099999999998488,152.550000000000466,1.000000000000336,0.500000000000144
2852,295.200000,152.600000,1.000000,0.500000
2852,295.199999999998511,152.600000000000477,1.000000000000356,0.500000000000151
2853,295.300000,152.650000,1.000000,0.500000
2853,295.299999999998533,152.650000000000489,1.000000000000366,0.500000000000154
2854,295.400000,152.700000,1.000000,0.500000
2854,295.399999999998556,152.700000000000500,1.000000000000386,0.500000000000161
2855,295.500000,152.750000,1.000000,0.500000
2855,295.499999999998579,152.750000000000512,1.000000000000396,0.500000000000164
2856,295.600000,152.800000,1.000000,0.500000
2856,295.599999999998602,152.800000000000523,1.000000000000415,0.500000000000171
2857,295.700000,152.850000,1.000000,0.500000
2857,295.699999999998624,152.850000000000534,1.000000000000435,0.500000000000178
2858,295.800000,152.900000,1.000000,0.500000
2858,295.799999999998647,152.900000000000546,1.000000000000454,0.500000000000186
2859,295.900000,152.950000,1.000000,0.500000
2859,295.899999999998670,152.950000000000557,1.000000000000473,0.500000000000193
2860,296.000000,153.000000,1.000000,0.500000
2860,295.999999999998693,153.000000000000568,1.000000000000484,0.500000000000196
2861,296.100000,153.050000,1.000000,0.500000
2861,296.099999999998715,153.050000000000580,1.000000000000503,0.500000000000204
2862,296.200000,153.100000,1.000000,0.500000
2862,296.199999999998738,153.100000000000591,1.000000000000513,0.500000000000206
2863,296.300000,153.150000,1.000000,0.500000
2863,296.299999999998818,153.150000000000603,1.000000000000514,0.500000000000205
2864,296.400000,153.200000,1.000000,0.500000
2864,296.399999999998897,153.200000000000614,1.000000000000505,0.500000000000199
2865,296.500000,153.250000,1.000000,0.500000
2865,296.499999999998920,153.250000000000625,1.000000000000505,0.500000000000199
2866,296.600000,153.300000,1.000000,0.500000
2866,296.599999999998943,153.300000000000637,1.000000000000496,0.500000000000194
2867,296.700000,153.350000,1.000000,0.500000
2867,296.699999999998965,153.350000000000648,1.000000000000497,0.500000000000193
2868,296.800000,153.400000,1.000000,0.500000
2868,296.799999999998988,153.400000000000659,1.000000000000497,0.500000000000192
2869,296.900000,153.450000,1.000000,0.500000
2869,296.899999999999011,153.450000000000671,1.000000000000497,0.500000000000192
2870,297.000000,153.500000,1.000000,0.500000
2870,296.999999999999034,153.500000000000682,1.000000000000488,0.500000000000187
2871,297.100000,153.550000,1.000000,0.500000
2871,297.099999999999056,153.550000000000693,1.000000000000480,0.500000000000181
2872,297.200000,153.600000,1.000000,0.500000
2872,297.199999999999079,153.600000000000705,1.000000000000480,0.500000000000180
2873,297.300000,153.650000,1.000000,0.500000
2873,297.299999999999102,153.650000000000716,1.000000000000480,0.500000000000180
2874,297.400000,153.700000,1.000000,0.500000
2874,297.399999999999125,153.700000000000728,1.000000000000472,0.500000000000174
2875,297.500000,153.750000,1.000000,0.500000
2875,297.499999999999147,153.750000000000739,1.000000000000472,0.500000000000174
2876,297.600000,153.800000,1.000000,0.500000
2876,297.599999999999170,153.800000000000750,1.000000000000472,0.500000000000173
2877,297.700000,153.850000,1.000000,0.500000
2877,297.699999999999193,153.850000000000762,1.000000000000473,0.500000000000172
2878,297.800000,153.900000,1.000000,0.500000
2878,297.799999999999216,153.900000000000773,1.000000000000473,0.500000000000172
2879,297.900000,153.950000,1.000000,0.500000
2879,297.899999999999238,153.950000000000784,1.000000000000473,0.500000000000172
2880,298.000000,154.000000,1.000000,0.500000
2880,297.999999999999261,154.000000000000796,1.000000000000473,0.500000000000171
2881,298.100000,154.050000,1.000000,0.500000
2881,298.099999999999284,154.050000000000807,1.000000000000474,0.500000000000170
2882,298.200000,154.100000,1.000000,0.500000
2882,298.199999999999307,154.100000000000819,1.000000000000474,0.500000000000169
2883,298.300000,154.150000,1.000000,0.500000
2883,298.299999999999329,154.150000000000830,1.000000000000474,0.500000000000169
2884,298.400000,154.200000,1.000000,0.500000
2884,298.399999999999352,154.200000000000841,1.000000000000475,0.500000000000168
2885,298.500000,154.250000,1.000000,0.500000
2885,298.499999999999375,154.250000000000853,1.000000000000475,0.500000000000167
2886,298.600000,154.300000,1.000000,0.500000
2886,298.599999999999397,154.300000000000864,1.000000000000475,0.500000000000167
2887,298.700000,154.350000,1.000000,0.500000
2887,298.699999999999420,154.350000000000875,1.000000000000466,0.500000000000162
2888,298.800000,154.400000,1.000000,0.500000
2888,298.799999999999443,154.400000000000887,1.000000000000467,0.500000000000161
2889,298.900000,154.450000,1.000000,0.500000
2889,298.899999999999466,154.450000000000898,1.000000000000458,0.500000000000155
2890,299.000000,154.500000,1.000000,0.500000
2890,298.999999999999488,154.500000000000909,1.000000000000458,0.500000000000154
2891,299.100000,154.550000,1.000000,0.500000
2891,299.099999999999511,154.550000000000921,1.000000000000459,0.500000000000153
2892,299.200000,154.600000,1.000000,0.500000
2892,299.199999999999534,154.600000000000932,1.000000000000450,0.500000000000148
2893,299.300000,154.650000,1.000000,0.500000
2893,299.299999999999557,154.650000000000944,1.000000000000450,0.500000000000147
2894,299.400000,154.700000,1.000000,0.500000
2894,299.399999999999579,154.700000000000955,1.000000000000451,0.500000000000147
2895,299.500000,154.750000,1.000000,0.500000
2895,299.499999999999602,154.750000000000966,1.000000000000451,0.500000000000146
2896,299.600000,154.800000,1.000000,0.500000
2896,299.599999999999625,154.800000000000978,1.000000000000451,0.500000000000145
2897,299.700000,154.850000,1.000000,0.500000
2897,299.699999999999648,154.850000000000989,1.000000000000443,0.500000000000140
2898,299.800000,154.900000,1.000000,0.500000
2898,299.799999999999670,154.900000000001000,1.000000000000434,0.500000000000135
2899,299.900000,154.950000,1.000000,0.500000
2899,299.899999999999693,154.950000000001012,1.000000000000434,0.500000000000134
2900,300.000000,155.000000,1.000000,0.500000
2900,299.999999999999716,155.000000000001023,1.000000000000434,0.500000000000134
2901,300.100000,155.050000,1.000000,0.500000
2901,300.099999999999739,155.050000000001035,1.000000000000434,0.500000000000133
2902,300.200000,155.100000,1.000000,0.500000
2902,300.199999999999761,155.100000000001046,1.000000000000435,0.500000000000133
2903,300.300000,155.150000,1.000000,0.500000
2903,300.299999999999784,155.150000000001057,1.000000000000435,0.500000000000132
2904,300.400000,155.200000,1.000000,0.500000
2904,300.399999999999807,155.200000000001069,1.000000000000435,0.500000000000132
2905,300.500000,155.250000,1.000000,0.500000
2905,300.499999999999829,155.250000000001080,1.000000000000435,0.500000000000131
2906,300.600000,155.300000,1.000000,0.500000
2906,300.599999999999852,155.300000000001091,1.000000000000436,0.500000000000130
2907,300.700000,155.350000,1.000000,0.500000
2907,300.699999999999875,155.350000000001103,1.000000000000436,0.500000000000130
2908,300.800000,155.400000,1.000000,0.500000
2908,300.799999999999898,155.400000000001114,1.000000000000436,0.500000000000130
2909,300.900000,155.450000,1.000000,0.500000
2909,300.899999999999920,155.450000000001125,1.000000000000436,0.500000000000129
2910,301.000000,155.500000,1.000000,0.500000
2910,300.999999999999943,155.500000000001137,1.000000000000437,0.500000000000128
2911,301.100000,155.550000,1.000000,0.500000
2911,301.099999999999966,155.550000000001148,1.000000000000437,0.500000000000127
2912,301.200000,155.600000,1.000000,0.500000
2912,301.199999999999989,155.600000000001160,1.000000000000438,0.500000000000126
2913,301.300000,155.650000,1.000000,0.500000
2913,301.300000000000011,155.650000000001171,1.000000000000438,0.500000000000126
2914,301.400000,155.700000,1.000000,0.500000
2914,301.400000000000034,155.700000000001182,1.000000000000438,0.500000000000125
2915,301.500000,155.750000,1.000000,0.500000
2915,301.500000000000057,155.750000000001194,1.000000000000429,0.500000000000120
2916,301.600000,155.800000,1.000000,0.500000
2916,301.600000000000080,155.800000000001205,1.000000000000430,0.500000000000119
2917,301.700000,155.850000,1.000000,0.500000
2917,301.700000000000102,155.850000000001216,1.000000000000421,0.500000000000114
2918,301.800000,155.900000,1.000000,0.500000
2918,301.800000000000125,155.900000000001228,1.000000000000421,0.500000000000113
2919,301.900000,155.950000,1.000000,0.500000
2919,301.900000000000148,155.950000000001239,1.000000000000421,0.500000000000113
2920,302.000000,156.000000,1.000000,0.500000
2920,302.000000000000171,156.000000000001251,1.000000000000422,0.500000000000112
2921,302.100000,156.050000,1.000000,0.500000
2921,302.100000000000193,156.050000000001262,1.000000000000422,0.500000000000111
2922,302.200000,156.100000,1.000000,0.500000
2922,302.200000000000216,156.100000000001273,1.000000000000413,0.500000000000106
2923,302.300000,156.150000,1.000000,0.500000
2923,302.300000000000239,156.150000000001285,1.000000000000413,0.500000000000106
2924,302.400000,156.200000,1.000000,0.500000
2924,302.400000000000261,156.200000000001296,1.000000000000414,0.500000000000105
2925,302.500000,156.250000,1.000000,0.500000
2925,302.500000000000284,156.250000000001307,1.000000000000414,0.500000000000104
2926,302.600000,156.300000,1.000000,0.500000
2926,302.600000000000307,156.300000000001319,1.000000000000414,0.500000000000104
2927,302.700000,156.350000,1.000000,0.500000
2927,302.700000000000330,156.350000000001330,1.000000000000415,0.500000000000103
2928,302.800000,156.400000,1.000000,0.500000
2928,302.800000000000352,156.400000000001342,1.000000000000415,0.500000000000102
2929,302.900000,156.450000,1.000000,0.500000
2929,302.900000000000375,156.450000000001353,1.000000000000415,0.500000000000101
2930,303.000000,156.500000,1.000000,0.500000
2930,303.000000000000398,156.500000000001364,1.000000000000416,0.500000000000100
2931,303.100000,156.550000,1.000000,0.500000
2931,303.100000000000421,156.550000000001376,1.000000000000407,0.500000000000095
2932,303.200000,156.600000,1.000000,0.500000
2932,303.200000000000443,156.600000000001387,1.000000000000407,0.500000000000095
2933,303.300000,156.650000,1.000000,0.500000
2933,303.300000000000466,156.650000000001398,1.000000000000398,0.500000000000090
2934,303.400000,156.700000,1.000000,0.500000
2934,303.400000000000489,156.700000000001410,1.000000000000398,0.500000000000089
2935,303.500000,156.750000,1.000000,0.500000
2935,303.500000000000512,156.750000000001421,1.000000000000390,0.500000000000083
2936,303.600000,156.800000,1.000000,0.500000
2936,303.600000000000534,156.800000000001432,1.000000000000390,0.500000000000083
2937,303.700000,156.850000,1.000000,0.500000
2937,303.700000000000557,156.850000000001444,1.000000000000390,0.500000000000083
2938,303.800000,156.900000,1.000000,0.500000
2938,303.800000000000580,156.900000000001455,1.000000000000391,0.500000000000082
2939,303.900000,156.950000,1.000000,0.500000
2939,303.900000000000603,156.950000000001467,1.000000000000391,0.500000000000081
2940,304.000000,157.000000,1.000000,0.500000
2940,304.000000000000625,157.000000000001478,1.000000000000382,0.500000000000075
2941,304.100000,157.050000,1.000000,0.500000
2941,304.100000000000648,157.050000000001489,1.000000000000382,0.500000000000075
2942,304.200000,157.100000,1.000000,0.500000
2942,304.200000000000671,157.100000000001501,1.000000000000373,0.500000000000070
2943,304.300000,157.150000,1.000000,0.500000
2943,304.300000000000693,157.150000000001512,1.000000000000365,0.500000000000064
2944,304.400000,157.200000,1.000000,0.500000
2944,304.400000000000716,157.200000000001523,1.000000000000365,0.500000000000064
2945,304.500000,157.250000,1.000000,0.500000
2945,304.500000000000739,157.250000000001535,1.000000000000365,0.500000000000063
2946,304.600000,157.300000,1.000000,0.500000
2946,304.600000000000762,157.300000000001546,1.000000000000357,0.500000000000058
2947,304.700000,157.350000,1.000000,0.500000
2947,304.700000000000784,157.350000000001558,1.000000000000357,0.500000000000057
2948,304.800000,157.400000,1.000000,0.500000
2948,304.800000000000807,157.400000000001569,1.000000000000357,0.500000000000057
2949,304.900000,157.450000,1.000000,0.500000
2949,304.900000000000830,157.450000000001580,1.000000000000357,0.500000000000056
2950,305.000000,157.500000,1.000000,0.500000
2950,305.000000000000853,157.500000000001592,1.000000000000358,0.500000000000055
2951,305.100000,157.550000,1.000000,0.500000
2951,305.100000000000875,157.550000000001603,1.000000000000358,0.500000000000055
2952,305.200000,157.600000,1.000000,0.500000
2952,305.200000000000898,157.600000000001614,1.000000000000358,0.500000000000054
2953,305.300000,157.650000,1.000000,0.500000
2953,305.300000000000921,157.650000000001626,1.000000000000359,0.500000000000053
2954,305.400000,157.700000,1.000000,0.500000
2954,305.400000000000944,157.700000000001637,1.000000000000350,0.500000000000048
2955,305.500000,157.750000,1.000000,0.500000
2955,305.500000000000966,157.750000000001648,1.000000000000350,0.500000000000048
2956,305.600000,157.800000,1.000000,0.500000
2956,305.600000000000989,157.800000000001660,1.000000000000341,0.500000000000043
2957,305.700000,157.850000,1.000000,0.500000
2957,305.700000000001012,157.850000000001671,1.000000000000342,0.500000000000042
2958,305.800000,157.900000,1.000000,0.500000
2958,305.800000000001035,157.900000000001683,1.000000000000342,0.500000000000041
2959,305.900000,157.950000,1.000000,0.500000
2959,305.900000000001057,157.950000000001694,1.000000000000342,0.500000000000040
2960,306.000000,158.000000,1.000000,0.500000
2960,306.000000000001080,158.000000000001705,1.000000000000342,0.500000000000040
2961,306.100000,158.050000,1.000000,0.500000
2961,306.100000000001103,158.050000000001717,1.000000000000334,0.500000000000034
2962,306.200000,158.100000,1.000000,0.500000
2962,306.200000000001125,158.100000000001728,1.000000000000334,0.500000000000033
2963,306.300000,158.150000,1.000000,0.500000
2963,306.300000000001148,158.150000000001739,1.000000000000334,0.500000000000033
2964,306.400000,158.200000,1.000000,0.500000
2964,306.400000000001171,158.200000000001751,1.000000000000335,0.500000000000032
2965,306.500000,158.250000,1.000000,0.500000
2965,306.500000000001194,158.250000000001762,1.000000000000335,0.500000000000032
2966,306.600000,158.300000,1.000000,0.500000
2966,306.600000000001216,158.300000000001774,1.000000000000335,0.500000000000031
2967,306.700000,158.350000,1.000000,0.500000
2967,306.700000000001239,158.350000000001785,1.000000000000335,0.500000000000031
2968,306.800000,158.400000,1.000000,0.500000
2968,306.800000000001262,158.400000000001796,1.000000000000336,0.500000000000030
2969,306.900000,158.450000,1.000000,0.500000
2969,306.900000000001285,158.450000000001808,1.000000000000336,0.500000000000029
2970,307.000000,158.500000,1.000000,0.500000
2970,307.000000000001307,158.500000000001819,1.000000000000336,0.500000000000029
2971,307.100000,158.550000,1.000000,0.500000
2971,307.100000000001330,158.550000000001830,1.000000000000336,0.500000000000028
2972,307.200000,158.600000,1.000000,0.500000
2972,307.200000000001353,158.600000000001842,1.000000000000337,0.500000000000027
2973,307.300000,158.650000,1.000000,0.500000
2973,307.300000000001376,158.650000000001853,1.000000000000337,0.500000000000027
2974,307.400000,158.700000,1.000000,0.500000
2974,307.400000000001398,158.700000000001864,1.000000000000337,0.500000000000027
2975,307.500000,158.750000,1.000000,0.500000
2975,307.500000000001421,158.750000000001876,1.000000000000329,0.500000000000021
2976,307.600000,158.800000,1.000000,0.500000
2976,307.600000000001444,158.800000000001887,1.000000000000329,0.500000000000020
2977,307.700000,158.850000,1.000000,0.500000
2977,307.700000000001467,158.850000000001899,1.000000000000329,0.500000000000020
2978,307.800000,158.900000,1.000000,0.500000
2978,307.800000000001489,158.900000000001910,1.000000000000329,0.500000000000020
2979,307.900000,158.950000,1.000000,0.500000
2979,307.900000000001512,158.950000000001921,1.000000000000320,0.500000000000014
2980,308.000000,159.000000,1.000000,0.500000
2980,308.000000000001535,159.000000000001933,1.000000000000312,0.500000000000009
2981,308.100000,159.050000,1.000000,0.500000
2981,308.100000000001558,159.050000000001944,1.000000000000303,0.500000000000003
2982,308.200000,159.100000,1.000000,0.500000
2982,308.200000000001580,159.100000000001955,1.000000000000303,0.500000000000003
2983,308.300000,159.150000,1.000000,0.500000
2983,308.300000000001603,159.150000000001967,1.000000000000304,0.500000000000002
2984,308.400000,159.200000,1.000000,0.500000
2984,308.400000000001626,159.200000000001978,1.000000000000304,0.500000000000001
2985,308.500000,159.250000,1.000000,0.500000
2985,308.500000000001648,159.250000000001990,1.000000000000304,0.500000000000000
2986,308.600000,159.300000,1.000000,0.500000
2986,308.600000000001671,159.300000000002001,1.000000000000305,0.500000000000000
2987,308.700000,159.350000,1.000000,0.500000
2987,308.700000000001694,159.350000000002012,1.000000000000305,0.499999999999999
2988,308.800000,159.400000,1.000000,0.500000
2988,308.800000000001717,159.400000000002024,1.000000000000305,0.499999999999999
2989,308.900000,159.450000,1.000000,0.500000
2989,308.900000000001739,159.450000000002035,1.000000000000296,0.499999999999993
2990,309.000000,159.500000,1.000000,0.500000
2990,309.000000000001762,159.500000000002046,1.000000000000288,0.499999999999988
2991,309.100000,159.550000,1.000000,0.500000
2991,309.100000000001785,159.550000000002058,1.000000000000288,0.499999999999987
2992,309.200000,159.600000,1.000000,0.500000
2992,309.200000000001808,159.600000000002069,1.000000000000288,0.499999999999986
2993,309.300000,159.650000,1.000000,0.500000
2993,309.300000000001830,159.650000000002080,1.000000000000289,0.499999999999985
2994,309.400000,159.700000,1.000000,0.500000
2994,309.400000000001853,159.700000000002092,1.000000000000289,0.499999999999984
2995,309.500000,159.750000,1.000000,0.500000
2995,309.500000000001876,159.750000000002103,1.000000000000289,0.499999999999984
2996,309.600000,159.800000,1.000000,0.500000
2996,309.600000000001899,159.800000000002115,1.000000000000290,0.499999999999983
2997,309.700000,159.850000,1.000000,0.500000
2997,309.700000000001921,159.850000000002126,1.000000000000290,0.499999999999983
2998,309.800000,159.900000,1.000000,0.500000
2998,309.800000000001944,159.900000000002137,1.000000000000290,0.499999999999982
2999,309.900000,159.950000,1.000000,0.500000
2999,309.900000000001967,159.950000000002149,1.000000000000290,0.499999999999982
3000,310.000000,160.000000,1.000000,0.500000
3000,310.000000000001990,160.000000000002160,1.000000000000290,0.499999999999981
3001,310.100000,160.050000,1.000000,0.500000
3001,310.100000000002012,160.050000000002171,1.000000000000291,0.499999999999981
3002,310.200000,160.100000,1.000000,0.500000
3002,310.200000000002035,160.100000000002183,1.000000000000282,0.499999999999975
3003,310.300000,160.150000,1.000000,0.500000
3003,310.300000000002058,160.150000000002194,1.000000000000282,0.499999999999975
3004,310.400000,160.200000,1.000000,0.500000
3004,310.400000000002080,160.200000000002206,1.000000000000282,0.499999999999974
3005,310.500000,160.250000,1.000000,0.500000
3005,310.500000000002103,160.250000000002217,1.000000000000283,0.499999999999974
3006,310.600000,160.300000,1.000000,0.500000
3006,310.600000000002126,160.300000000002228,1.000000000000283,0.499999999999973
3007,310.700000,160.350000,1.000000,0.500000
3007,310.700000000002149,160.350000000002240,1.000000000000283,0.499999999999973
3008,310.800000,160.400000,1.000000,0.500000
3008,310.800000000002171,160.400000000002251,1.000000000000283,0.499999999999972
3009,310.900000,160.450000,1.000000,0.500000
3009,310.900000000002194,160.450000000002262,1.000000000000274,0.499999999999967
3010,311.000000,160.500000,1.000000,0.500000
3010,311.000000000002217,160.500000000002245,1.000000000000274,0.499999999999967
3011,311.100000,160.550000,1.000000,0.500000
3011,311.100000000002240,160.550000000002228,1.000000000000274,0.499999999999968
3012,311.200000,160.600000,1.000000,0.500000
3012,311.200000000002262,160.600000000002211,1.000000000000273,0.499999999999970
3013,311.300000,160.650000,1.000000,0.500000
3013,311.300000000002285,160.650000000002194,1.000000000000282,0.499999999999976
3014,311.400000,160.700000,1.000000,0.500000
3014,311.400000000002308,160.700000000002206,1.000000000000290,0.499999999999983
3015,311.500000,160.750000,1.000000,0.500000
3015,311.500000000002331,160.750000000002217,1.000000000000298,0.499999999999989
3016,311.600000,160.800000,1.000000,0.500000
3016,311.600000000002353,160.800000000002228,1.000000000000306,0.499999999999996
3017,311.700000,160.850000,1.000000,0.500000
3017,311.700000000002376,160.850000000002240,1.000000000000314,0.500000000000003
3018,311.800000,160.900000,1.000000,0.500000
3018,311.800000000002399,160.900000000002251,1.000000000000323,0.500000000000009
3019,311.900000,160.950000,1.000000,0.500000
3019,311.900000000002422,160.950000000002262,1.000000000000331,0.500000000000016
3020,312.000000,161.000000,1.000000,0.500000
3020,312.000000000002444,161.000000000002274,1.000000000000330,0.500000000000018
3021,312.100000,161.050000,1.000000,0.500000
3021,312.100000000002467,161.050000000002285,1.000000000000338,0.500000000000024
3022,312.200000,161.100000,1.000000,0.500000
3022,312.200000000002490,161.100000000002296,1.000000000000347,0.500000000000031
3023,312.300000,161.150000,1.000000,0.500000
3023,312.300000000002512,161.150000000002308,1.000000000000355,0.500000000000037
3024,312.400000,161.200000,1.000000,0.500000
3024,312.400000000002535,161.200000000002319,1.000000000000354,0.500000000000039
3025,312.500000,161.250000,1.000000,0.500000
3025,312.500000000002558,161.250000000002331,1.000000000000362,0.500000000000045
3026,312.600000,161.300000,1.000000,0.500000
3026,312.600000000002581,161.300000000002342,1.000000000000371,0.500000000000052
3027,312.700000,161.350000,1.000000,0.500000
3027,312.700000000002603,161.350000000002353,1.000000000000379,0.500000000000058
3028,312.800000,161.400000,1.000000,0.500000
3028,312.800000000002626,161.400000000002365,1.000000000000378,0.500000000000060
3029,312.900000,161.450000,1.000000,0.500000
3029,312.900000000002649,161.450000000002376,1.000000000000387,0.500000000000066
3030,313.000000,161.500000,1.000000,0.500000
3030,313.000000000002672,161.500000000002387,1.000000000000395,0.500000000000073
3031,313.100000,161.550000,1.000000,0.500000
3031,313.100000000002694,161.550000000002399,1.000000000000403,0.500000000000079
3032,313.200000,161.600000,1.000000,0.500000
3032,313.200000000002717,161.600000000002410,1.000000000000411,0.500000000000086
3033,313.300000,161.650000,1.000000,0.500000
3033,313.300000000002740,161.650000000002422,1.000000000000419,0.500000000000093
3034,313.400000,161.700000,1.000000,0.500000
3034,313.400000000002763,161.700000000002433,1.000000000000428,0.500000000000099
3035,313.500000,161.750000,1.000000,0.500000
3035,313.500000000002785,161.750000000002444,1.000000000000436,0.500000000000106
3036,313.600000,161.800000,1.000000,0.500000
3036,313.600000000002808,161.800000000002456,1.000000000000444,0.500000000000113
3037,313.700000,161.850000,1.000000,0.500000
3037,313.700000000002831,161.850000000002467,1.000000000000452,0.500000000000119
3038,313.800000,161.900000,1.000000,0.500000
3038,313.800000000002854,161.900000000002478,1.000000000000452,0.500000000000121
3039,313.900000,161.950000,1.000000,0.500000
3039,313.900000000002876,161.950000000002490,1.000000000000451,0.500000000000123
