frame,px,py,vx,vy
0,0.909918,0.909918,0.090082,0.090082
0,0.909918025403117,0.909918025403117,0.090081974596883,0.090081974596883
1,1.010759,1.010759,0.187451,0.187451
1,1.010758610855067,1.010758610855067,0.187450914128216,0.187450914128216
2,1.100349,1.100349,0.335936,0.335936
2,1.100348923953064,1.100348923953064,0.335936216045277,0.335936216045277
3,1.200800,1.200800,0.504920,0.504920
3,1.200799561719243,1.200799561719243,0.504919514787335,0.504919514787335
4,1.311169,1.311169,0.654762,0.654762
4,1.311168869718853,1.311168869718853,0.654762127040367,0.654762127040367
5,1.425515,1.425515,0.767746,0.767746
5,1.425514733357022,1.425514733357022,0.767746108429016,0.767746108429016
6,1.539625,1.539625,0.846006,0.846006
6,1.539624652467608,1.539624652467608,0.846006418102200,0.846006418102200
7,1.651795,1.651795,0.898425,0.898425
7,1.651795325811280,1.651795325811280,0.898425276955539,0.898425276955539
8,1.761738,1.761738,0.933360,0.933360
8,1.761737831409233,1.761737831409233,0.933359822385229,0.933359822385229
9,1.869701,1.869701,0.956847,0.956847
9,1.869701339946748,1.869701339946748,0.956846989486308,0.956846989486308
10,1.976058,1.976058,0.972861,0.972861
10,1.976058245597150,1.976058245597150,0.972861011683177,0.972861011683177
11,2.081154,2.081154,0.983939,0.983939
11,2.081153606041718,2.081153606041718,0.983938559080024,0.983938559080024
12,2.185266,2.185266,0.991693,0.991693
12,2.185266386258534,2.185266386258534,0.991692669899076,0.991692669899076
13,2.288610,2.288610,0.997158,0.997158
13,2.288610232591899,2.288610232591899,0.997158408975904,0.997158408975904
14,2.391345,2.391345,1.001010,1.001010
14,2.391345201170544,2.391345201170544,1.001010425568152,1.001010425568152
15,2.493590,2.493590,1.003697,1.003697
15,2.493590467040894,2.493590467040894,1.003697199255321,1.003697199255321
16,2.595435,2.595435,1.005524,1.005524
16,2.595435111909682,2.595435111909682,1.005523858687239,1.005523858687239
17,2.696947,2.696947,1.006704,1.006704
17,2.696946536995097,2.696946536995097,1.006703667999270,1.006703667999270
18,2.798177,2.798177,1.007390,1.007390
18,2.798176775940444,2.798176775940444,1.007390330523628,1.007390330523628
19,2.899167,2.899167,1.007698,1.007698
19,2.899167119135195,2.899167119135195,1.007698391133379,1.007698391133379
20,2.999951,2.999951,1.007716,1.007716
20,2.999951422093701,2.999951422093701,1.007716139746169,1.007716139746169
21,3.100558,3.100558,1.007514,1.007514
21,3.100558400518220,3.100558400518220,1.007513732807767,1.007513732807767
22,3.201013,3.201013,1.007148,1.007148
22,3.201013154911335,3.201013154911335,1.007148255435301,1.007148255435301
23,3.301338,3.301338,1.006667,1.006667
23,3.301338123488287,3.301338123488287,1.006666846242049,1.006666846242049
24,3.401554,3.401554,1.006109,1.006109
24,3.401553628489116,3.401553628489116,1.006108628484534,1.006108628484534
25,3.501678,3.501678,1.005506,1.005506
25,3.501678151927034,3.501678151927034,1.005505940140647,1.005505940140647
26,3.601728,3.601728,1.004885,1.004885
26,3.601728449003909,3.601728449003909,1.004885181373612,1.004885181373612
27,3.701720,3.701720,1.004267,1.004267
27,3.701719580313003,3.701719580313003,1.004267474594492,1.004267474594492
28,3.801665,3.801665,1.003669,1.003669
28,3.801664918694824,3.801664918694824,1.003669246281980,1.003669246281980
29,3.901576,3.901576,1.003103,1.003103
29,3.901576164837619,3.901576164837619,1.003102782389784,1.003102782389784
30,4.001463,4.001463,1.002577,1.002577
30,4.001463388595952,4.001463388595952,1.002576773985145,1.002576773985145
31,4.101335,4.101335,1.002097,1.002097
31,4.101335100888271,4.101335100888271,1.002096850843214,1.002096850843214
32,4.201198,4.201198,1.001666,1.001666
32,4.201198353505927,4.201198353505927,1.001666092834043,1.001666092834043
33,4.301059,4.301059,1.001286,1.001286
33,4.301058860313744,4.301058860313744,1.001285507739876,1.001285507739876
34,4.400921,4.400921,1.000954,1.000954
34,4.400921132072363,4.400921132072363,1.000954466369617,1.000954466369617
35,4.500789,4.500789,1.000671,1.000671
35,4.500788617469726,4.500788617469726,1.000671089310296,1.000671089310296
36,4.600664,4.600664,1.000433,1.000433
36,4.600663844127616,4.600663844127616,1.000432583096887,1.000432583096887
37,4.700549,4.700549,1.000236,1.000236
37,4.700548554807842,4.700548554807842,1.000235526385943,1.000235526385943
38,4.800444,4.800444,1.000076,1.000076
38,4.800443835458467,4.800443835458467,1.000076108708590,1.000076108708590
39,4.900350,4.900350,0.999950,0.999950
39,4.900350232954755,4.900350232954755,0.999950325612130,0.999950325612130
40,5.000268,5.000268,0.999854,0.999854
40,5.000267861351754,5.000267861351754,0.999854134633257,0.999854134633257
41,5.100196,5.100196,0.999784,0.999784
41,5.100196496185839,5.100196496185839,0.999783576753330,0.999783576753330
42,5.200136,5.200136,0.999735,0.999735
42,5.200135656878953,5.200135656878953,0.999734867917440,0.999734867917440
43,5.300085,5.300085,0.999704,0.999704
43,5.300084677656082,5.300084677656082,0.999704464967282,0.999704464967282
44,5.400043,5.400043,0.999689,0.999689
44,5.400042767624412,5.400042767624412,0.999689110019937,0.999689110019937
45,5.500009,5.500009,0.999686,0.999686
45,5.500009060814167,5.500009060814167,0.999685856968206,0.999685856968206
46,5.599983,5.599983,0.999692,0.999692
46,5.599982657070251,5.599982657070251,0.999692083410763,0.999692083410763
47,5.699963,5.699963,0.999705,0.999705
47,5.699962654727509,5.699962654727509,0.999705490956714,0.999705490956714
48,5.799948,5.799948,0.999724,0.999724
48,5.799948176012343,5.799948176012343,0.999724096496901,0.999724096496901
49,5.899938,5.899938,0.999746,0.999746
49,5.899938386097733,5.899938386097733,0.999746216697653,0.999746216697653
50,5.999933,5.999933,0.999770,0.999770
50,5.999932506703416,5.999932506703416,0.999770447654374,0.999770447654374
51,6.099930,6.099930,0.999796,0.999796
51,6.099929825082993,6.099929825082993,0.999795641344467,0.999795641344467
52,6.199930,6.199930,0.999821,0.999821
52,6.199929699178814,6.199929699178814,0.999820880243603,0.999820880243603
53,6.299932,6.299932,0.999845,0.999845
53,6.299931559657455,6.299931559657455,0.999845451217651,0.999845451217651
54,6.399935,6.399935,0.999869,0.999869
54,6.399934909466158,6.399934909466158,0.999868819575920,0.999868819575920
55,6.499939,6.499939,0.999891,0.999891
55,6.499939321476830,6.499939321476830,0.999890603970175,0.999890603970175
56,6.599944,6.599944,0.999911,0.999911
56,6.599944434710953,6.599944434710953,0.999910552648093,0.999910552648093
57,6.699950,6.699950,0.999929,0.999929
57,6.699949949568137,6.699949949568137,0.999928521418762,0.999928521418762
58,6.799956,6.799956,0.999944,0.999944
58,6.799955622414357,6.799955622414357,0.999944453560348,0.999944453560348
59,6.899961,6.899961,0.999958,0.999958
59,6.899961259824062,6.899961259824062,0.999958361794473,0.999958361794473
60,6.999967,6.999967,0.999970,0.999970
60,6.999966712714163,6.999966712714163,0.999970312366359,0.999970312366359
61,7.099972,7.099972,0.999980,0.999980
61,7.099971870557581,7.099971870557581,0.999980411202362,0.999980411202362
62,7.199977,7.199977,0.999989,0.999989
62,7.199976655819769,7.199976655819769,0.999988792064922,0.999988792064922
63,7.299981,7.299981,0.999996,0.999996
63,7.299981018723228,7.299981018723228,0.999995606587207,0.999995606587207
64,7.399985,7.399985,1.000001,1.000001
64,7.399984932412375,7.399984932412375,1.000001016043741,1.000001016043741
65,7.499988,7.499988,1.000005,1.000005
65,7.499988388563705,7.499988388563705,1.000005184697091,1.000005184697091
66,7.599991,7.599991,1.000008,1.000008
66,7.599991393463740,7.599991393463740,1.000008274552690,1.000008274552690
67,7.699994,7.699994,1.000010,1.000010
67,7.699993964559138,7.699993964559138,1.000010441352229,1.000010441352229
68,7.799996,7.799996,1.000012,1.000012
68,7.799996127469234,7.799996127469234,1.000011831639602,1.000011831639602
69,7.899998,7.899998,1.000013,1.000013
69,7.899997913440576,7.899997913440576,1.000012580740700,1.000012580740700
70,7.999999,7.999999,1.000013,1.000013
70,7.999999357215259,7.999999357215259,1.000012811508501,1.000012811508501
71,8.100000,8.100000,1.000013,1.000013
71,8.100000495279719,8.100000495279719,1.000012633696854,1.000012633696854
72,8.200001,8.200001,1.000012,1.000012
72,8.200001364457444,8.200001364457444,1.000012143839490,1.000012143839490
73,8.300002,8.300002,1.000011,1.000011
73,8.300002000807744,8.300002000807744,1.000011425524382,1.000011425524382
74,8.400002,8.400002,1.000011,1.000011
74,8.400002438792642,8.400002438792642,1.000010549967201,1.000010549967201
75,8.500003,8.500003,1.000010,1.000010
75,8.500002710674980,8.500002710674980,1.000009576800849,1.000009576800849
76,8.600003,8.600003,1.000009,1.000009
76,8.600002846112709,8.600002846112709,1.000008555010652,1.000008555010652
77,8.700003,8.700003,1.000008,1.000008
77,8.700002871916656,8.700002871916656,1.000007523956514,1.000007523956514
78,8.800003,8.800003,1.000007,1.000007
78,8.800002811941903,8.800002811941903,1.000006514434065,1.000006514434065
79,8.900003,8.900003,1.000006,1.000006
79,8.900002687085841,8.900002687085841,1.000005549736508,1.000005549736508
80,9.000003,9.000003,1.000005,1.000005
80,9.000002515369031,9.000002515369031,1.000004646687441,1.000004646687441
81,9.100002,9.100002,1.000004,1.000004
81,9.100002312078095,9.100002312078095,1.000003816622372,1.000003816622372
82,9.200002,9.200002,1.000003,1.000003
82,9.200002089952706,9.200002089952706,1.000003066303106,1.000003066303106
83,9.300002,9.300002,1.000002,1.000002
83,9.300001859401629,9.300001859401629,1.000002398754572,1.000002398754572
84,9.400002,9.400002,1.000002,1.000002
84,9.400001628735248,9.400001628735248,1.000001814018165,1.000001814018165
85,9.500001,9.500001,1.000001,1.000001
85,9.500001404404429,9.500001404404429,1.000001309819337,1.000001309819337
86,9.600001,9.600001,1.000001,1.000001
86,9.600001191237642,9.600001191237642,1.000000882150063,1.000000882150063
87,9.700001,9.700001,1.000001,1.000001
87,9.700000992670113,9.700000992670113,1.000000525769025,1.000000525769025
88,9.800001,9.800001,1.000000,1.000000
88,9.800000810960432,9.800000810960432,1.000000234624043,1.000000234624043
89,9.900001,9.900001,1.000000,1.000000
89,9.900000647391376,9.900000647391376,1.000000002202406,1.000000002202406
90,10.000001,10.000001,1.000000,1.000000
90,10.000000502452901,10.000000502452901,0.999999821815500,0.999999821815500
91,10.100000,10.100000,1.000000,1.000000
91,10.100000376006204,10.100000376006204,0.999999686824546,0.999999686824546
92,10.200000,10.200000,1.000000,1.000000
92,10.200000267428518,10.200000267428518,0.999999590814345,0.999999590814345
93,10.300000,10.300000,1.000000,1.000000
93,10.300000175738942,10.300000175738942,0.999999527721852,0.999999527721852
94,10.400000,10.400000,0.999999,0.999999
94,10.400000099706034,10.400000099706034,0.999999491926126,0.999999491926126
95,10.500000,10.500000,0.999999,0.999999
95,10.500000037938269,10.500000037938269,0.999999478305804,0.999999478305804
96,10.600000,10.600000,0.999999,0.999999
96,10.599999988958682,10.599999988958682,0.999999482269769,0.999999482269769
97,10.700000,10.700000,0.999999,0.999999
97,10.699999951265156,10.699999951265156,0.999999499766182,0.999999499766182
98,10.800000,10.800000,1.000000,1.000000
98,10.799999923377902,10.799999923377902,0.999999527274470,0.999999527274470
99,10.900000,10.900000,1.000000,1.000000
99,10.899999903875674,10.899999903875674,0.999999561784302,0.999999561784302
100,11.000000,11.000000,1.000000,1.000000
100,10.999999891422231,10.999999891422231,0.999999600765076,0.999999600765076
101,11.100000,11.100000,1.000000,1.000000
101,11.099999884784504,11.099999884784504,0.999999642128878,0.999999642128878
102,11.200000,11.200000,1.000000,1.000000
102,11.199999882843821,11.199999882843821,0.999999684189409,0.999999684189409
103,11.300000,11.300000,1.000000,1.000000
103,11.299999884601419,11.299999884601419,0.999999725618940,0.999999725618940
104,11.400000,11.400000,1.000000,1.000000
104,11.399999889179394,11.399999889179394,0.999999765404920,0.999999765404920
105,11.500000,11.500000,1.000000,1.000000
105,11.499999895818057,11.499999895818057,0.999999802807537,0.999999802807537
106,11.600000,11.600000,1.000000,1.000000
106,11.599999903870600,11.599999903870600,0.999999837319190,0.999999837319190
107,11.700000,11.700000,1.000000,1.000000
107,11.699999912795814,11.699999912795814,0.999999868626579,0.999999868626579
108,11.800000,11.800000,1.000000,1.000000
108,11.799999922149489,11.799999922149489,0.999999896575881,0.999999896575881
109,11.900000,11.900000,1.000000,1.000000
109,11.899999931575048,11.899999931575048,0.999999921141289,0.999999921141289
110,12.000000,12.000000,1.000000,1.000000
110,11.999999940793836,11.999999940793836,0.999999942397036,0.999999942397036
111,12.100000,12.100000,1.000000,1.000000
111,12.099999949595423,12.099999949595423,0.999999960492903,0.999999960492903
112,12.200000,12.200000,1.000000,1.000000
112,12.199999957828156,12.199999957828156,0.999999975633115,0.999999975633115
113,12.300000,12.300000,1.000000,1.000000
113,12.299999965390230,12.299999965390230,0.999999988058448,0.999999988058448
114,12.400000,12.400000,1.000000,1.000000
114,12.399999972221329,12.399999972221329,0.999999998031330,0.999999998031330
115,12.500000,12.500000,1.000000,1.000000
115,12.499999978295024,12.499999978295024,1.000000005823679,1.000000005823679
116,12.600000,12.600000,1.000000,1.000000
116,12.599999983611907,12.599999983611907,1.000000011707201,1.000000011707201
117,12.700000,12.700000,1.000000,1.000000
117,12.699999988193515,12.699999988193515,1.000000015945868,1.000000015945868
118,12.800000,12.800000,1.000000,1.000000
118,12.799999992077039,12.799999992077039,1.000000018790300,1.000000018790300
119,12.900000,12.900000,1.000000,1.000000
119,12.899999995310777,12.899999995310777,1.000000020473780,1.000000020473780
120,13.000000,13.000000,1.000000,1.000000
120,12.999999997950304,12.999999997950304,1.000000021209636,1.000000021209636
121,13.100000,13.100000,1.000000,1.000000
121,13.100000000055289,13.100000000055289,1.000000021189776,1.000000021189776
122,13.200000,13.200000,1.000000,1.000000
122,13.200000001686909,13.200000001686909,1.000000020584144,1.000000020584144
123,13.300000,13.300000,1.000000,1.000000
123,13.300000002905822,13.300000002905822,1.000000019540907,1.000000019540907
124,13.400000,13.400000,1.000000,1.000000
124,13.400000003770582,13.400000003770582,1.000000018187210,1.000000018187210
125,13.500000,13.500000,1.000000,1.000000
125,13.500000004336483,13.500000004336483,1.000000016630347,1.000000016630347
126,13.600000,13.600000,1.000000,1.000000
126,13.600000004654751,13.600000004654751,1.000000014959222,1.000000014959222
127,13.700000,13.700000,1.000000,1.000000
127,13.700000004772026,13.700000004772026,1.000000013245993,1.000000013245993
128,13.800000,13.800000,1.000000,1.000000
128,13.800000004730091,13.800000004730091,1.000000011547820,1.000000011547820
129,13.900000,13.900000,1.000000,1.000000
129,13.900000004565802,13.900000004565802,1.000000009908628,1.000000009908628
130,14.000000,14.000000,1.000000,1.000000
130,14.000000004311161,14.000000004311161,1.000000008360856,1.000000008360856
131,14.100000,14.100000,1.000000,1.000000
131,14.100000003993513,14.100000003993513,1.000000006927123,1.000000006927123
132,14.200000,14.200000,1.000000,1.000000
132,14.200000003635825,14.200000003635825,1.000000005621804,1.000000005621804
133,14.300000,14.300000,1.000000,1.000000
133,14.300000003257038,14.300000003257038,1.000000004452475,1.000000004452475
134,14.400000,14.400000,1.000000,1.000000
134,14.400000002872430,14.400000002872430,1.000000003421225,1.000000003421225
135,14.500000,14.500000,1.000000,1.000000
135,14.500000002494019,14.500000002494019,1.000000002525828,1.000000002525828
136,14.600000,14.600000,1.000000,1.000000
136,14.600000002130958,14.600000002130958,1.000000001760775,1.000000001760775
137,14.700000,14.700000,1.000000,1.000000
137,14.700000001789919,14.700000001789919,1.000000001118160,1.000000001118160
138,14.800000,14.800000,1.000000,1.000000
138,14.800000001475462,14.800000001475462,1.000000000588437,1.000000000588437
139,14.900000,14.900000,1.000000,1.000000
139,14.900000001190390,14.900000001190390,1.000000000161059,1.000000000161059
140,15.000000,15.000000,1.000000,1.000000
140,15.000000000936058,15.000000000936058,0.999999999824990,0.999999999824990
141,15.100000,15.100000,1.000000,1.000000
141,15.100000000712660,15.100000000712660,0.999999999569123,0.999999999569123
142,15.200000,15.200000,1.000000,1.000000
142,15.200000000519482,15.200000000519482,0.999999999382609,0.999999999382609
143,15.300000,15.300000,1.000000,1.000000
143,15.300000000355134,15.300000000355134,0.999999999255099,0.999999999255099
144,15.400000,15.400000,1.000000,1.000000
144,15.400000000217730,15.400000000217730,0.999999999176917,0.999999999176917
145,15.500000,15.500000,1.000000,1.000000
145,15.500000000105059,15.500000000105059,0.999999999139186,0.999999999139186
146,15.600000,15.600000,1.000000,1.000000
146,15.600000000014717,15.600000000014717,0.999999999133889,0.999999999133889
147,15.700000,15.700000,1.000000,1.000000
147,15.699999999944213,15.699999999944213,0.999999999153904,0.999999999153904
148,15.800000,15.800000,1.000000,1.000000
148,15.799999999891064,15.799999999891064,0.999999999193000,0.999999999193000
149,15.900000,15.900000,1.000000,1.000000
149,15.899999999852861,15.899999999852861,0.999999999245811,0.999999999245811
150,16.000000,16.000000,1.000000,1.000000
150,15.999999999827319,15.999999999827319,0.999999999307792,0.999999999307792
151,16.100000,16.100000,1.000000,1.000000
151,16.099999999812312,16.099999999812312,0.999999999375161,0.999999999375161
152,16.200000,16.200000,1.000000,1.000000
152,16.199999999805893,16.199999999805893,0.999999999444835,0.999999999444835
153,16.300000,16.300000,1.000000,1.000000
153,16.299999999806321,16.299999999806321,0.999999999514356,0.999999999514356
154,16.400000,16.400000,1.000000,1.000000
154,16.399999999812046,16.399999999812046,0.999999999581821,0.999999999581821
155,16.500000,16.500000,1.000000,1.000000
155,16.499999999821725,16.499999999821725,0.999999999645813,0.999999999645813
156,16.600000,16.600000,1.000000,1.000000
156,16.599999999834196,16.599999999834196,0.999999999705328,0.999999999705328
157,16.700000,16.700000,1.000000,1.000000
157,16.699999999848490,16.699999999848490,0.999999999759711,0.999999999759711
158,16.800000,16.800000,1.000000,1.000000
158,16.799999999863800,16.799999999863800,0.999999999808598,0.999999999808598
159,16.900000,16.900000,1.000000,1.000000
159,16.899999999879473,16.899999999879473,0.999999999851860,0.999999999851860
160,17.000000,17.000000,1.000000,1.000000
160,16.999999999894989,16.999999999894989,0.999999999889551,0.999999999889551
161,17.100000,17.100000,1.000000,1.000000
161,17.099999999909954,17.099999999909954,0.999999999921870,0.999999999921870
162,17.200000,17.200000,1.000000,1.000000
162,17.199999999924071,17.199999999924071,0.999999999949122,0.999999999949122
163,17.300000,17.300000,1.000000,1.000000
163,17.299999999937139,17.299999999937139,0.999999999971683,0.999999999971683
164,17.400000,17.400000,1.000000,1.000000
164,17.399999999949028,17.399999999949028,0.999999999989975,0.999999999989975
165,17.500000,17.500000,1.000000,1.000000
165,17.499999999959670,17.499999999959670,1.000000000004448,1.000000000004448
166,17.600000,17.600000,1.000000,1.000000
166,17.599999999969050,17.599999999969050,1.000000000015553,1.000000000015553
167,17.700000,17.700000,1.000000,1.000000
167,17.699999999977191,17.699999999977191,1.000000000023737,1.000000000023737
168,17.800000,17.800000,1.000000,1.000000
168,17.799999999984141,17.799999999984141,1.000000000029425,1.000000000029425
169,17.900000,17.900000,1.000000,1.000000
169,17.899999999989976,17.899999999989976,1.000000000033019,1.000000000033019
170,18.000000,18.000000,1.000000,1.000000
170,17.999999999994781,17.999999999994781,1.000000000034888,1.000000000034888
171,18.100000,18.100000,1.000000,1.000000
171,18.099999999998655,18.099999999998655,1.000000000035367,1.000000000035367
172,18.200000,18.200000,1.000000,1.000000
172,18.200000000001697,18.200000000001697,1.000000000034755,1.000000000034755
173,18.300000,18.300000,1.000000,1.000000
173,18.300000000004012,18.300000000004012,1.000000000033312,1.000000000033312
174,18.400000,18.400000,1.000000,1.000000
174,18.400000000005694,18.400000000005694,1.000000000031265,1.000000000031265
175,18.500000,18.500000,1.000000,1.000000
175,18.500000000006843,18.500000000006843,1.000000000028807,1.000000000028807
176,18.600000,18.600000,1.000000,1.000000
176,18.600000000007544,18.600000000007544,1.000000000026099,1.000000000026099
177,18.700000,18.700000,1.000000,1.000000
177,18.700000000007876,18.700000000007876,1.000000000023271,1.000000000023271
178,18.800000,18.800000,1.000000,1.000000
178,18.800000000007916,18.800000000007916,1.000000000020429,1.000000000020429
179,18.900000,18.900000,1.000000,1.000000
179,18.900000000007729,18.900000000007729,1.000000000017655,1.000000000017655
180,19.000000,19.000000,1.000000,1.000000
180,19.000000000007368,19.000000000007368,1.000000000015011,1.000000000015011
181,19.100000,19.100000,1.000000,1.000000
181,19.100000000006883,19.100000000006883,1.000000000012542,1.000000000012542
182,19.200000,19.200000,1.000000,1.000000
182,19.200000000006316,19.200000000006316,1.000000000010277,1.000000000010277
183,19.300000,19.300000,1.000000,1.000000
183,19.300000000005699,19.300000000005699,1.000000000008233,1.000000000008233
184,19.400000,19.400000,1.000000,1.000000
184,19.400000000005061,19.400000000005061,1.000000000006419,1.000000000006419
185,19.500000,19.500000,1.000000,1.000000
185,19.500000000004427,19.500000000004427,1.000000000004834,1.000000000004834
186,19.600000,19.600000,1.000000,1.000000
186,19.600000000003813,19.600000000003813,1.000000000003469,1.000000000003469
187,19.700000,19.700000,1.000000,1.000000
187,19.700000000003229,19.700000000003229,1.000000000002314,1.000000000002314
188,19.800000,19.800000,1.000000,1.000000
188,19.800000000002690,19.800000000002690,1.000000000001354,1.000000000001354
189,19.900000,19.900000,1.000000,1.000000
189,19.900000000002198,19.900000000002198,1.000000000000572,1.000000000000572
190,20.000000,20.000000,1.000000,1.000000
190,20.000000000001755,20.000000000001755,0.999999999999948,0.999999999999948
191,20.100000,20.100000,1.000000,1.000000
191,20.100000000001362,20.100000000001362,0.999999999999466,0.999999999999466
192,20.200000,20.200000,1.000000,1.000000
192,20.200000000001022,20.200000000001022,0.999999999999107,0.999999999999107
193,20.300000,20.300000,1.000000,1.000000
193,20.300000000000729,20.300000000000729,0.999999999998854,0.999999999998854
194,20.400000,20.400000,1.000000,1.000000
194,20.400000000000482,20.400000000000482,0.999999999998689,0.999999999998689
195,20.500000,20.500000,1.000000,1.000000
195,20.500000000000277,20.500000000000277,0.999999999998598,0.999999999998598
196,20.600000,20.600000,1.000000,1.000000
196,20.600000000000112,20.600000000000112,0.999999999998568,0.999999999998568
197,20.700000,20.700000,1.000000,1.000000
197,20.699999999999982,20.699999999999982,0.999999999998585,0.999999999998585
198,20.800000,20.800000,1.000000,1.000000
198,20.799999999999883,20.799999999999883,0.999999999998637,0.999999999998637
199,20.900000,20.900000,1.000000,1.000000
199,20.899999999999810,20.899999999999810,0.999999999998716,0.999999999998716
200,21.000000,21.000000,1.000000,1.000000
200,20.999999999999758,20.999999999999758,0.999999999998814,0.999999999998814
201,21.100000,21.100000,1.000000,1.000000
201,21.099999999999728,21.099999999999728,0.999999999998924,0.999999999998924
202,21.200000,21.200000,1.000000,1.000000
202,21.199999999999712,21.199999999999712,0.999999999999040,0.999999999999040
203,21.300000,21.300000,1.000000,1.000000
203,21.299999999999709,21.299999999999709,0.999999999999157,0.999999999999157
204,21.400000,21.400000,1.000000,1.000000
204,21.399999999999718,21.399999999999718,0.999999999999271,0.999999999999271
205,21.500000,21.500000,1.000000,1.000000
205,21.499999999999734,21.499999999999734,0.999999999999381,0.999999999999381
206,21.600000,21.600000,1.000000,1.000000
206,21.599999999999753,21.599999999999753,0.999999999999484,0.999999999999484
207,21.700000,21.700000,1.000000,1.000000
207,21.699999999999779,21.699999999999779,0.999999999999579,0.999999999999579
208,21.800000,21.800000,1.000000,1.000000
208,21.799999999999805,21.799999999999805,0.999999999999664,0.999999999999664
209,21.900000,21.900000,1.000000,1.000000
209,21.899999999999832,21.899999999999832,0.999999999999740,0.999999999999740
210,22.000000,22.000000,1.000000,1.000000
210,21.999999999999858,21.999999999999858,0.999999999999808,0.999999999999808
211,22.100000,22.100000,1.000000,1.000000
211,22.099999999999884,22.099999999999884,0.999999999999866,0.999999999999866
212,22.200000,22.200000,1.000000,1.000000
212,22.199999999999910,22.199999999999910,0.999999999999916,0.999999999999916
213,22.300000,22.300000,1.000000,1.000000
213,22.299999999999933,22.299999999999933,0.999999999999957,0.999999999999957
214,22.400000,22.400000,1.000000,1.000000
214,22.399999999999956,22.399999999999956,0.999999999999992,0.999999999999992
215,22.500000,22.500000,1.000000,1.000000
215,22.499999999999975,22.499999999999975,1.000000000000020,1.000000000000020
216,22.600000,22.600000,1.000000,1.000000
216,22.599999999999994,22.599999999999994,1.000000000000041,1.000000000000041
217,22.700000,22.700000,1.000000,1.000000
217,22.700000000000014,22.700000000000014,1.000000000000057,1.000000000000057
218,22.800000,22.800000,1.000000,1.000000
218,22.800000000000026,22.800000000000026,1.000000000000068,1.000000000000068
219,22.900000,22.900000,1.000000,1.000000
219,22.900000000000041,22.900000000000041,1.000000000000075,1.000000000000075
220,23.000000,23.000000,1.000000,1.000000
220,23.000000000000053,23.000000000000053,1.000000000000078,1.000000000000078
221,23.100000,23.100000,1.000000,1.000000
221,23.100000000000062,23.100000000000062,1.000000000000078,1.000000000000078
222,23.200000,23.200000,1.000000,1.000000
222,23.200000000000070,23.200000000000070,1.000000000000076,1.000000000000076
223,23.300000,23.300000,1.000000,1.000000
223,23.300000000000075,23.300000000000075,1.000000000000072,1.000000000000072
224,23.400000,23.400000,1.000000,1.000000
224,23.400000000000080,23.400000000000080,1.000000000000067,1.000000000000067
225,23.500000,23.500000,1.000000,1.000000
225,23.500000000000082,23.500000000000082,1.000000000000062,1.000000000000062
226,23.600000,23.600000,1.000000,1.000000
226,23.600000000000083,23.600000000000083,1.000000000000057,1.000000000000057
227,23.700000,23.700000,1.000000,1.000000
227,23.700000000000085,23.700000000000085,1.000000000000052,1.000000000000052
228,23.800000,23.800000,1.000000,1.000000
228,23.800000000000086,23.800000000000086,1.000000000000047,1.000000000000047
229,23.900000,23.900000,1.000000,1.000000
229,23.900000000000087,23.900000000000087,1.000000000000042,1.000000000000042
230,24.000000,24.000000,1.000000,1.000000
230,24.000000000000089,24.000000000000089,1.000000000000038,1.000000000000038
231,24.100000,24.100000,1.000000,1.000000
231,24.100000000000090,24.100000000000090,1.000000000000033,1.000000000000033
232,24.200000,24.200000,1.000000,1.000000
232,24.200000000000092,24.200000000000092,1.000000000000028,1.000000000000028
233,24.300000,24.300000,1.000000,1.000000
233,24.300000000000090,24.300000000000090,1.000000000000024,1.000000000000024
234,24.400000,24.400000,1.000000,1.000000
234,24.400000000000087,24.400000000000087,1.000000000000021,1.000000000000021
235,24.500000,24.500000,1.000000,1.000000
235,24.500000000000089,24.500000000000089,1.000000000000019,1.000000000000019
236,24.600000,24.600000,1.000000,1.000000
236,24.600000000000090,24.600000000000090,1.000000000000017,1.000000000000017
237,24.700000,24.700000,1.000000,1.000000
237,24.700000000000092,24.700000000000092,1.000000000000015,1.000000000000015
238,24.800000,24.800000,1.000000,1.000000
238,24.800000000000093,24.800000000000093,1.000000000000013,1.000000000000013
239,24.900000,24.900000,1.000000,1.000000
239,24.900000000000095,24.900000000000095,1.000000000000011,1.000000000000011
240,25.000000,25.000000,1.000000,1.000000
240,25.000000000000096,25.000000000000096,1.000000000000009,1.000000000000009
241,25.100000,25.100000,1.000000,1.000000
241,25.100000000000097,25.100000000000097,1.000000000000007,1.000000000000007
242,25.200000,25.200000,1.000000,1.000000
242,25.200000000000099,25.200000000000099,1.000000000000005,1.000000000000005
243,25.300000,25.300000,1.000000,1.000000
243,25.300000000000100,25.300000000000100,1.000000000000003,1.000000000000003
244,25.400000,25.400000,1.000000,1.000000
244,25.400000000000102,25.400000000000102,1.000000000000001,1.000000000000001
245,25.500000,25.500000,1.000000,1.000000
245,25.500000000000103,25.500000000000103,0.999999999999999,0.999999999999999
246,25.600000,25.600000,1.000000,1.000000
246,25.600000000000104,25.600000000000104,0.999999999999997,0.999999999999997
247,25.700000,25.700000,1.000000,1.000000
247,25.700000000000106,25.700000000000106,0.999999999999995,0.999999999999995
248,25.800000,25.800000,1.000000,1.000000
248,25.800000000000104,25.800000000000104,0.999999999999994,0.999999999999994
249,25.900000,25.900000,1.000000,1.000000
249,25.900000000000102,25.900000000000102,0.999999999999994,0.999999999999994
250,26.000000,26.000000,1.000000,1.000000
250,26.000000000000099,26.000000000000099,0.999999999999995,0.999999999999995
251,26.100000,26.100000,1.000000,1.000000
251,26.100000000000097,26.100000000000097,0.999999999999997,0.999999999999997
252,26.200000,26.200000,1.000000,1.000000
252,26.200000000000099,26.200000000000099,0.999999999999999,0.999999999999999
253,26.300000,26.300000,1.000000,1.000000
253,26.300000000000100,26.300000000000100,1.000000000000001,1.000000000000001
254,26.400000,26.400000,1.000000,1.000000
254,26.400000000000102,26.400000000000102,1.000000000000003,1.000000000000003
255,26.500000,26.500000,1.000000,1.000000
255,26.500000000000103,26.500000000000103,1.000000000000005,1.000000000000005
256,26.600000,26.600000,1.000000,1.000000
256,26.600000000000104,26.600000000000104,1.000000000000007,1.000000000000007
257,26.700000,26.700000,1.000000,1.000000
257,26.700000000000106,26.700000000000106,1.000000000000009,1.000000000000009
258,26.800000,26.800000,1.000000,1.000000
258,26.800000000000107,26.800000000000107,1.000000000000011,1.000000000000011
259,26.900000,26.900000,1.000000,1.000000
259,26.900000000000109,26.900000000000109,1.000000000000013,1.000000000000013
260,27.000000,27.000000,1.000000,1.000000
260,27.000000000000110,27.000000000000110,1.000000000000015,1.000000000000015
261,27.100000,27.100000,1.000000,1.000000
261,27.100000000000112,27.100000000000112,1.000000000000017,1.000000000000017
262,27.200000,27.200000,1.000000,1.000000
262,27.200000000000113,27.200000000000113,1.000000000000019,1.000000000000019
263,27.300000,27.300000,1.000000,1.000000
263,27.300000000000114,27.300000000000114,1.000000000000021,1.000000000000021
264,27.400000,27.400000,1.000000,1.000000
264,27.400000000000116,27.400000000000116,1.000000000000023,1.000000000000023
265,27.500000,27.500000,1.000000,1.000000
265,27.500000000000117,27.500000000000117,1.000000000000025,1.000000000000025
266,27.600000,27.600000,1.000000,1.000000
266,27.600000000000119,27.600000000000119,1.000000000000027,1.000000000000027
267,27.700000,27.700000,1.000000,1.000000
267,27.700000000000120,27.700000000000120,1.000000000000029,1.000000000000029
268,27.800000,27.800000,1.000000,1.000000
268,27.800000000000122,27.800000000000122,1.000000000000031,1.000000000000031
269,27.900000,27.900000,1.000000,1.000000
269,27.900000000000123,27.900000000000123,1.000000000000033,1.000000000000033
270,28.000000,28.000000,1.000000,1.000000
270,28.000000000000128,28.000000000000128,1.000000000000034,1.000000000000034
271,28.100000,28.100000,1.000000,1.000000
271,28.100000000000133,28.100000000000133,1.000000000000034,1.000000000000034
272,28.200000,28.200000,1.000000,1.000000
272,28.200000000000138,28.200000000000138,1.000000000000033,1.000000000000033
273,28.300000,28.300000,1.000000,1.000000
273,28.300000000000143,28.300000000000143,1.000000000000031,1.000000000000031
274,28.400000,28.400000,1.000000,1.000000
274,28.400000000000144,28.400000000000144,1.000000000000029,1.000000000000029
275,28.500000,28.500000,1.000000,1.000000
275,28.500000000000146,28.500000000000146,1.000000000000027,1.000000000000027
276,28.600000,28.600000,1.000000,1.000000
276,28.600000000000147,28.600000000000147,1.000000000000025,1.000000000000025
277,28.700000,28.700000,1.000000,1.000000
277,28.700000000000149,28.700000000000149,1.000000000000023,1.000000000000023
278,28.800000,28.800000,1.000000,1.000000
278,28.800000000000150,28.800000000000150,1.000000000000021,1.000000000000021
279,28.900000,28.900000,1.000000,1.000000
279,28.900000000000151,28.900000000000151,1.000000000000019,1.000000000000019
280,29.000000,29.000000,1.000000,1.000000
280,29.000000000000153,29.000000000000153,1.000000000000017,1.000000000000017
281,29.100000,29.100000,1.000000,1.000000
281,29.100000000000154,29.100000000000154,1.000000000000015,1.000000000000015
282,29.200000,29.200000,1.000000,1.000000
282,29.200000000000156,29.200000000000156,1.000000000000013,1.000000000000013
283,29.300000,29.300000,1.000000,1.000000
283,29.300000000000157,29.300000000000157,1.000000000000011,1.000000000000011
284,29.400000,29.400000,1.000000,1.000000
284,29.400000000000158,29.400000000000158,1.000000000000009,1.000000000000009
285,29.500000,29.500000,1.000000,1.000000
285,29.500000000000160,29.500000000000160,1.000000000000007,1.000000000000007
286,29.600000,29.600000,1.000000,1.000000
286,29.600000000000161,29.600000000000161,1.000000000000005,1.000000000000005
287,29.700000,29.700000,1.000000,1.000000
287,29.700000000000163,29.700000000000163,1.000000000000003,1.000000000000003
288,29.800000,29.800000,1.000000,1.000000
288,29.800000000000164,29.800000000000164,1.000000000000001,1.000000000000001
289,29.900000,29.900000,1.000000,1.000000
289,29.900000000000166,29.900000000000166,0.999999999999999,0.999999999999999
290,30.000000,30.000000,1.000000,1.000000
290,30.000000000000167,30.000000000000167,0.999999999999997,0.999999999999997
291,30.100000,30.100000,1.000000,1.000000
291,30.100000000000168,30.100000000000168,0.999999999999995,0.999999999999995
292,30.200000,30.200000,1.000000,1.000000
292,30.200000000000166,30.200000000000166,0.999999999999994,0.999999999999994
293,30.300000,30.300000,1.000000,1.000000
293,30.300000000000164,30.300000000000164,0.999999999999994,0.999999999999994
294,30.400000,30.400000,1.000000,1.000000
294,30.400000000000162,30.400000000000162,0.999999999999995,0.999999999999995
295,30.500000,30.500000,1.000000,1.000000
295,30.500000000000160,30.500000000000160,0.999999999999997,0.999999999999997
296,30.600000,30.600000,1.000000,1.000000
296,30.600000000000161,30.600000000000161,0.999999999999999,0.999999999999999
297,30.700000,30.700000,1.000000,1.000000
297,30.700000000000163,30.700000000000163,1.000000000000001,1.000000000000001
298,30.800000,30.800000,1.000000,1.000000
298,30.800000000000164,30.800000000000164,1.000000000000003,1.000000000000003
299,30.900000,30.900000,1.000000,1.000000
299,30.900000000000166,30.900000000000166,1.000000000000005,1.000000000000005
300,31.000000,31.000000,1.000000,1.000000
300,31.000000000000167,31.000000000000167,1.000000000000007,1.000000000000007
301,31.100000,31.100000,1.000000,1.000000
301,31.100000000000168,31.100000000000168,1.000000000000009,1.000000000000009
302,31.200000,31.200000,1.000000,1.000000
302,31.200000000000170,31.200000000000170,1.000000000000011,1.000000000000011
303,31.300000,31.300000,1.000000,1.000000
303,31.300000000000171,31.300000000000171,1.000000000000013,1.000000000000013
304,31.400000,31.400000,1.000000,1.000000
304,31.400000000000173,31.400000000000173,1.000000000000015,1.000000000000015
305,31.500000,31.500000,1.000000,1.000000
305,31.500000000000174,31.500000000000174,1.000000000000017,1.000000000000017
306,31.600000,31.600000,1.000000,1.000000
306,31.600000000000176,31.600000000000176,1.000000000000019,1.000000000000019
307,31.700000,31.700000,1.000000,1.000000
307,31.700000000000177,31.700000000000177,1.000000000000021,1.000000000000021
308,31.800000,31.800000,1.000000,1.000000
308,31.800000000000178,31.800000000000178,1.000000000000023,1.000000000000023
309,31.900000,31.900000,1.000000,1.000000
309,31.900000000000180,31.900000000000180,1.000000000000025,1.000000000000025
310,32.000000,32.000000,1.000000,1.000000
310,32.000000000000185,32.000000000000185,1.000000000000025,1.000000000000025
311,32.100000,32.100000,1.000000,1.000000
311,32.100000000000186,32.100000000000186,1.000000000000025,1.000000000000025
312,32.200000,32.200000,1.000000,1.000000
312,32.200000000000188,32.200000000000188,1.000000000000025,1.000000000000025
313,32.300000,32.300000,1.000000,1.000000
313,32.300000000000189,32.300000000000189,1.000000000000025,1.000000000000025
314,32.400000,32.400000,1.000000,1.000000
314,32.400000000000190,32.400000000000190,1.000000000000025,1.000000000000025
315,32.500000,32.500000,1.000000,1.000000
315,32.500000000000192,32.500000000000192,1.000000000000025,1.000000000000025
316,32.600000,32.600000,1.000000,1.000000
316,32.600000000000193,32.600000000000193,1.000000000000025,1.000000000000025
317,32.700000,32.700000,1.000000,1.000000
317,32.700000000000195,32.700000000000195,1.000000000000025,1.000000000000025
318,32.800000,32.800000,1.000000,1.000000
318,32.800000000000196,32.800000000000196,1.000000000000025,1.000000000000025
319,32.900000,32.900000,1.000000,1.000000
319,32.900000000000198,32.900000000000198,1.000000000000025,1.000000000000025
320,33.000000,33.000000,1.000000,1.000000
320,33.000000000000199,33.000000000000199,1.000000000000025,1.000000000000025
321,33.100000,33.100000,1.000000,1.000000
321,33.100000000000200,33.100000000000200,1.000000000000025,1.000000000000025
322,33.200000,33.200000,1.000000,1.000000
322,33.200000000000202,33.200000000000202,1.000000000000025,1.000000000000025
323,33.300000,33.300000,1.000000,1.000000
323,33.300000000000203,33.300000000000203,1.000000000000025,1.000000000000025
324,33.400000,33.400000,1.000000,1.000000
324,33.400000000000205,33.400000000000205,1.000000000000025,1.000000000000025
325,33.500000,33.500000,1.000000,1.000000
325,33.500000000000206,33.500000000000206,1.000000000000025,1.000000000000025
326,33.600000,33.600000,1.000000,1.000000
326,33.600000000000207,33.600000000000207,1.000000000000025,1.000000000000025
327,33.700000,33.700000,1.000000,1.000000
327,33.700000000000209,33.700000000000209,1.000000000000025,1.000000000000025
328,33.800000,33.800000,1.000000,1.000000
328,33.800000000000210,33.800000000000210,1.000000000000025,1.000000000000025
329,33.900000,33.900000,1.000000,1.000000
329,33.900000000000212,33.900000000000212,1.000000000000025,1.000000000000025
330,34.000000,34.000000,1.000000,1.000000
330,34.000000000000213,34.000000000000213,1.000000000000025,1.000000000000025
331,34.100000,34.100000,1.000000,1.000000
331,34.100000000000215,34.100000000000215,1.000000000000025,1.000000000000025
332,34.200000,34.200000,1.000000,1.000000
332,34.200000000000216,34.200000000000216,1.000000000000025,1.000000000000025
333,34.300000,34.300000,1.000000,1.000000
333,34.300000000000217,34.300000000000217,1.000000000000025,1.000000000000025
334,34.400000,34.400000,1.000000,1.000000
334,34.400000000000219,34.400000000000219,1.000000000000025,1.000000000000025
335,34.500000,34.500000,1.000000,1.000000
335,34.500000000000220,34.500000000000220,1.000000000000025,1.000000000000025
336,34.600000,34.600000,1.000000,1.000000
336,34.600000000000222,34.600000000000222,1.000000000000025,1.000000000000025
337,34.700000,34.700000,1.000000,1.000000
337,34.700000000000223,34.700000000000223,1.000000000000025,1.000000000000025
338,34.800000,34.800000,1.000000,1.000000
338,34.800000000000225,34.800000000000225,1.000000000000025,1.000000000000025
339,34.900000,34.900000,1.000000,1.000000
339,34.900000000000226,34.900000000000226,1.000000000000025,1.000000000000025
340,35.000000,35.000000,1.000000,1.000000
340,35.000000000000227,35.000000000000227,1.000000000000025,1.000000000000025
341,35.100000,35.100000,1.000000,1.000000
341,35.100000000000229,35.100000000000229,1.000000000000025,1.000000000000025
342,35.200000,35.200000,1.000000,1.000000
342,35.200000000000230,35.200000000000230,1.000000000000025,1.000000000000025
343,35.300000,35.300000,1.000000,1.000000
343,35.300000000000232,35.300000000000232,1.000000000000025,1.000000000000025
344,35.400000,35.400000,1.000000,1.000000
344,35.400000000000233,35.400000000000233,1.000000000000025,1.000000000000025
345,35.500000,35.500000,1.000000,1.000000
345,35.500000000000234,35.500000000000234,1.000000000000025,1.000000000000025
346,35.600000,35.600000,1.000000,1.000000
346,35.600000000000236,35.600000000000236,1.000000000000025,1.000000000000025
347,35.700000,35.700000,1.000000,1.000000
347,35.700000000000237,35.700000000000237,1.000000000000025,1.000000000000025
348,35.800000,35.800000,1.000000,1.000000
348,35.800000000000239,35.800000000000239,1.000000000000025,1.000000000000025
349,35.900000,35.900000,1.000000,1.000000
349,35.900000000000240,35.900000000000240,1.000000000000025,1.000000000000025
350,36.000000,36.000000,1.000000,1.000000
350,36.000000000000242,36.000000000000242,1.000000000000025,1.000000000000025
351,36.100000,36.100000,1.000000,1.000000
351,36.100000000000243,36.100000000000243,1.000000000000025,1.000000000000025
352,36.200000,36.200000,1.000000,1.000000
352,36.200000000000244,36.200000000000244,1.000000000000025,1.000000000000025
353,36.300000,36.300000,1.000000,1.000000
353,36.300000000000246,36.300000000000246,1.000000000000025,1.000000000000025
354,36.400000,36.400000,1.000000,1.000000
354,36.400000000000247,36.400000000000247,1.000000000000025,1.000000000000025
355,36.500000,36.500000,1.000000,1.000000
355,36.500000000000249,36.500000000000249,1.000000000000025,1.000000000000025
356,36.600000,36.600000,1.000000,1.000000
356,36.600000000000250,36.600000000000250,1.000000000000025,1.000000000000025
357,36.700000,36.700000,1.000000,1.000000
357,36.700000000000252,36.700000000000252,1.000000000000025,1.000000000000025
358,36.800000,36.800000,1.000000,1.000000
358,36.800000000000253,36.800000000000253,1.000000000000025,1.000000000000025
359,36.900000,36.900000,1.000000,1.000000
359,36.900000000000254,36.900000000000254,1.000000000000025,1.000000000000025
360,37.000000,37.000000,1.000000,1.000000
360,37.000000000000256,37.000000000000256,1.000000000000025,1.000000000000025
361,37.100000,37.100000,1.000000,1.000000
361,37.100000000000257,37.100000000000257,1.000000000000025,1.000000000000025
362,37.200000,37.200000,1.000000,1.000000
362,37.200000000000259,37.200000000000259,1.000000000000025,1.000000000000025
363,37.300000,37.300000,1.000000,1.000000
363,37.300000000000260,37.300000000000260,1.000000000000025,1.000000000000025
364,37.400000,37.400000,1.000000,1.000000
364,37.400000000000261,37.400000000000261,1.000000000000025,1.000000000000025
365,37.500000,37.500000,1.000000,1.000000
365,37.500000000000263,37.500000000000263,1.000000000000025,1.000000000000025
366,37.600000,37.600000,1.000000,1.000000
366,37.600000000000264,37.600000000000264,1.000000000000025,1.000000000000025
367,37.700000,37.700000,1.000000,1.000000
367,37.700000000000266,37.700000000000266,1.000000000000025,1.000000000000025
368,37.800000,37.800000,1.000000,1.000000
368,37.800000000000267,37.800000000000267,1.000000000000025,1.000000000000025
369,37.900000,37.900000,1.000000,1.000000
369,37.900000000000269,37.900000000000269,1.000000000000025,1.000000000000025
370,38.000000,38.000000,1.000000,1.000000
370,38.000000000000270,38.000000000000270,1.000000000000025,1.000000000000025
371,38.100000,38.100000,1.000000,1.000000
371,38.100000000000271,38.100000000000271,1.000000000000025,1.000000000000025
372,38.200000,38.200000,1.000000,1.000000
372,38.200000000000273,38.200000000000273,1.000000000000025,1.000000000000025
373,38.300000,38.300000,1.000000,1.000000
373,38.300000000000274,38.300000000000274,1.000000000000025,1.000000000000025
374,38.400000,38.400000,1.000000,1.000000
374,38.400000000000276,38.400000000000276,1.000000000000025,1.000000000000025
375,38.500000,38.500000,1.000000,1.000000
375,38.500000000000277,38.500000000000277,1.000000000000025,1.000000000000025
376,38.600000,38.600000,1.000000,1.000000
376,38.600000000000279,38.600000000000279,1.000000000000025,1.000000000000025
377,38.700000,38.700000,1.000000,1.000000
377,38.700000000000280,38.700000000000280,1.000000000000025,1.000000000000025
378,38.800000,38.800000,1.000000,1.000000
378,38.800000000000281,38.800000000000281,1.000000000000025,1.000000000000025
379,38.900000,38.900000,1.000000,1.000000
379,38.900000000000283,38.900000000000283,1.000000000000025,1.000000000000025
380,39.000000,39.000000,1.000000,1.000000
380,39.000000000000284,39.000000000000284,1.000000000000025,1.000000000000025
381,39.100000,39.100000,1.000000,1.000000
381,39.100000000000286,39.100000000000286,1.000000000000025,1.000000000000025
382,39.200000,39.200000,1.000000,1.000000
382,39.200000000000287,39.200000000000287,1.000000000000025,1.000000000000025
383,39.300000,39.300000,1.000000,1.000000
383,39.300000000000288,39.300000000000288,1.000000000000025,1.000000000000025
384,39.400000,39.400000,1.000000,1.000000
384,39.400000000000290,39.400000000000290,1.000000000000025,1.000000000000025
385,39.500000,39.500000,1.000000,1.000000
385,39.500000000000291,39.500000000000291,1.000000000000025,1.000000000000025
386,39.600000,39.600000,1.000000,1.000000
386,39.600000000000293,39.600000000000293,1.000000000000025,1.000000000000025
387,39.700000,39.700000,1.000000,1.000000
387,39.700000000000294,39.700000000000294,1.000000000000025,1.000000000000025
388,39.800000,39.800000,1.000000,1.000000
388,39.800000000000296,39.800000000000296,1.000000000000025,1.000000000000025
389,39.900000,39.900000,1.000000,1.000000
389,39.900000000000297,39.900000000000297,1.000000000000025,1.000000000000025
390,40.000000,40.000000,1.000000,1.000000
390,40.000000000000298,40.000000000000298,1.000000000000025,1.000000000000025
391,40.100000,40.100000,1.000000,1.000000
391,40.100000000000300,40.100000000000300,1.000000000000025,1.000000000000025
392,40.200000,40.200000,1.000000,1.000000
392,40.200000000000301,40.200000000000301,1.000000000000025,1.000000000000025
393,40.300000,40.300000,1.000000,1.000000
393,40.300000000000303,40.300000000000303,1.000000000000025,1.000000000000025
394,40.400000,40.400000,1.000000,1.000000
394,40.400000000000304,40.400000000000304,1.000000000000025,1.000000000000025
395,40.500000,40.500000,1.000000,1.000000
395,40.500000000000306,40.500000000000306,1.000000000000025,1.000000000000025
396,40.600000,40.600000,1.000000,1.000000
396,40.600000000000307,40.600000000000307,1.000000000000025,1.000000000000025
397,40.700000,40.700000,1.000000,1.000000
397,40.700000000000308,40.700000000000308,1.000000000000025,1.000000000000025
398,40.800000,40.800000,1.000000,1.000000
398,40.800000000000310,40.800000000000310,1.000000000000025,1.000000000000025
399,40.900000,40.900000,1.000000,1.000000
399,40.900000000000311,40.900000000000311,1.000000000000025,1.000000000000025
400,41.000000,41.000000,1.000000,1.000000
400,41.000000000000313,41.000000000000313,1.000000000000025,1.000000000000025
401,41.100000,41.100000,1.000000,1.000000
401,41.100000000000314,41.100000000000314,1.000000000000025,1.000000000000025
402,41.200000,41.200000,1.000000,1.000000
402,41.200000000000315,41.200000000000315,1.000000000000025,1.000000000000025
403,41.300000,41.300000,1.000000,1.000000
403,41.300000000000317,41.300000000000317,1.000000000000025,1.000000000000025
404,41.400000,41.400000,1.000000,1.000000
404,41.400000000000318,41.400000000000318,1.000000000000025,1.000000000000025
405,41.500000,41.500000,1.000000,1.000000
405,41.500000000000320,41.500000000000320,1.000000000000025,1.000000000000025
406,41.600000,41.600000,1.000000,1.000000
406,41.600000000000321,41.600000000000321,1.000000000000025,1.000000000000025
407,41.700000,41.700000,1.000000,1.000000
407,41.700000000000323,41.700000000000323,1.000000000000025,1.000000000000025
408,41.800000,41.800000,1.000000,1.000000
408,41.800000000000324,41.800000000000324,1.000000000000025,1.000000000000025
409,41.900000,41.900000,1.000000,1.000000
409,41.900000000000325,41.900000000000325,1.000000000000025,1.000000000000025
410,42.000000,42.000000,1.000000,1.000000
410,42.000000000000327,42.000000000000327,1.000000000000025,1.000000000000025
411,42.100000,42.100000,1.000000,1.000000
411,42.100000000000328,42.100000000000328,1.000000000000025,1.000000000000025
412,42.200000,42.200000,1.000000,1.000000
412,42.200000000000330,42.200000000000330,1.000000000000025,1.000000000000025
413,42.300000,42.300000,1.000000,1.000000
413,42.300000000000331,42.300000000000331,1.000000000000025,1.000000000000025
414,42.400000,42.400000,1.000000,1.000000
414,42.400000000000333,42.400000000000333,1.000000000000025,1.000000000000025
415,42.500000,42.500000,1.000000,1.000000
415,42.500000000000334,42.500000000000334,1.000000000000025,1.000000000000025
416,42.600000,42.600000,1.000000,1.000000
416,42.600000000000335,42.600000000000335,1.000000000000025,1.000000000000025
417,42.700000,42.700000,1.000000,1.000000
417,42.700000000000337,42.700000000000337,1.000000000000025,1.000000000000025
418,42.800000,42.800000,1.000000,1.000000
418,42.800000000000338,42.800000000000338,1.000000000000025,1.000000000000025
419,42.900000,42.900000,1.000000,1.000000
419,42.900000000000340,42.900000000000340,1.000000000000025,1.000000000000025
420,43.000000,43.000000,1.000000,1.000000
420,43.000000000000341,43.000000000000341,1.000000000000025,1.000000000000025
421,43.100000,43.100000,1.000000,1.000000
421,43.100000000000342,43.100000000000342,1.000000000000025,1.000000000000025
422,43.200000,43.200000,1.000000,1.000000
422,43.200000000000344,43.200000000000344,1.000000000000025,1.000000000000025
423,43.300000,43.300000,1.000000,1.000000
423,43.300000000000345,43.300000000000345,1.000000000000025,1.000000000000025
424,43.400000,43.400000,1.000000,1.000000
424,43.400000000000347,43.400000000000347,1.000000000000025,1.000000000000025
425,43.500000,43.500000,1.000000,1.000000
425,43.500000000000348,43.500000000000348,1.000000000000025,1.000000000000025
426,43.600000,43.600000,1.000000,1.000000
426,43.600000000000350,43.600000000000350,1.000000000000025,1.000000000000025
427,43.700000,43.700000,1.000000,1.000000
427,43.700000000000351,43.700000000000351,1.000000000000025,1.000000000000025
428,43.800000,43.800000,1.000000,1.000000
428,43.800000000000352,43.800000000000352,1.000000000000025,1.000000000000025
429,43.900000,43.900000,1.000000,1.000000
429,43.900000000000354,43.900000000000354,1.000000000000025,1.000000000000025
430,44.000000,44.000000,1.000000,1.000000
430,44.000000000000355,44.000000000000355,1.000000000000025,1.000000000000025
431,44.100000,44.100000,1.000000,1.000000
431,44.100000000000357,44.100000000000357,1.000000000000025,1.000000000000025
432,44.200000,44.200000,1.000000,1.000000
432,44.200000000000358,44.200000000000358,1.000000000000025,1.000000000000025
433,44.300000,44.300000,1.000000,1.000000
433,44.300000000000360,44.300000000000360,1.000000000000025,1.000000000000025
434,44.400000,44.400000,1.000000,1.000000
434,44.400000000000361,44.400000000000361,1.000000000000025,1.000000000000025
435,44.500000,44.500000,1.000000,1.000000
435,44.500000000000362,44.500000000000362,1.000000000000025,1.000000000000025
436,44.600000,44.600000,1.000000,1.000000
436,44.600000000000364,44.600000000000364,1.000000000000025,1.000000000000025
437,44.700000,44.700000,1.000000,1.000000
437,44.700000000000365,44.700000000000365,1.000000000000025,1.000000000000025
438,44.800000,44.800000,1.000000,1.000000
438,44.800000000000367,44.800000000000367,1.000000000000025,1.000000000000025
439,44.900000,44.900000,1.000000,1.000000
439,44.900000000000368,44.900000000000368,1.000000000000025,1.000000000000025
440,45.000000,45.000000,1.000000,1.000000
440,45.000000000000369,45.000000000000369,1.000000000000025,1.000000000000025
441,45.100000,45.100000,1.000000,1.000000
441,45.100000000000371,45.100000000000371,1.000000000000025,1.000000000000025
442,45.200000,45.200000,1.000000,1.000000
442,45.200000000000372,45.200000000000372,1.000000000000025,1.000000000000025
443,45.300000,45.300000,1.000000,1.000000
443,45.300000000000374,45.300000000000374,1.000000000000025,1.000000000000025
444,45.400000,45.400000,1.000000,1.000000
444,45.400000000000375,45.400000000000375,1.000000000000025,1.000000000000025
445,45.500000,45.500000,1.000000,1.000000
445,45.500000000000377,45.500000000000377,1.000000000000025,1.000000000000025
446,45.600000,45.600000,1.000000,1.000000
446,45.600000000000378,45.600000000000378,1.000000000000025,1.000000000000025
447,45.700000,45.700000,1.000000,1.000000
447,45.700000000000379,45.700000000000379,1.000000000000025,1.000000000000025
448,45.800000,45.800000,1.000000,1.000000
448,45.800000000000381,45.800000000000381,1.000000000000025,1.000000000000025
449,45.900000,45.900000,1.000000,1.000000
449,45.900000000000382,45.900000000000382,1.000000000000025,1.000000000000025
450,46.000000,46.000000,1.000000,1.000000
450,46.000000000000384,46.000000000000384,1.000000000000025,1.000000000000025
451,46.100000,46.100000,1.000000,1.000000
451,46.100000000000385,46.100000000000385,1.000000000000025,1.000000000000025
452,46.200000,46.200000,1.000000,1.000000
452,46.200000000000387,46.200000000000387,1.000000000000025,1.000000000000025
453,46.300000,46.300000,1.000000,1.000000
453,46.300000000000388,46.300000000000388,1.000000000000025,1.000000000000025
454,46.400000,46.400000,1.000000,1.000000
454,46.400000000000389,46.400000000000389,1.000000000000025,1.000000000000025
455,46.500000,46.500000,1.000000,1.000000
455,46.500000000000391,46.500000000000391,1.000000000000025,1.000000000000025
456,46.600000,46.600000,1.000000,1.000000
456,46.600000000000392,46.600000000000392,1.000000000000025,1.000000000000025
457,46.700000,46.700000,1.000000,1.000000
457,46.700000000000394,46.700000000000394,1.000000000000025,1.000000000000025
458,46.800000,46.800000,1.000000,1.000000
458,46.800000000000395,46.800000000000395,1.000000000000025,1.000000000000025
459,46.900000,46.900000,1.000000,1.000000
459,46.900000000000396,46.900000000000396,1.000000000000025,1.000000000000025
460,47.000000,47.000000,1.000000,1.000000
460,47.000000000000398,47.000000000000398,1.000000000000025,1.000000000000025
461,47.100000,47.100000,1.000000,1.000000
461,47.100000000000399,47.100000000000399,1.000000000000025,1.000000000000025
462,47.200000,47.200000,1.000000,1.000000
462,47.200000000000401,47.200000000000401,1.000000000000025,1.000000000000025
463,47.300000,47.300000,1.000000,1.000000
463,47.300000000000402,47.300000000000402,1.000000000000025,1.000000000000025
464,47.400000,47.400000,1.000000,1.000000
464,47.400000000000404,47.400000000000404,1.000000000000025,1.000000000000025
465,47.500000,47.500000,1.000000,1.000000
465,47.500000000000405,47.500000000000405,1.000000000000025,1.000000000000025
466,47.600000,47.600000,1.000000,1.000000
466,47.600000000000406,47.600000000000406,1.000000000000025,1.000000000000025
467,47.700000,47.700000,1.000000,1.000000
467,47.700000000000408,47.700000000000408,1.000000000000025,1.000000000000025
468,47.800000,47.800000,1.000000,1.000000
468,47.800000000000409,47.800000000000409,1.000000000000025,1.000000000000025
469,47.900000,47.900000,1.000000,1.000000
469,47.900000000000411,47.900000000000411,1.000000000000025,1.000000000000025
470,48.000000,48.000000,1.000000,1.000000
470,48.000000000000412,48.000000000000412,1.000000000000025,1.000000000000025
471,48.100000,48.100000,1.000000,1.000000
471,48.100000000000414,48.100000000000414,1.000000000000025,1.000000000000025
472,48.200000,48.200000,1.000000,1.000000
472,48.200000000000415,48.200000000000415,1.000000000000025,1.000000000000025
473,48.300000,48.300000,1.000000,1.000000
473,48.300000000000416,48.300000000000416,1.000000000000025,1.000000000000025
474,48.400000,48.400000,1.000000,1.000000
474,48.400000000000418,48.400000000000418,1.000000000000025,1.000000000000025
475,48.500000,48.500000,1.000000,1.000000
475,48.500000000000419,48.500000000000419,1.000000000000025,1.000000000000025
476,48.600000,48.600000,1.000000,1.000000
476,48.600000000000421,48.600000000000421,1.000000000000025,1.000000000000025
477,48.700000,48.700000,1.000000,1.000000
477,48.700000000000422,48.700000000000422,1.000000000000025,1.000000000000025
478,48.800000,48.800000,1.000000,1.000000
478,48.800000000000423,48.800000000000423,1.000000000000025,1.000000000000025
479,48.900000,48.900000,1.000000,1.000000
479,48.900000000000425,48.900000000000425,1.000000000000025,1.000000000000025
480,49.000000,49.000000,1.000000,1.000000
480,49.000000000000426,49.000000000000426,1.000000000000025,1.000000000000025
481,49.100000,49.100000,1.000000,1.000000
481,49.100000000000428,49.100000000000428,1.000000000000025,1.000000000000025
482,49.200000,49.200000,1.000000,1.000000
482,49.200000000000429,49.200000000000429,1.000000000000025,1.000000000000025
483,49.300000,49.300000,1.000000,1.000000
483,49.300000000000431,49.300000000000431,1.000000000000025,1.000000000000025
484,49.400000,49.400000,1.000000,1.000000
484,49.400000000000432,49.400000000000432,1.000000000000025,1.000000000000025
485,49.500000,49.500000,1.000000,1.000000
485,49.500000000000433,49.500000000000433,1.000000000000025,1.000000000000025
486,49.600000,49.600000,1.000000,1.000000
486,49.600000000000435,49.600000000000435,1.000000000000025,1.000000000000025
487,49.700000,49.700000,1.000000,1.000000
487,49.700000000000436,49.700000000000436,1.000000000000025,1.000000000000025
488,49.800000,49.800000,1.000000,1.000000
488,49.800000000000438,49.800000000000438,1.000000000000025,1.000000000000025
489,49.900000,49.900000,1.000000,1.000000
489,49.900000000000439,49.900000000000439,1.000000000000025,1.000000000000025
490,50.000000,50.000000,1.000000,1.000000
490,50.000000000000441,50.000000000000441,1.000000000000025,1.000000000000025
491,50.100000,50.100000,1.000000,1.000000
491,50.100000000000442,50.100000000000442,1.000000000000025,1.000000000000025
492,50.200000,50.200000,1.000000,1.000000
492,50.200000000000443,50.200000000000443,1.000000000000025,1.000000000000025
493,50.300000,50.300000,1.000000,1.000000
493,50.300000000000445,50.300000000000445,1.000000000000025,1.000000000000025
494,50.400000,50.400000,1.000000,1.000000
494,50.400000000000446,50.400000000000446,1.000000000000025,1.000000000000025
495,50.500000,50.500000,1.000000,1.000000
495,50.500000000000448,50.500000000000448,1.000000000000025,1.000000000000025
496,50.600000,50.600000,1.000000,1.000000
496,50.600000000000449,50.600000000000449,1.000000000000025,1.000000000000025
497,50.700000,50.700000,1.000000,1.000000
497,50.700000000000450,50.700000000000450,1.000000000000025,1.000000000000025
498,50.800000,50.800000,1.000000,1.000000
498,50.800000000000452,50.800000000000452,1.000000000000025,1.000000000000025
499,50.900000,50.900000,1.000000,1.000000
499,50.900000000000453,50.900000000000453,1.000000000000025,1.000000000000025
500,51.000000,51.000000,1.000000,1.000000
500,51.000000000000455,51.000000000000455,1.000000000000025,1.000000000000025
501,51.100000,51.100000,1.000000,1.000000
501,51.100000000000456,51.100000000000456,1.000000000000025,1.000000000000025
502,51.200000,51.200000,1.000000,1.000000
502,51.200000000000458,51.200000000000458,1.000000000000025,1.000000000000025
503,51.300000,51.300000,1.000000,1.000000
503,51.300000000000459,51.300000000000459,1.000000000000025,1.000000000000025
504,51.400000,51.400000,1.000000,1.000000
504,51.400000000000460,51.400000000000460,1.000000000000025,1.000000000000025
505,51.500000,51.500000,1.000000,1.000000
505,51.500000000000462,51.500000000000462,1.000000000000025,1.000000000000025
506,51.600000,51.600000,1.000000,1.000000
506,51.600000000000463,51.600000000000463,1.000000000000025,1.000000000000025
507,51.700000,51.700000,1.000000,1.000000
507,51.700000000000465,51.700000000000465,1.000000000000025,1.000000000000025
508,51.800000,51.800000,1.000000,1.000000
508,51.800000000000466,51.800000000000466,1.000000000000025,1.000000000000025
509,51.900000,51.900000,1.000000,1.000000
509,51.900000000000468,51.900000000000468,1.000000000000025,1.000000000000025
510,52.000000,52.000000,1.000000,1.000000
510,52.000000000000469,52.000000000000469,1.000000000000025,1.000000000000025
511,52.100000,52.100000,1.000000,1.000000
511,52.100000000000470,52.100000000000470,1.000000000000025,1.000000000000025
512,52.200000,52.200000,1.000000,1.000000
512,52.200000000000472,52.200000000000472,1.000000000000025,1.000000000000025
513,52.300000,52.300000,1.000000,1.000000
513,52.300000000000473,52.300000000000473,1.000000000000025,1.000000000000025
514,52.400000,52.400000,1.000000,1.000000
514,52.400000000000475,52.400000000000475,1.000000000000025,1.000000000000025
515,52.500000,52.500000,1.000000,1.000000
515,52.500000000000476,52.500000000000476,1.000000000000025,1.000000000000025
516,52.600000,52.600000,1.000000,1.000000
516,52.600000000000477,52.600000000000477,1.000000000000025,1.000000000000025
517,52.700000,52.700000,1.000000,1.000000
517,52.700000000000479,52.700000000000479,1.000000000000025,1.000000000000025
518,52.800000,52.800000,1.000000,1.000000
518,52.800000000000480,52.800000000000480,1.000000000000025,1.000000000000025
519,52.900000,52.900000,1.000000,1.000000
519,52.900000000000482,52.900000000000482,1.000000000000025,1.000000000000025
520,53.000000,53.000000,1.000000,1.000000
520,53.000000000000483,53.000000000000483,1.000000000000025,1.000000000000025
521,53.100000,53.100000,1.000000,1.000000
521,53.100000000000485,53.100000000000485,1.000000000000025,1.000000000000025
522,53.200000,53.200000,1.000000,1.000000
522,53.200000000000486,53.200000000000486,1.000000000000025,1.000000000000025
523,53.300000,53.300000,1.000000,1.000000
523,53.300000000000487,53.300000000000487,1.000000000000025,1.000000000000025
524,53.400000,53.400000,1.000000,1.000000
524,53.400000000000489,53.400000000000489,1.000000000000025,1.000000000000025
525,53.500000,53.500000,1.000000,1.000000
525,53.500000000000490,53.500000000000490,1.000000000000025,1.000000000000025
526,53.600000,53.600000,1.000000,1.000000
526,53.600000000000492,53.600000000000492,1.000000000000025,1.000000000000025
527,53.700000,53.700000,1.000000,1.000000
527,53.700000000000493,53.700000000000493,1.000000000000025,1.000000000000025
528,53.800000,53.800000,1.000000,1.000000
528,53.800000000000495,53.800000000000495,1.000000000000025,1.000000000000025
529,53.900000,53.900000,1.000000,1.000000
529,53.900000000000496,53.900000000000496,1.000000000000025,1.000000000000025
530,54.000000,54.000000,1.000000,1.000000
530,54.000000000000497,54.000000000000497,1.000000000000025,1.000000000000025
531,54.100000,54.100000,1.000000,1.000000
531,54.100000000000499,54.100000000000499,1.000000000000025,1.000000000000025
532,54.200000,54.200000,1.000000,1.000000
532,54.200000000000500,54.200000000000500,1.000000000000025,1.000000000000025
533,54.300000,54.300000,1.000000,1.000000
533,54.300000000000502,54.300000000000502,1.000000000000025,1.000000000000025
534,54.400000,54.400000,1.000000,1.000000
534,54.400000000000503,54.400000000000503,1.000000000000025,1.000000000000025
535,54.500000,54.500000,1.000000,1.000000
535,54.500000000000504,54.500000000000504,1.000000000000025,1.000000000000025
536,54.600000,54.600000,1.000000,1.000000
536,54.600000000000506,54.600000000000506,1.000000000000025,1.000000000000025
537,54.700000,54.700000,1.000000,1.000000
537,54.700000000000507,54.700000000000507,1.000000000000025,1.000000000000025
538,54.800000,54.800000,1.000000,1.000000
538,54.800000000000509,54.800000000000509,1.000000000000025,1.000000000000025
539,54.900000,54.900000,1.000000,1.000000
539,54.900000000000510,54.900000000000510,1.000000000000025,1.000000000000025
540,55.000000,55.000000,1.000000,1.000000
540,55.000000000000512,55.000000000000512,1.000000000000025,1.000000000000025
541,55.100000,55.100000,1.000000,1.000000
541,55.100000000000513,55.100000000000513,1.000000000000025,1.000000000000025
542,55.200000,55.200000,1.000000,1.000000
542,55.200000000000514,55.200000000000514,1.000000000000025,1.000000000000025
543,55.300000,55.300000,1.000000,1.000000
543,55.300000000000516,55.300000000000516,1.000000000000025,1.000000000000025
544,55.400000,55.400000,1.000000,1.000000
544,55.400000000000517,55.400000000000517,1.000000000000025,1.000000000000025
545,55.500000,55.500000,1.000000,1.000000
545,55.500000000000519,55.500000000000519,1.000000000000025,1.000000000000025
546,55.600000,55.600000,1.000000,1.000000
546,55.600000000000520,55.600000000000520,1.000000000000025,1.000000000000025
547,55.700000,55.700000,1.000000,1.000000
547,55.700000000000522,55.700000000000522,1.000000000000025,1.000000000000025
548,55.800000,55.800000,1.000000,1.000000
548,55.800000000000523,55.800000000000523,1.000000000000025,1.000000000000025
549,55.900000,55.900000,1.000000,1.000000
549,55.900000000000524,55.900000000000524,1.000000000000025,1.000000000000025
550,56.000000,56.000000,1.000000,1.000000
550,56.000000000000526,56.000000000000526,1.000000000000025,1.000000000000025
551,56.100000,56.100000,1.000000,1.000000
551,56.100000000000527,56.100000000000527,1.000000000000025,1.000000000000025
552,56.200000,56.200000,1.000000,1.000000
552,56.200000000000529,56.200000000000529,1.000000000000025,1.000000000000025
553,56.300000,56.300000,1.000000,1.000000
553,56.300000000000530,56.300000000000530,1.000000000000025,1.000000000000025
554,56.400000,56.400000,1.000000,1.000000
554,56.400000000000531,56.400000000000531,1.000000000000025,1.000000000000025
555,56.500000,56.500000,1.000000,1.000000
555,56.500000000000533,56.500000000000533,1.000000000000025,1.000000000000025
556,56.600000,56.600000,1.000000,1.000000
556,56.600000000000534,56.600000000000534,1.000000000000025,1.000000000000025
557,56.700000,56.700000,1.000000,1.000000
557,56.700000000000536,56.700000000000536,1.000000000000025,1.000000000000025
558,56.800000,56.800000,1.000000,1.000000
558,56.800000000000537,56.800000000000537,1.000000000000025,1.000000000000025
559,56.900000,56.900000,1.000000,1.000000
559,56.900000000000539,56.900000000000539,1.000000000000025,1.000000000000025
560,57.000000,57.000000,1.000000,1.000000
560,57.000000000000540,57.000000000000540,1.000000000000025,1.000000000000025
561,57.100000,57.100000,1.000000,1.000000
561,57.100000000000541,57.100000000000541,1.000000000000025,1.000000000000025
562,57.200000,57.200000,1.000000,1.000000
562,57.200000000000543,57.200000000000543,1.000000000000025,1.000000000000025
563,57.300000,57.300000,1.000000,1.000000
563,57.300000000000544,57.300000000000544,1.000000000000025,1.000000000000025
564,57.400000,57.400000,1.000000,1.000000
564,57.400000000000546,57.400000000000546,1.000000000000025,1.000000000000025
565,57.500000,57.500000,1.000000,1.000000
565,57.500000000000547,57.500000000000547,1.000000000000025,1.000000000000025
566,57.600000,57.600000,1.000000,1.000000
566,57.600000000000549,57.600000000000549,1.000000000000025,1.000000000000025
567,57.700000,57.700000,1.000000,1.000000
567,57.700000000000550,57.700000000000550,1.000000000000025,1.000000000000025
568,57.800000,57.800000,1.000000,1.000000
568,57.800000000000551,57.800000000000551,1.000000000000025,1.000000000000025
569,57.900000,57.900000,1.000000,1.000000
569,57.900000000000553,57.900000000000553,1.000000000000025,1.000000000000025
570,58.000000,58.000000,1.000000,1.000000
570,58.000000000000554,58.000000000000554,1.000000000000025,1.000000000000025
571,58.100000,58.100000,1.000000,1.000000
571,58.100000000000556,58.100000000000556,1.000000000000025,1.000000000000025
572,58.200000,58.200000,1.000000,1.000000
572,58.200000000000557,58.200000000000557,1.000000000000025,1.000000000000025
573,58.300000,58.300000,1.000000,1.000000
573,58.300000000000558,58.300000000000558,1.000000000000025,1.000000000000025
574,58.400000,58.400000,1.000000,1.000000
574,58.400000000000560,58.400000000000560,1.000000000000025,1.000000000000025
575,58.500000,58.500000,1.000000,1.000000
575,58.500000000000561,58.500000000000561,1.000000000000025,1.000000000000025
576,58.600000,58.600000,1.000000,1.000000
576,58.600000000000563,58.600000000000563,1.000000000000025,1.000000000000025
577,58.700000,58.700000,1.000000,1.000000
577,58.700000000000564,58.700000000000564,1.000000000000025,1.000000000000025
578,58.800000,58.800000,1.000000,1.000000
578,58.800000000000566,58.800000000000566,1.000000000000025,1.000000000000025
579,58.900000,58.900000,1.000000,1.000000
579,58.900000000000567,58.900000000000567,1.000000000000025,1.000000000000025
580,59.000000,59.000000,1.000000,1.000000
580,59.000000000000568,59.000000000000568,1.000000000000025,1.000000000000025
581,59.100000,59.100000,1.000000,1.000000
581,59.100000000000570,59.100000000000570,1.000000000000025,1.000000000000025
582,59.200000,59.200000,1.000000,1.000000
582,59.200000000000571,59.200000000000571,1.000000000000025,1.000000000000025
583,59.300000,59.300000,1.000000,1.000000
583,59.300000000000573,59.300000000000573,1.000000000000025,1.000000000000025
584,59.400000,59.400000,1.000000,1.000000
584,59.400000000000574,59.400000000000574,1.000000000000025,1.000000000000025
585,59.500000,59.500000,1.000000,1.000000
585,59.500000000000576,59.500000000000576,1.000000000000025,1.000000000000025
586,59.600000,59.600000,1.000000,1.000000
586,59.600000000000577,59.600000000000577,1.000000000000025,1.000000000000025
587,59.700000,59.700000,1.000000,1.000000
587,59.700000000000578,59.700000000000578,1.000000000000025,1.000000000000025
588,59.800000,59.800000,1.000000,1.000000
588,59.800000000000580,59.800000000000580,1.000000000000025,1.000000000000025
589,59.900000,59.900000,1.000000,1.000000
589,59.900000000000581,59.900000000000581,1.000000000000025,1.000000000000025
590,60.000000,60.000000,1.000000,1.000000
590,60.000000000000583,60.000000000000583,1.000000000000025,1.000000000000025
591,60.100000,60.100000,1.000000,1.000000
591,60.100000000000584,60.100000000000584,1.000000000000025,1.000000000000025
592,60.200000,60.200000,1.000000,1.000000
592,60.200000000000585,60.200000000000585,1.000000000000025,1.000000000000025
593,60.300000,60.300000,1.000000,1.000000
593,60.300000000000587,60.300000000000587,1.000000000000025,1.000000000000025
594,60.400000,60.400000,1.000000,1.000000
594,60.400000000000588,60.400000000000588,1.000000000000025,1.000000000000025
595,60.500000,60.500000,1.000000,1.000000
595,60.500000000000590,60.500000000000590,1.000000000000025,1.000000000000025
596,60.600000,60.600000,1.000000,1.000000
596,60.600000000000591,60.600000000000591,1.000000000000025,1.000000000000025
597,60.700000,60.700000,1.000000,1.000000
597,60.700000000000593,60.700000000000593,1.000000000000025,1.000000000000025
598,60.800000,60.800000,1.000000,1.000000
598,60.800000000000594,60.800000000000594,1.000000000000025,1.000000000000025
599,60.900000,60.900000,1.000000,1.000000
599,60.900000000000595,60.900000000000595,1.000000000000025,1.000000000000025
600,61.000000,61.000000,1.000000,1.000000
600,61.000000000000597,61.000000000000597,1.000000000000025,1.000000000000025
601,61.100000,61.100000,1.000000,1.000000
601,61.100000000000598,61.100000000000598,1.000000000000025,1.000000000000025
602,61.200000,61.200000,1.000000,1.000000
602,61.200000000000600,61.200000000000600,1.000000000000025,1.000000000000025
603,61.300000,61.300000,1.000000,1.000000
603,61.300000000000601,61.300000000000601,1.000000000000025,1.000000000000025
604,61.400000,61.400000,1.000000,1.000000
604,61.400000000000603,61.400000000000603,1.000000000000025,1.000000000000025
605,61.500000,61.500000,1.000000,1.000000
605,61.500000000000604,61.500000000000604,1.000000000000025,1.000000000000025
606,61.600000,61.600000,1.000000,1.000000
606,61.600000000000605,61.600000000000605,1.000000000000025,1.000000000000025
607,61.700000,61.700000,1.000000,1.000000
607,61.700000000000607,61.700000000000607,1.000000000000025,1.000000000000025
608,61.800000,61.800000,1.000000,1.000000
608,61.800000000000608,61.800000000000608,1.000000000000025,1.000000000000025
609,61.900000,61.900000,1.000000,1.000000
609,61.900000000000610,61.900000000000610,1.000000000000025,1.000000000000025
610,62.000000,62.000000,1.000000,1.000000
610,62.000000000000611,62.000000000000611,1.000000000000025,1.000000000000025
611,62.100000,62.100000,1.000000,1.000000
611,62.100000000000612,62.100000000000612,1.000000000000025,1.000000000000025
612,62.200000,62.200000,1.000000,1.000000
612,62.200000000000614,62.200000000000614,1.000000000000025,1.000000000000025
613,62.300000,62.300000,1.000000,1.000000
613,62.300000000000615,62.300000000000615,1.000000000000025,1.000000000000025
614,62.400000,62.400000,1.000000,1.000000
614,62.400000000000617,62.400000000000617,1.000000000000025,1.000000000000025
615,62.500000,62.500000,1.000000,1.000000
615,62.500000000000618,62.500000000000618,1.000000000000025,1.000000000000025
616,62.600000,62.600000,1.000000,1.000000
616,62.600000000000620,62.600000000000620,1.000000000000025,1.000000000000025
617,62.700000,62.700000,1.000000,1.000000
617,62.700000000000621,62.700000000000621,1.000000000000025,1.000000000000025
618,62.800000,62.800000,1.000000,1.000000
618,62.800000000000622,62.800000000000622,1.000000000000025,1.000000000000025
619,62.900000,62.900000,1.000000,1.000000
619,62.900000000000624,62.900000000000624,1.000000000000025,1.000000000000025
620,63.000000,63.000000,1.000000,1.000000
620,63.000000000000625,63.000000000000625,1.000000000000025,1.000000000000025
621,63.100000,63.100000,1.000000,1.000000
621,63.100000000000627,63.100000000000627,1.000000000000025,1.000000000000025
622,63.200000,63.200000,1.000000,1.000000
622,63.200000000000628,63.200000000000628,1.000000000000025,1.000000000000025
623,63.300000,63.300000,1.000000,1.000000
623,63.300000000000630,63.300000000000630,1.000000000000025,1.000000000000025
624,63.400000,63.400000,1.000000,1.000000
624,63.400000000000631,63.400000000000631,1.000000000000025,1.000000000000025
625,63.500000,63.500000,1.000000,1.000000
625,63.500000000000632,63.500000000000632,1.000000000000025,1.000000000000025
626,63.600000,63.600000,1.000000,1.000000
626,63.600000000000634,63.600000000000634,1.000000000000025,1.000000000000025
627,63.700000,63.700000,1.000000,1.000000
627,63.700000000000635,63.700000000000635,1.000000000000025,1.000000000000025
628,63.800000,63.800000,1.000000,1.000000
628,63.800000000000637,63.800000000000637,1.000000000000025,1.000000000000025
629,63.900000,63.900000,1.000000,1.000000
629,63.900000000000638,63.900000000000638,1.000000000000025,1.000000000000025
630,64.000000,64.000000,1.000000,1.000000
630,64.000000000000639,64.000000000000639,1.000000000000025,1.000000000000025
631,64.100000,64.100000,1.000000,1.000000
631,64.100000000000648,64.100000000000648,1.000000000000021,1.000000000000021
632,64.200000,64.200000,1.000000,1.000000
632,64.200000000000657,64.200000000000657,1.000000000000013,1.000000000000013
633,64.300000,64.300000,1.000000,1.000000
633,64.300000000000651,64.300000000000651,1.000000000000005,1.000000000000005
634,64.400000,64.400000,1.000000,1.000000
634,64.400000000000645,64.400000000000645,0.999999999999997,0.999999999999997
635,64.500000,64.500000,1.000000,1.000000
635,64.500000000000639,64.500000000000639,0.999999999999989,0.999999999999989
636,64.600000,64.600000,1.000000,1.000000
636,64.600000000000634,64.600000000000634,0.999999999999981,0.999999999999981
637,64.700000,64.700000,1.000000,1.000000
637,64.700000000000628,64.700000000000628,0.999999999999973,0.999999999999973
638,64.800000,64.800000,1.000000,1.000000
638,64.800000000000622,64.800000000000622,0.999999999999965,0.999999999999965
639,64.900000,64.900000,1.000000,1.000000
639,64.900000000000617,64.900000000000617,0.999999999999958,0.999999999999958
640,65.000000,65.000000,1.000000,1.000000
640,65.000000000000611,65.000000000000611,0.999999999999950,0.999999999999950
641,65.100000,65.100000,1.000000,1.000000
641,65.100000000000605,65.100000000000605,0.999999999999942,0.999999999999942
642,65.200000,65.200000,1.000000,1.000000
642,65.200000000000600,65.200000000000600,0.999999999999934,0.999999999999934
643,65.300000,65.300000,1.000000,1.000000
643,65.300000000000594,65.300000000000594,0.999999999999926,0.999999999999926
644,65.400000,65.400000,1.000000,1.000000
644,65.400000000000588,65.400000000000588,0.999999999999918,0.999999999999918
645,65.500000,65.500000,1.000000,1.000000
645,65.500000000000583,65.500000000000583,0.999999999999910,0.999999999999910
646,65.600000,65.600000,1.000000,1.000000
646,65.600000000000577,65.600000000000577,0.999999999999902,0.999999999999902
647,65.700000,65.700000,1.000000,1.000000
647,65.700000000000571,65.700000000000571,0.999999999999895,0.999999999999895
648,65.800000,65.800000,1.000000,1.000000
648,65.800000000000566,65.800000000000566,0.999999999999887,0.999999999999887
649,65.900000,65.900000,1.000000,1.000000
649,65.900000000000560,65.900000000000560,0.999999999999879,0.999999999999879
650,66.000000,66.000000,1.000000,1.000000
650,66.000000000000554,66.000000000000554,0.999999999999871,0.999999999999871
651,66.100000,66.100000,1.000000,1.000000
651,66.100000000000534,66.100000000000534,0.999999999999867,0.999999999999867
652,66.200000,66.200000,1.000000,1.000000
652,66.200000000000514,66.200000000000514,0.999999999999867,0.999999999999867
653,66.300000,66.300000,1.000000,1.000000
653,66.300000000000495,66.300000000000495,0.999999999999871,0.999999999999871
654,66.400000,66.400000,1.000000,1.000000
654,66.400000000000475,66.400000000000475,0.999999999999879,0.999999999999879
655,66.500000,66.500000,1.000000,1.000000
655,66.500000000000469,66.500000000000469,0.999999999999887,0.999999999999887
656,66.600000,66.600000,1.000000,1.000000
656,66.600000000000463,66.600000000000463,0.999999999999895,0.999999999999895
657,66.700000,66.700000,1.000000,1.000000
657,66.700000000000458,66.700000000000458,0.999999999999902,0.999999999999902
658,66.800000,66.800000,1.000000,1.000000
658,66.800000000000452,66.800000000000452,0.999999999999910,0.999999999999910
659,66.900000,66.900000,1.000000,1.000000
659,66.900000000000446,66.900000000000446,0.999999999999918,0.999999999999918
660,67.000000,67.000000,1.000000,1.000000
660,67.000000000000441,67.000000000000441,0.999999999999926,0.999999999999926
661,67.100000,67.100000,1.000000,1.000000
661,67.100000000000435,67.100000000000435,0.999999999999934,0.999999999999934
662,67.200000,67.200000,1.000000,1.000000
662,67.200000000000429,67.200000000000429,0.999999999999942,0.999999999999942
663,67.300000,67.300000,1.000000,1.000000
663,67.300000000000423,67.300000000000423,0.999999999999950,0.999999999999950
664,67.400000,67.400000,1.000000,1.000000
664,67.400000000000418,67.400000000000418,0.999999999999958,0.999999999999958
665,67.500000,67.500000,1.000000,1.000000
665,67.500000000000412,67.500000000000412,0.999999999999965,0.999999999999965
666,67.600000,67.600000,1.000000,1.000000
666,67.600000000000406,67.600000000000406,0.999999999999973,0.999999999999973
667,67.700000,67.700000,1.000000,1.000000
667,67.700000000000401,67.700000000000401,0.999999999999981,0.999999999999981
668,67.800000,67.800000,1.000000,1.000000
668,67.800000000000395,67.800000000000395,0.999999999999989,0.999999999999989
669,67.900000,67.900000,1.000000,1.000000
669,67.900000000000389,67.900000000000389,0.999999999999997,0.999999999999997
670,68.000000,68.000000,1.000000,1.000000
670,68.000000000000384,68.000000000000384,1.000000000000005,1.000000000000005
671,68.100000,68.100000,1.000000,1.000000
671,68.100000000000378,68.100000000000378,1.000000000000013,1.000000000000013
672,68.200000,68.200000,1.000000,1.000000
672,68.200000000000372,68.200000000000372,1.000000000000021,1.000000000000021
673,68.300000,68.300000,1.000000,1.000000
673,68.300000000000381,68.300000000000381,1.000000000000025,1.000000000000025
674,68.400000,68.400000,1.000000,1.000000
674,68.400000000000389,68.400000000000389,1.000000000000025,1.000000000000025
675,68.500000,68.500000,1.000000,1.000000
675,68.500000000000398,68.500000000000398,1.000000000000021,1.000000000000021
676,68.600000,68.600000,1.000000,1.000000
676,68.600000000000406,68.600000000000406,1.000000000000013,1.000000000000013
677,68.700000,68.700000,1.000000,1.000000
677,68.700000000000401,68.700000000000401,1.000000000000005,1.000000000000005
678,68.800000,68.800000,1.000000,1.000000
678,68.800000000000395,68.800000000000395,0.999999999999997,0.999999999999997
679,68.900000,68.900000,1.000000,1.000000
679,68.900000000000389,68.900000000000389,0.999999999999989,0.999999999999989
680,69.000000,69.000000,1.000000,1.000000
680,69.000000000000384,69.000000000000384,0.999999999999981,0.999999999999981
681,69.100000,69.100000,1.000000,1.000000
681,69.100000000000378,69.100000000000378,0.999999999999973,0.999999999999973
682,69.200000,69.200000,1.000000,1.000000
682,69.200000000000372,69.200000000000372,0.999999999999965,0.999999999999965
683,69.300000,69.300000,1.000000,1.000000
683,69.300000000000367,69.300000000000367,0.999999999999958,0.999999999999958
684,69.400000,69.400000,1.000000,1.000000
684,69.400000000000361,69.400000000000361,0.999999999999950,0.999999999999950
685,69.500000,69.500000,1.000000,1.000000
685,69.500000000000355,69.500000000000355,0.999999999999942,0.999999999999942
686,69.600000,69.600000,1.000000,1.000000
686,69.600000000000350,69.600000000000350,0.999999999999934,0.999999999999934
687,69.700000,69.700000,1.000000,1.000000
687,69.700000000000344,69.700000000000344,0.999999999999926,0.999999999999926
688,69.800000,69.800000,1.000000,1.000000
688,69.800000000000338,69.800000000000338,0.999999999999918,0.999999999999918
689,69.900000,69.900000,1.000000,1.000000
689,69.900000000000333,69.900000000000333,0.999999999999910,0.999999999999910
690,70.000000,70.000000,1.000000,1.000000
690,70.000000000000327,70.000000000000327,0.999999999999902,0.999999999999902
691,70.100000,70.100000,1.000000,1.000000
691,70.100000000000321,70.100000000000321,0.999999999999895,0.999999999999895
692,70.200000,70.200000,1.000000,1.000000
692,70.200000000000315,70.200000000000315,0.999999999999887,0.999999999999887
693,70.300000,70.300000,1.000000,1.000000
693,70.300000000000310,70.300000000000310,0.999999999999879,0.999999999999879
694,70.400000,70.400000,1.000000,1.000000
694,70.400000000000304,70.400000000000304,0.999999999999871,0.999999999999871
695,70.500000,70.500000,1.000000,1.000000
695,70.500000000000284,70.500000000000284,0.999999999999867,0.999999999999867
696,70.600000,70.600000,1.000000,1.000000
696,70.600000000000264,70.600000000000264,0.999999999999867,0.999999999999867
697,70.700000,70.700000,1.000000,1.000000
697,70.700000000000244,70.700000000000244,0.999999999999871,0.999999999999871
698,70.800000,70.800000,1.000000,1.000000
698,70.800000000000225,70.800000000000225,0.999999999999879,0.999999999999879
699,70.900000,70.900000,1.000000,1.000000
699,70.900000000000219,70.900000000000219,0.999999999999887,0.999999999999887
700,71.000000,71.000000,1.000000,1.000000
700,71.000000000000213,71.000000000000213,0.999999999999895,0.999999999999895
701,71.100000,71.100000,1.000000,1.000000
701,71.100000000000207,71.100000000000207,0.999999999999902,0.999999999999902
702,71.200000,71.200000,1.000000,1.000000
702,71.200000000000202,71.200000000000202,0.999999999999910,0.999999999999910
703,71.300000,71.300000,1.000000,1.000000
703,71.300000000000196,71.300000000000196,0.999999999999918,0.999999999999918
704,71.400000,71.400000,1.000000,1.000000
704,71.400000000000190,71.400000000000190,0.999999999999926,0.999999999999926
705,71.500000,71.500000,1.000000,1.000000
705,71.500000000000185,71.500000000000185,0.999999999999934,0.999999999999934
706,71.600000,71.600000,1.000000,1.000000
706,71.600000000000179,71.600000000000179,0.999999999999942,0.999999999999942
707,71.700000,71.700000,1.000000,1.000000
707,71.700000000000173,71.700000000000173,0.999999999999950,0.999999999999950
708,71.800000,71.800000,1.000000,1.000000
708,71.800000000000168,71.800000000000168,0.999999999999958,0.999999999999958
709,71.900000,71.900000,1.000000,1.000000
709,71.900000000000162,71.900000000000162,0.999999999999965,0.999999999999965
710,72.000000,72.000000,1.000000,1.000000
710,72.000000000000156,72.000000000000156,0.999999999999973,0.999999999999973
711,72.100000,72.100000,1.000000,1.000000
711,72.100000000000151,72.100000000000151,0.999999999999981,0.999999999999981
712,72.200000,72.200000,1.000000,1.000000
712,72.200000000000145,72.200000000000145,0.999999999999989,0.999999999999989
713,72.300000,72.300000,1.000000,1.000000
713,72.300000000000139,72.300000000000139,0.999999999999997,0.999999999999997
714,72.400000,72.400000,1.000000,1.000000
714,72.400000000000134,72.400000000000134,1.000000000000005,1.000000000000005
715,72.500000,72.500000,1.000000,1.000000
715,72.500000000000128,72.500000000000128,1.000000000000013,1.000000000000013
716,72.600000,72.600000,1.000000,1.000000
716,72.600000000000122,72.600000000000122,1.000000000000021,1.000000000000021
717,72.700000,72.700000,1.000000,1.000000
717,72.700000000000131,72.700000000000131,1.000000000000025,1.000000000000025
718,72.800000,72.800000,1.000000,1.000000
718,72.800000000000139,72.800000000000139,1.000000000000025,1.000000000000025
719,72.900000,72.900000,1.000000,1.000000
719,72.900000000000148,72.900000000000148,1.000000000000021,1.000000000000021
720,73.000000,73.000000,1.000000,1.000000
720,73.000000000000156,73.000000000000156,1.000000000000013,1.000000000000013
721,73.100000,73.100000,1.000000,1.000000
721,73.100000000000151,73.100000000000151,1.000000000000005,1.000000000000005
722,73.200000,73.200000,1.000000,1.000000
722,73.200000000000145,73.200000000000145,0.999999999999997,0.999999999999997
723,73.300000,73.300000,1.000000,1.000000
723,73.300000000000139,73.300000000000139,0.999999999999989,0.999999999999989
724,73.400000,73.400000,1.000000,1.000000
724,73.400000000000134,73.400000000000134,0.999999999999981,0.999999999999981
725,73.500000,73.500000,1.000000,1.000000
725,73.500000000000128,73.500000000000128,0.999999999999973,0.999999999999973
726,73.600000,73.600000,1.000000,1.000000
726,73.600000000000122,73.600000000000122,0.999999999999965,0.999999999999965
727,73.700000,73.700000,1.000000,1.000000
727,73.700000000000117,73.700000000000117,0.999999999999958,0.999999999999958
728,73.800000,73.800000,1.000000,1.000000
728,73.800000000000111,73.800000000000111,0.999999999999950,0.999999999999950
729,73.900000,73.900000,1.000000,1.000000
729,73.900000000000105,73.900000000000105,0.999999999999942,0.999999999999942
730,74.000000,74.000000,1.000000,1.000000
730,74.000000000000099,74.000000000000099,0.999999999999934,0.999999999999934
731,74.100000,74.100000,1.000000,1.000000
731,74.100000000000094,74.100000000000094,0.999999999999926,0.999999999999926
732,74.200000,74.200000,1.000000,1.000000
732,74.200000000000088,74.200000000000088,0.999999999999918,0.999999999999918
733,74.300000,74.300000,1.000000,1.000000
733,74.300000000000082,74.300000000000082,0.999999999999910,0.999999999999910
734,74.400000,74.400000,1.000000,1.000000
734,74.400000000000077,74.400000000000077,0.999999999999902,0.999999999999902
735,74.500000,74.500000,1.000000,1.000000
735,74.500000000000071,74.500000000000071,0.999999999999895,0.999999999999895
736,74.600000,74.600000,1.000000,1.000000
736,74.600000000000065,74.600000000000065,0.999999999999887,0.999999999999887
737,74.700000,74.700000,1.000000,1.000000
737,74.700000000000060,74.700000000000060,0.999999999999879,0.999999999999879
738,74.800000,74.800000,1.000000,1.000000
738,74.800000000000054,74.800000000000054,0.999999999999871,0.999999999999871
739,74.900000,74.900000,1.000000,1.000000
739,74.900000000000034,74.900000000000034,0.999999999999867,0.999999999999867
740,75.000000,75.000000,1.000000,1.000000
740,75.000000000000014,75.000000000000014,0.999999999999867,0.999999999999867
741,75.100000,75.100000,1.000000,1.000000
741,75.099999999999994,75.099999999999994,0.999999999999871,0.999999999999871
742,75.200000,75.200000,1.000000,1.000000
742,75.199999999999974,75.199999999999974,0.999999999999879,0.999999999999879
743,75.300000,75.300000,1.000000,1.000000
743,75.299999999999969,75.299999999999969,0.999999999999887,0.999999999999887
744,75.400000,75.400000,1.000000,1.000000
744,75.399999999999963,75.399999999999963,0.999999999999895,0.999999999999895
745,75.500000,75.500000,1.000000,1.000000
745,75.499999999999957,75.499999999999957,0.999999999999902,0.999999999999902
746,75.600000,75.600000,1.000000,1.000000
746,75.599999999999952,75.599999999999952,0.999999999999910,0.999999999999910
747,75.700000,75.700000,1.000000,1.000000
747,75.699999999999946,75.699999999999946,0.999999999999918,0.999999999999918
748,75.800000,75.800000,1.000000,1.000000
748,75.799999999999940,75.799999999999940,0.999999999999926,0.999999999999926
749,75.900000,75.900000,1.000000,1.000000
749,75.899999999999935,75.899999999999935,0.999999999999934,0.999999999999934
750,76.000000,76.000000,1.000000,1.000000
750,75.999999999999929,75.999999999999929,0.999999999999942,0.999999999999942
751,76.100000,76.100000,1.000000,1.000000
751,76.099999999999923,76.099999999999923,0.999999999999950,0.999999999999950
752,76.200000,76.200000,1.000000,1.000000
752,76.199999999999918,76.199999999999918,0.999999999999958,0.999999999999958
753,76.300000,76.300000,1.000000,1.000000
753,76.299999999999912,76.299999999999912,0.999999999999965,0.999999999999965
754,76.400000,76.400000,1.000000,1.000000
754,76.399999999999906,76.399999999999906,0.999999999999973,0.999999999999973
755,76.500000,76.500000,1.000000,1.000000
755,76.499999999999901,76.499999999999901,0.999999999999981,0.999999999999981
756,76.600000,76.600000,1.000000,1.000000
756,76.599999999999895,76.599999999999895,0.999999999999989,0.999999999999989
757,76.700000,76.700000,1.000000,1.000000
757,76.699999999999889,76.699999999999889,0.999999999999997,0.999999999999997
758,76.800000,76.800000,1.000000,1.000000
758,76.799999999999883,76.799999999999883,1.000000000000005,1.000000000000005
759,76.900000,76.900000,1.000000,1.000000
759,76.899999999999878,76.899999999999878,1.000000000000013,1.000000000000013
760,77.000000,77.000000,1.000000,1.000000
760,76.999999999999872,76.999999999999872,1.000000000000021,1.000000000000021
761,77.100000,77.100000,1.000000,1.000000
761,77.099999999999881,77.099999999999881,1.000000000000025,1.000000000000025
762,77.200000,77.200000,1.000000,1.000000
762,77.199999999999889,77.199999999999889,1.000000000000025,1.000000000000025
763,77.300000,77.300000,1.000000,1.000000
763,77.299999999999898,77.299999999999898,1.000000000000021,1.000000000000021
764,77.400000,77.400000,1.000000,1.000000
764,77.399999999999906,77.399999999999906,1.000000000000013,1.000000000000013
765,77.500000,77.500000,1.000000,1.000000
765,77.499999999999901,77.499999999999901,1.000000000000005,1.000000000000005
766,77.600000,77.600000,1.000000,1.000000
766,77.599999999999895,77.599999999999895,0.999999999999997,0.999999999999997
767,77.700000,77.700000,1.000000,1.000000
767,77.699999999999889,77.699999999999889,0.999999999999989,0.999999999999989
768,77.800000,77.800000,1.000000,1.000000
768,77.799999999999883,77.799999999999883,0.999999999999981,0.999999999999981
769,77.900000,77.900000,1.000000,1.000000
769,77.899999999999878,77.899999999999878,0.999999999999973,0.999999999999973
770,78.000000,78.000000,1.000000,1.000000
770,77.999999999999872,77.999999999999872,0.999999999999965,0.999999999999965
771,78.100000,78.100000,1.000000,1.000000
771,78.099999999999866,78.099999999999866,0.999999999999958,0.999999999999958
772,78.200000,78.200000,1.000000,1.000000
772,78.199999999999861,78.199999999999861,0.999999999999950,0.999999999999950
773,78.300000,78.300000,1.000000,1.000000
773,78.299999999999855,78.299999999999855,0.999999999999942,0.999999999999942
774,78.400000,78.400000,1.000000,1.000000
774,78.399999999999849,78.399999999999849,0.999999999999934,0.999999999999934
775,78.500000,78.500000,1.000000,1.000000
775,78.499999999999844,78.499999999999844,0.999999999999926,0.999999999999926
776,78.600000,78.600000,1.000000,1.000000
776,78.599999999999838,78.599999999999838,0.999999999999918,0.999999999999918
777,78.700000,78.700000,1.000000,1.000000
777,78.699999999999832,78.699999999999832,0.999999999999910,0.999999999999910
778,78.800000,78.800000,1.000000,1.000000
778,78.799999999999827,78.799999999999827,0.999999999999902,0.999999999999902
779,78.900000,78.900000,1.000000,1.000000
779,78.899999999999821,78.899999999999821,0.999999999999895,0.999999999999895
780,79.000000,79.000000,1.000000,1.000000
780,78.999999999999815,78.999999999999815,0.999999999999887,0.999999999999887
781,79.100000,79.100000,1.000000,1.000000
781,79.099999999999810,79.099999999999810,0.999999999999879,0.999999999999879
782,79.200000,79.200000,1.000000,1.000000
782,79.199999999999804,79.199999999999804,0.999999999999871,0.999999999999871
783,79.300000,79.300000,1.000000,1.000000
783,79.299999999999784,79.299999999999784,0.999999999999867,0.999999999999867
784,79.400000,79.400000,1.000000,1.000000
784,79.399999999999764,79.399999999999764,0.999999999999867,0.999999999999867
785,79.500000,79.500000,1.000000,1.000000
785,79.499999999999744,79.499999999999744,0.999999999999871,0.999999999999871
786,79.600000,79.600000,1.000000,1.000000
786,79.599999999999724,79.599999999999724,0.999999999999879,0.999999999999879
787,79.700000,79.700000,1.000000,1.000000
787,79.699999999999719,79.699999999999719,0.999999999999887,0.999999999999887
788,79.800000,79.800000,1.000000,1.000000
788,79.799999999999713,79.799999999999713,0.999999999999895,0.999999999999895
789,79.900000,79.900000,1.000000,1.000000
789,79.899999999999707,79.899999999999707,0.999999999999902,0.999999999999902
790,80.000000,80.000000,1.000000,1.000000
790,79.999999999999702,79.999999999999702,0.999999999999910,0.999999999999910
791,80.100000,80.100000,1.000000,1.000000
791,80.099999999999696,80.099999999999696,0.999999999999918,0.999999999999918
792,80.200000,80.200000,1.000000,1.000000
792,80.199999999999690,80.199999999999690,0.999999999999926,0.999999999999926
793,80.300000,80.300000,1.000000,1.000000
793,80.299999999999685,80.299999999999685,0.999999999999934,0.999999999999934
794,80.400000,80.400000,1.000000,1.000000
794,80.399999999999679,80.399999999999679,0.999999999999942,0.999999999999942
795,80.500000,80.500000,1.000000,1.000000
795,80.499999999999673,80.499999999999673,0.999999999999950,0.999999999999950
796,80.600000,80.600000,1.000000,1.000000
796,80.599999999999667,80.599999999999667,0.999999999999958,0.999999999999958
797,80.700000,80.700000,1.000000,1.000000
797,80.699999999999662,80.699999999999662,0.999999999999965,0.999999999999965
798,80.800000,80.800000,1.000000,1.000000
798,80.799999999999656,80.799999999999656,0.999999999999973,0.999999999999973
799,80.900000,80.900000,1.000000,1.000000
799,80.899999999999650,80.899999999999650,0.999999999999981,0.999999999999981
800,81.000000,81.000000,1.000000,1.000000
800,80.999999999999645,80.999999999999645,0.999999999999989,0.999999999999989
801,81.100000,81.100000,1.000000,1.000000
801,81.099999999999639,81.099999999999639,0.999999999999997,0.999999999999997
802,81.200000,81.200000,1.000000,1.000000
802,81.199999999999633,81.199999999999633,1.000000000000005,1.000000000000005
803,81.300000,81.300000,1.000000,1.000000
803,81.299999999999628,81.299999999999628,1.000000000000013,1.000000000000013
804,81.400000,81.400000,1.000000,1.000000
804,81.399999999999622,81.399999999999622,1.000000000000021,1.000000000000021
805,81.500000,81.500000,1.000000,1.000000
805,81.499999999999631,81.499999999999631,1.000000000000025,1.000000000000025
806,81.600000,81.600000,1.000000,1.000000
806,81.599999999999639,81.599999999999639,1.000000000000025,1.000000000000025
807,81.700000,81.700000,1.000000,1.000000
807,81.699999999999648,81.699999999999648,1.000000000000021,1.000000000000021
808,81.800000,81.800000,1.000000,1.000000
808,81.799999999999656,81.799999999999656,1.000000000000013,1.000000000000013
809,81.900000,81.900000,1.000000,1.000000
809,81.899999999999650,81.899999999999650,1.000000000000005,1.000000000000005
810,82.000000,82.000000,1.000000,1.000000
810,81.999999999999645,81.999999999999645,0.999999999999997,0.999999999999997
811,82.100000,82.100000,1.000000,1.000000
811,82.099999999999639,82.099999999999639,0.999999999999989,0.999999999999989
812,82.200000,82.200000,1.000000,1.000000
812,82.199999999999633,82.199999999999633,0.999999999999981,0.999999999999981
813,82.300000,82.300000,1.000000,1.000000
813,82.299999999999628,82.299999999999628,0.999999999999973,0.999999999999973
814,82.400000,82.400000,1.000000,1.000000
814,82.399999999999622,82.399999999999622,0.999999999999965,0.999999999999965
815,82.500000,82.500000,1.000000,1.000000
815,82.499999999999616,82.499999999999616,0.999999999999958,0.999999999999958
816,82.600000,82.600000,1.000000,1.000000
816,82.599999999999611,82.599999999999611,0.999999999999950,0.999999999999950
817,82.700000,82.700000,1.000000,1.000000
817,82.699999999999605,82.699999999999605,0.999999999999942,0.999999999999942
818,82.800000,82.800000,1.000000,1.000000
818,82.799999999999599,82.799999999999599,0.999999999999934,0.999999999999934
819,82.900000,82.900000,1.000000,1.000000
819,82.899999999999594,82.899999999999594,0.999999999999926,0.999999999999926
820,83.000000,83.000000,1.000000,1.000000
820,82.999999999999588,82.999999999999588,0.999999999999918,0.999999999999918
821,83.100000,83.100000,1.000000,1.000000
821,83.099999999999582,83.099999999999582,0.999999999999910,0.999999999999910
822,83.200000,83.200000,1.000000,1.000000
822,83.199999999999577,83.199999999999577,0.999999999999902,0.999999999999902
823,83.300000,83.300000,1.000000,1.000000
823,83.299999999999571,83.299999999999571,0.999999999999895,0.999999999999895
824,83.400000,83.400000,1.000000,1.000000
824,83.399999999999565,83.399999999999565,0.999999999999887,0.999999999999887
825,83.500000,83.500000,1.000000,1.000000
825,83.499999999999559,83.499999999999559,0.999999999999879,0.999999999999879
826,83.600000,83.600000,1.000000,1.000000
826,83.599999999999554,83.599999999999554,0.999999999999871,0.999999999999871
827,83.700000,83.700000,1.000000,1.000000
827,83.699999999999534,83.699999999999534,0.999999999999867,0.999999999999867
828,83.800000,83.800000,1.000000,1.000000
828,83.799999999999514,83.799999999999514,0.999999999999867,0.999999999999867
829,83.900000,83.900000,1.000000,1.000000
829,83.899999999999494,83.899999999999494,0.999999999999871,0.999999999999871
830,84.000000,84.000000,1.000000,1.000000
830,83.999999999999474,83.999999999999474,0.999999999999879,0.999999999999879
831,84.100000,84.100000,1.000000,1.000000
831,84.099999999999469,84.099999999999469,0.999999999999887,0.999999999999887
832,84.200000,84.200000,1.000000,1.000000
832,84.199999999999463,84.199999999999463,0.999999999999895,0.999999999999895
833,84.300000,84.300000,1.000000,1.000000
833,84.299999999999457,84.299999999999457,0.999999999999902,0.999999999999902
834,84.400000,84.400000,1.000000,1.000000
834,84.399999999999451,84.399999999999451,0.999999999999910,0.999999999999910
835,84.500000,84.500000,1.000000,1.000000
835,84.499999999999446,84.499999999999446,0.999999999999918,0.999999999999918
836,84.600000,84.600000,1.000000,1.000000
836,84.599999999999440,84.599999999999440,0.999999999999926,0.999999999999926
837,84.700000,84.700000,1.000000,1.000000
837,84.699999999999434,84.699999999999434,0.999999999999934,0.999999999999934
838,84.800000,84.800000,1.000000,1.000000
838,84.799999999999429,84.799999999999429,0.999999999999942,0.999999999999942
839,84.900000,84.900000,1.000000,1.000000
839,84.899999999999423,84.899999999999423,0.999999999999950,0.999999999999950
840,85.000000,85.000000,1.000000,1.000000
840,84.999999999999417,84.999999999999417,0.999999999999958,0.999999999999958
841,85.100000,85.100000,1.000000,1.000000
841,85.099999999999412,85.099999999999412,0.999999999999965,0.999999999999965
842,85.200000,85.200000,1.000000,1.000000
842,85.199999999999406,85.199999999999406,0.999999999999973,0.999999999999973
843,85.300000,85.300000,1.000000,1.000000
843,85.299999999999400,85.299999999999400,0.999999999999981,0.999999999999981
844,85.400000,85.400000,1.000000,1.000000
844,85.399999999999395,85.399999999999395,0.999999999999989,0.999999999999989
845,85.500000,85.500000,1.000000,1.000000
845,85.499999999999389,85.499999999999389,0.999999999999997,0.999999999999997
846,85.600000,85.600000,1.000000,1.000000
846,85.599999999999383,85.599999999999383,1.000000000000005,1.000000000000005
847,85.700000,85.700000,1.000000,1.000000
847,85.699999999999378,85.699999999999378,1.000000000000013,1.000000000000013
848,85.800000,85.800000,1.000000,1.000000
848,85.799999999999372,85.799999999999372,1.000000000000021,1.000000000000021
849,85.900000,85.900000,1.000000,1.000000
849,85.899999999999380,85.899999999999380,1.000000000000025,1.000000000000025
850,86.000000,86.000000,1.000000,1.000000
850,85.999999999999389,85.999999999999389,1.000000000000025,1.000000000000025
851,86.100000,86.100000,1.000000,1.000000
851,86.099999999999397,86.099999999999397,1.000000000000021,1.000000000000021
852,86.200000,86.200000,1.000000,1.000000
852,86.199999999999406,86.199999999999406,1.000000000000013,1.000000000000013
853,86.300000,86.300000,1.000000,1.000000
853,86.299999999999400,86.299999999999400,1.000000000000005,1.000000000000005
854,86.400000,86.400000,1.000000,1.000000
854,86.399999999999395,86.399999999999395,0.999999999999997,0.999999999999997
855,86.500000,86.500000,1.000000,1.000000
855,86.499999999999389,86.499999999999389,0.999999999999989,0.999999999999989
856,86.600000,86.600000,1.000000,1.000000
856,86.599999999999383,86.599999999999383,0.999999999999981,0.999999999999981
857,86.700000,86.700000,1.000000,1.000000
857,86.699999999999378,86.699999999999378,0.999999999999973,0.999999999999973
858,86.800000,86.800000,1.000000,1.000000
858,86.799999999999372,86.799999999999372,0.999999999999965,0.999999999999965
859,86.900000,86.900000,1.000000,1.000000
859,86.899999999999366,86.899999999999366,0.999999999999958,0.999999999999958
860,87.000000,87.000000,1.000000,1.000000
860,86.999999999999361,86.999999999999361,0.999999999999950,0.999999999999950
861,87.100000,87.100000,1.000000,1.000000
861,87.099999999999355,87.099999999999355,0.999999999999942,0.999999999999942
862,87.200000,87.200000,1.000000,1.000000
862,87.199999999999349,87.199999999999349,0.999999999999934,0.999999999999934
863,87.300000,87.300000,1.000000,1.000000
863,87.299999999999343,87.299999999999343,0.999999999999926,0.999999999999926
864,87.400000,87.400000,1.000000,1.000000
864,87.399999999999338,87.399999999999338,0.999999999999918,0.999999999999918
865,87.500000,87.500000,1.000000,1.000000
865,87.499999999999332,87.499999999999332,0.999999999999910,0.999999999999910
866,87.600000,87.600000,1.000000,1.000000
866,87.599999999999326,87.599999999999326,0.999999999999902,0.999999999999902
867,87.700000,87.700000,1.000000,1.000000
867,87.699999999999321,87.699999999999321,0.999999999999895,0.999999999999895
868,87.800000,87.800000,1.000000,1.000000
868,87.799999999999315,87.799999999999315,0.999999999999887,0.999999999999887
869,87.900000,87.900000,1.000000,1.000000
869,87.899999999999309,87.899999999999309,0.999999999999879,0.999999999999879
870,88.000000,88.000000,1.000000,1.000000
870,87.999999999999304,87.999999999999304,0.999999999999871,0.999999999999871
871,88.100000,88.100000,1.000000,1.000000
871,88.099999999999284,88.099999999999284,0.999999999999867,0.999999999999867
872,88.200000,88.200000,1.000000,1.000000
872,88.199999999999264,88.199999999999264,0.999999999999867,0.999999999999867
873,88.300000,88.300000,1.000000,1.000000
873,88.299999999999244,88.299999999999244,0.999999999999871,0.999999999999871
874,88.400000,88.400000,1.000000,1.000000
874,88.399999999999224,88.399999999999224,0.999999999999879,0.999999999999879
875,88.500000,88.500000,1.000000,1.000000
875,88.499999999999218,88.499999999999218,0.999999999999887,0.999999999999887
876,88.600000,88.600000,1.000000,1.000000
876,88.599999999999213,88.599999999999213,0.999999999999895,0.999999999999895
877,88.700000,88.700000,1.000000,1.000000
877,88.699999999999207,88.699999999999207,0.999999999999902,0.999999999999902
878,88.800000,88.800000,1.000000,1.000000
878,88.799999999999201,88.799999999999201,0.999999999999910,0.999999999999910
879,88.900000,88.900000,1.000000,1.000000
879,88.899999999999196,88.899999999999196,0.999999999999918,0.999999999999918
880,89.000000,89.000000,1.000000,1.000000
880,88.999999999999190,88.999999999999190,0.999999999999926,0.999999999999926
881,89.100000,89.100000,1.000000,1.000000
881,89.099999999999184,89.099999999999184,0.999999999999934,0.999999999999934
882,89.200000,89.200000,1.000000,1.000000
882,89.199999999999179,89.199999999999179,0.999999999999942,0.999999999999942
883,89.300000,89.300000,1.000000,1.000000
883,89.299999999999173,89.299999999999173,0.999999999999950,0.999999999999950
884,89.400000,89.400000,1.000000,1.000000
884,89.399999999999167,89.399999999999167,0.999999999999958,0.999999999999958
885,89.500000,89.500000,1.000000,1.000000
885,89.499999999999162,89.499999999999162,0.999999999999965,0.999999999999965
886,89.600000,89.600000,1.000000,1.000000
886,89.599999999999156,89.599999999999156,0.999999999999973,0.999999999999973
887,89.700000,89.700000,1.000000,1.000000
887,89.699999999999150,89.699999999999150,0.999999999999981,0.999999999999981
888,89.800000,89.800000,1.000000,1.000000
888,89.799999999999145,89.799999999999145,0.999999999999989,0.999999999999989
889,89.900000,89.900000,1.000000,1.000000
889,89.899999999999139,89.899999999999139,0.999999999999997,0.999999999999997
890,90.000000,90.000000,1.000000,1.000000
890,89.999999999999133,89.999999999999133,1.000000000000005,1.000000000000005
891,90.100000,90.100000,1.000000,1.000000
891,90.099999999999127,90.099999999999127,1.000000000000013,1.000000000000013
892,90.200000,90.200000,1.000000,1.000000
892,90.199999999999122,90.199999999999122,1.000000000000021,1.000000000000021
893,90.300000,90.300000,1.000000,1.000000
893,90.299999999999130,90.299999999999130,1.000000000000025,1.000000000000025
894,90.400000,90.400000,1.000000,1.000000
894,90.399999999999139,90.399999999999139,1.000000000000025,1.000000000000025
895,90.500000,90.500000,1.000000,1.000000
895,90.499999999999147,90.499999999999147,1.000000000000021,1.000000000000021
896,90.600000,90.600000,1.000000,1.000000
896,90.599999999999156,90.599999999999156,1.000000000000013,1.000000000000013
897,90.700000,90.700000,1.000000,1.000000
897,90.699999999999150,90.699999999999150,1.000000000000005,1.000000000000005
898,90.800000,90.800000,1.000000,1.000000
898,90.799999999999145,90.799999999999145,0.999999999999997,0.999999999999997
899,90.900000,90.900000,1.000000,1.000000
899,90.899999999999139,90.899999999999139,0.999999999999989,0.999999999999989
900,91.000000,91.000000,1.000000,1.000000
900,90.999999999999133,90.999999999999133,0.999999999999981,0.999999999999981
901,91.100000,91.100000,1.000000,1.000000
901,91.099999999999127,91.099999999999127,0.999999999999973,0.999999999999973
902,91.200000,91.200000,1.000000,1.000000
902,91.199999999999122,91.199999999999122,0.999999999999965,0.999999999999965
903,91.300000,91.300000,1.000000,1.000000
903,91.299999999999116,91.299999999999116,0.999999999999958,0.999999999999958
904,91.400000,91.400000,1.000000,1.000000
904,91.399999999999110,91.399999999999110,0.999999999999950,0.999999999999950
905,91.500000,91.500000,1.000000,1.000000
905,91.499999999999105,91.499999999999105,0.999999999999942,0.999999999999942
906,91.600000,91.600000,1.000000,1.000000
906,91.599999999999099,91.599999999999099,0.999999999999934,0.999999999999934
907,91.700000,91.700000,1.000000,1.000000
907,91.699999999999093,91.699999999999093,0.999999999999926,0.999999999999926
908,91.800000,91.800000,1.000000,1.000000
908,91.799999999999088,91.799999999999088,0.999999999999918,0.999999999999918
909,91.900000,91.900000,1.000000,1.000000
909,91.899999999999082,91.899999999999082,0.999999999999910,0.999999999999910
910,92.000000,92.000000,1.000000,1.000000
910,91.999999999999076,91.999999999999076,0.999999999999902,0.999999999999902
911,92.100000,92.100000,1.000000,1.000000
911,92.099999999999071,92.099999999999071,0.999999999999895,0.999999999999895
912,92.200000,92.200000,1.000000,1.000000
912,92.199999999999065,92.199999999999065,0.999999999999887,0.999999999999887
913,92.300000,92.300000,1.000000,1.000000
913,92.299999999999059,92.299999999999059,0.999999999999879,0.999999999999879
914,92.400000,92.400000,1.000000,1.000000
914,92.399999999999054,92.399999999999054,0.999999999999871,0.999999999999871
915,92.500000,92.500000,1.000000,1.000000
915,92.499999999999034,92.499999999999034,0.999999999999867,0.999999999999867
916,92.600000,92.600000,1.000000,1.000000
916,92.599999999999014,92.599999999999014,0.999999999999867,0.999999999999867
917,92.700000,92.700000,1.000000,1.000000
917,92.699999999998994,92.699999999998994,0.999999999999871,0.999999999999871
918,92.800000,92.800000,1.000000,1.000000
918,92.799999999998974,92.799999999998974,0.999999999999879,0.999999999999879
919,92.900000,92.900000,1.000000,1.000000
919,92.899999999998968,92.899999999998968,0.999999999999887,0.999999999999887
920,93.000000,93.000000,1.000000,1.000000
920,92.999999999998963,92.999999999998963,0.999999999999895,0.999999999999895
921,93.100000,93.100000,1.000000,1.000000
921,93.099999999998957,93.099999999998957,0.999999999999902,0.999999999999902
922,93.200000,93.200000,1.000000,1.000000
922,93.199999999998951,93.199999999998951,0.999999999999910,0.999999999999910
923,93.300000,93.300000,1.000000,1.000000
923,93.299999999998946,93.299999999998946,0.999999999999918,0.999999999999918
924,93.400000,93.400000,1.000000,1.000000
924,93.399999999998940,93.399999999998940,0.999999999999926,0.999999999999926
925,93.500000,93.500000,1.000000,1.000000
925,93.499999999998934,93.499999999998934,0.999999999999934,0.999999999999934
926,93.600000,93.600000,1.000000,1.000000
926,93.599999999998929,93.599999999998929,0.999999999999942,0.999999999999942
927,93.700000,93.700000,1.000000,1.000000
927,93.699999999998923,93.699999999998923,0.999999999999950,0.999999999999950
928,93.800000,93.800000,1.000000,1.000000
928,93.799999999998917,93.799999999998917,0.999999999999958,0.999999999999958
929,93.900000,93.900000,1.000000,1.000000
929,93.899999999998911,93.899999999998911,0.999999999999965,0.999999999999965
930,94.000000,94.000000,1.000000,1.000000
930,93.999999999998906,93.999999999998906,0.999999999999973,0.999999999999973
931,94.100000,94.100000,1.000000,1.000000
931,94.099999999998900,94.099999999998900,0.999999999999981,0.999999999999981
932,94.200000,94.200000,1.000000,1.000000
932,94.199999999998894,94.199999999998894,0.999999999999989,0.999999999999989
933,94.300000,94.300000,1.000000,1.000000
933,94.299999999998889,94.299999999998889,0.999999999999997,0.999999999999997
934,94.400000,94.400000,1.000000,1.000000
934,94.399999999998883,94.399999999998883,1.000000000000005,1.000000000000005
935,94.500000,94.500000,1.000000,1.000000
935,94.499999999998877,94.499999999998877,1.000000000000013,1.000000000000013
936,94.600000,94.600000,1.000000,1.000000
936,94.599999999998872,94.599999999998872,1.000000000000021,1.000000000000021
937,94.700000,94.700000,1.000000,1.000000
937,94.699999999998880,94.699999999998880,1.000000000000025,1.000000000000025
938,94.800000,94.800000,1.000000,1.000000
938,94.799999999998889,94.799999999998889,1.000000000000025,1.000000000000025
939,94.900000,94.900000,1.000000,1.000000
939,94.899999999998897,94.899999999998897,1.000000000000021,1.000000000000021
940,95.000000,95.000000,1.000000,1.000000
940,94.999999999998906,94.999999999998906,1.000000000000013,1.000000000000013
941,95.100000,95.100000,1.000000,1.000000
941,95.099999999998900,95.099999999998900,1.000000000000005,1.000000000000005
942,95.200000,95.200000,1.000000,1.000000
942,95.199999999998894,95.199999999998894,0.999999999999997,0.999999999999997
943,95.300000,95.300000,1.000000,1.000000
943,95.299999999998889,95.299999999998889,0.999999999999989,0.999999999999989
944,95.400000,95.400000,1.000000,1.000000
944,95.399999999998883,95.399999999998883,0.999999999999981,0.999999999999981
945,95.500000,95.500000,1.000000,1.000000
945,95.499999999998877,95.499999999998877,0.999999999999973,0.999999999999973
946,95.600000,95.600000,1.000000,1.000000
946,95.599999999998872,95.599999999998872,0.999999999999965,0.999999999999965
947,95.700000,95.700000,1.000000,1.000000
947,95.699999999998866,95.699999999998866,0.999999999999958,0.999999999999958
948,95.800000,95.800000,1.000000,1.000000
948,95.799999999998860,95.799999999998860,0.999999999999950,0.999999999999950
949,95.900000,95.900000,1.000000,1.000000
949,95.899999999998855,95.899999999998855,0.999999999999942,0.999999999999942
950,96.000000,96.000000,1.000000,1.000000
950,95.999999999998849,95.999999999998849,0.999999999999934,0.999999999999934
951,96.100000,96.100000,1.000000,1.000000
951,96.099999999998843,96.099999999998843,0.999999999999926,0.999999999999926
952,96.200000,96.200000,1.000000,1.000000
952,96.199999999998838,96.199999999998838,0.999999999999918,0.999999999999918
953,96.300000,96.300000,1.000000,1.000000
953,96.299999999998832,96.299999999998832,0.999999999999910,0.999999999999910
954,96.400000,96.400000,1.000000,1.000000
954,96.399999999998826,96.399999999998826,0.999999999999902,0.999999999999902
955,96.500000,96.500000,1.000000,1.000000
955,96.499999999998820,96.499999999998820,0.999999999999895,0.999999999999895
956,96.600000,96.600000,1.000000,1.000000
956,96.599999999998815,96.599999999998815,0.999999999999887,0.999999999999887
957,96.700000,96.700000,1.000000,1.000000
957,96.699999999998809,96.699999999998809,0.999999999999879,0.999999999999879
958,96.800000,96.800000,1.000000,1.000000
958,96.799999999998803,96.799999999998803,0.999999999999871,0.999999999999871
959,96.900000,96.900000,1.000000,1.000000
959,96.899999999998784,96.899999999998784,0.999999999999867,0.999999999999867
960,97.000000,97.000000,1.000000,1.000000
960,96.999999999998764,96.999999999998764,0.999999999999867,0.999999999999867
961,97.100000,97.100000,1.000000,1.000000
961,97.099999999998744,97.099999999998744,0.999999999999871,0.999999999999871
962,97.200000,97.200000,1.000000,1.000000
962,97.199999999998724,97.199999999998724,0.999999999999879,0.999999999999879
963,97.300000,97.300000,1.000000,1.000000
963,97.299999999998718,97.299999999998718,0.999999999999887,0.999999999999887
964,97.400000,97.400000,1.000000,1.000000
964,97.399999999998712,97.399999999998712,0.999999999999895,0.999999999999895
965,97.500000,97.500000,1.000000,1.000000
965,97.499999999998707,97.499999999998707,0.999999999999902,0.999999999999902
966,97.600000,97.600000,1.000000,1.000000
966,97.599999999998701,97.599999999998701,0.999999999999910,0.999999999999910
967,97.700000,97.700000,1.000000,1.000000
967,97.699999999998695,97.699999999998695,0.999999999999918,0.999999999999918
968,97.800000,97.800000,1.000000,1.000000
968,97.799999999998690,97.799999999998690,0.999999999999926,0.999999999999926
969,97.900000,97.900000,1.000000,1.000000
969,97.899999999998684,97.899999999998684,0.999999999999934,0.999999999999934
970,98.000000,98.000000,1.000000,1.000000
970,97.999999999998678,97.999999999998678,0.999999999999942,0.999999999999942
971,98.100000,98.100000,1.000000,1.000000
971,98.099999999998673,98.099999999998673,0.999999999999950,0.999999999999950
972,98.200000,98.200000,1.000000,1.000000
972,98.199999999998667,98.199999999998667,0.999999999999958,0.999999999999958
973,98.300000,98.300000,1.000000,1.000000
973,98.299999999998661,98.299999999998661,0.999999999999965,0.999999999999965
974,98.400000,98.400000,1.000000,1.000000
974,98.399999999998656,98.399999999998656,0.999999999999973,0.999999999999973
975,98.500000,98.500000,1.000000,1.000000
975,98.499999999998650,98.499999999998650,0.999999999999981,0.999999999999981
976,98.600000,98.600000,1.000000,1.000000
976,98.599999999998644,98.599999999998644,0.999999999999989,0.999999999999989
977,98.700000,98.700000,1.000000,1.000000
977,98.699999999998639,98.699999999998639,0.999999999999997,0.999999999999997
978,98.800000,98.800000,1.000000,1.000000
978,98.799999999998633,98.799999999998633,1.000000000000005,1.000000000000005
979,98.900000,98.900000,1.000000,1.000000
979,98.899999999998627,98.899999999998627,1.000000000000013,1.000000000000013
980,99.000000,99.000000,1.000000,1.000000
980,98.999999999998622,98.999999999998622,1.000000000000021,1.000000000000021
981,99.100000,99.100000,1.000000,1.000000
981,99.099999999998630,99.099999999998630,1.000000000000025,1.000000000000025
982,99.200000,99.200000,1.000000,1.000000
982,99.199999999998639,99.199999999998639,1.000000000000025,1.000000000000025
983,99.300000,99.300000,1.000000,1.000000
983,99.299999999998647,99.299999999998647,1.000000000000021,1.000000000000021
984,99.400000,99.400000,1.000000,1.000000
984,99.399999999998656,99.399999999998656,1.000000000000013,1.000000000000013
985,99.500000,99.500000,1.000000,1.000000
985,99.499999999998650,99.499999999998650,1.000000000000005,1.000000000000005
986,99.600000,99.600000,1.000000,1.000000
986,99.599999999998644,99.599999999998644,0.999999999999997,0.999999999999997
987,99.700000,99.700000,1.000000,1.000000
987,99.699999999998639,99.699999999998639,0.999999999999989,0.999999999999989
988,99.800000,99.800000,1.000000,1.000000
988,99.799999999998633,99.799999999998633,0.999999999999981,0.999999999999981
989,99.900000,99.900000,1.000000,1.000000
989,99.899999999998627,99.899999999998627,0.999999999999973,0.999999999999973
990,100.000000,100.000000,1.000000,1.000000
990,99.999999999998622,99.999999999998622,0.999999999999965,0.999999999999965
991,100.100000,100.100000,1.000000,1.000000
991,100.099999999998616,100.099999999998616,0.999999999999958,0.999999999999958
992,100.200000,100.200000,1.000000,1.000000
992,100.199999999998610,100.199999999998610,0.999999999999950,0.999999999999950
993,100.300000,100.300000,1.000000,1.000000
993,100.299999999998604,100.299999999998604,0.999999999999942,0.999999999999942
994,100.400000,100.400000,1.000000,1.000000
994,100.399999999998599,100.399999999998599,0.999999999999934,0.999999999999934
995,100.500000,100.500000,1.000000,1.000000
995,100.499999999998593,100.499999999998593,0.999999999999926,0.999999999999926
996,100.600000,100.600000,1.000000,1.000000
996,100.599999999998587,100.599999999998587,0.999999999999918,0.999999999999918
997,100.700000,100.700000,1.000000,1.000000
997,100.699999999998582,100.699999999998582,0.999999999999910,0.999999999999910
998,100.800000,100.800000,1.000000,1.000000
998,100.799999999998576,100.799999999998576,0.999999999999902,0.999999999999902
999,100.900000,100.900000,1.000000,1.000000
999,100.899999999998570,100.899999999998570,0.999999999999895,0.999999999999895
1000,101.000000,101.000000,1.000000,1.000000
1000,100.999999999998565,100.999999999998565,0.999999999999887,0.999999999999887
1001,101.100000,101.100000,1.000000,1.000000
1001,101.099999999998559,101.099999999998559,0.999999999999879,0.999999999999879
1002,101.200000,101.200000,1.000000,1.000000
1002,101.199999999998553,101.199999999998553,0.999999999999871,0.999999999999871
1003,101.300000,101.300000,1.000000,1.000000
1003,101.299999999998533,101.299999999998533,0.999999999999867,0.999999999999867
1004,101.400000,101.400000,1.000000,1.000000
1004,101.399999999998514,101.399999999998514,0.999999999999867,0.999999999999867
1005,101.500000,101.500000,1.000000,1.000000
1005,101.499999999998494,101.499999999998494,0.999999999999871,0.999999999999871
1006,101.600000,101.600000,1.000000,1.000000
1006,101.599999999998474,101.599999999998474,0.999999999999879,0.999999999999879
1007,101.700000,101.700000,1.000000,1.000000
1007,101.699999999998468,101.699999999998468,0.999999999999887,0.999999999999887
1008,101.800000,101.800000,1.000000,1.000000
1008,101.799999999998462,101.799999999998462,0.999999999999895,0.999999999999895
1009,101.900000,101.900000,1.000000,1.000000
1009,101.899999999998457,101.899999999998457,0.999999999999902,0.999999999999902
1010,102.000000,102.000000,1.000000,1.000000
1010,101.999999999998451,101.999999999998451,0.999999999999910,0.999999999999910
1011,102.100000,102.100000,1.000000,1.000000
1011,102.099999999998445,102.099999999998445,0.999999999999918,0.999999999999918
1012,102.200000,102.200000,1.000000,1.000000
1012,102.199999999998440,102.199999999998440,0.999999999999926,0.999999999999926
1013,102.300000,102.300000,1.000000,1.000000
1013,102.299999999998434,102.299999999998434,0.999999999999934,0.999999999999934
1014,102.400000,102.400000,1.000000,1.000000
1014,102.399999999998428,102.399999999998428,0.999999999999942,0.999999999999942
1015,102.500000,102.500000,1.000000,1.000000
1015,102.499999999998423,102.499999999998423,0.999999999999950,0.999999999999950
1016,102.600000,102.600000,1.000000,1.000000
1016,102.599999999998417,102.599999999998417,0.999999999999958,0.999999999999958
1017,102.700000,102.700000,1.000000,1.000000
1017,102.699999999998411,102.699999999998411,0.999999999999965,0.999999999999965
1018,102.800000,102.800000,1.000000,1.000000
1018,102.799999999998406,102.799999999998406,0.999999999999973,0.999999999999973
1019,102.900000,102.900000,1.000000,1.000000
1019,102.899999999998400,102.899999999998400,0.999999999999981,0.999999999999981
1020,103.000000,103.000000,1.000000,1.000000
1020,102.999999999998394,102.999999999998394,0.999999999999989,0.999999999999989
1021,103.100000,103.100000,1.000000,1.000000
1021,103.099999999998388,103.099999999998388,0.999999999999997,0.999999999999997
1022,103.200000,103.200000,1.000000,1.000000
1022,103.199999999998383,103.199999999998383,1.000000000000005,1.000000000000005
1023,103.300000,103.300000,1.000000,1.000000
1023,103.299999999998377,103.299999999998377,1.000000000000013,1.000000000000013
1024,103.400000,103.400000,1.000000,1.000000
1024,103.399999999998371,103.399999999998371,1.000000000000021,1.000000000000021
1025,103.500000,103.500000,1.000000,1.000000
1025,103.499999999998380,103.499999999998380,1.000000000000025,1.000000000000025
1026,103.600000,103.600000,1.000000,1.000000
1026,103.599999999998388,103.599999999998388,1.000000000000025,1.000000000000025
1027,103.700000,103.700000,1.000000,1.000000
1027,103.699999999998397,103.699999999998397,1.000000000000021,1.000000000000021
1028,103.800000,103.800000,1.000000,1.000000
1028,103.799999999998406,103.799999999998406,1.000000000000013,1.000000000000013
1029,103.900000,103.900000,1.000000,1.000000
1029,103.899999999998400,103.899999999998400,1.000000000000005,1.000000000000005
1030,104.000000,104.000000,1.000000,1.000000
1030,103.999999999998394,103.999999999998394,0.999999999999997,0.999999999999997
1031,104.100000,104.100000,1.000000,1.000000
1031,104.099999999998388,104.099999999998388,0.999999999999989,0.999999999999989
1032,104.200000,104.200000,1.000000,1.000000
1032,104.199999999998383,104.199999999998383,0.999999999999981,0.999999999999981
1033,104.300000,104.300000,1.000000,1.000000
1033,104.299999999998377,104.299999999998377,0.999999999999973,0.999999999999973
1034,104.400000,104.400000,1.000000,1.000000
1034,104.399999999998371,104.399999999998371,0.999999999999965,0.999999999999965
1035,104.500000,104.500000,1.000000,1.000000
1035,104.499999999998366,104.499999999998366,0.999999999999958,0.999999999999958
1036,104.600000,104.600000,1.000000,1.000000
1036,104.599999999998360,104.599999999998360,0.999999999999950,0.999999999999950
1037,104.700000,104.700000,1.000000,1.000000
1037,104.699999999998354,104.699999999998354,0.999999999999942,0.999999999999942
1038,104.800000,104.800000,1.000000,1.000000
1038,104.799999999998349,104.799999999998349,0.999999999999934,0.999999999999934
1039,104.900000,104.900000,1.000000,1.000000
1039,104.899999999998343,104.899999999998343,0.999999999999926,0.999999999999926
1040,105.000000,105.000000,1.000000,1.000000
1040,104.999999999998337,104.999999999998337,0.999999999999918,0.999999999999918
1041,105.100000,105.100000,1.000000,1.000000
1041,105.099999999998332,105.099999999998332,0.999999999999910,0.999999999999910
1042,105.200000,105.200000,1.000000,1.000000
1042,105.199999999998326,105.199999999998326,0.999999999999902,0.999999999999902
1043,105.300000,105.300000,1.000000,1.000000
1043,105.299999999998320,105.299999999998320,0.999999999999895,0.999999999999895
1044,105.400000,105.400000,1.000000,1.000000
1044,105.399999999998315,105.399999999998315,0.999999999999887,0.999999999999887
1045,105.500000,105.500000,1.000000,1.000000
1045,105.499999999998309,105.499999999998309,0.999999999999879,0.999999999999879
1046,105.600000,105.600000,1.000000,1.000000
1046,105.599999999998303,105.599999999998303,0.999999999999871,0.999999999999871
1047,105.700000,105.700000,1.000000,1.000000
1047,105.699999999998283,105.699999999998283,0.999999999999867,0.999999999999867
1048,105.800000,105.800000,1.000000,1.000000
1048,105.799999999998263,105.799999999998263,0.999999999999867,0.999999999999867
1049,105.900000,105.900000,1.000000,1.000000
1049,105.899999999998244,105.899999999998244,0.999999999999871,0.999999999999871
1050,106.000000,106.000000,1.000000,1.000000
1050,105.999999999998224,105.999999999998224,0.999999999999879,0.999999999999879
1051,106.100000,106.100000,1.000000,1.000000
1051,106.099999999998218,106.099999999998218,0.999999999999887,0.999999999999887
1052,106.200000,106.200000,1.000000,1.000000
1052,106.199999999998212,106.199999999998212,0.999999999999895,0.999999999999895
1053,106.300000,106.300000,1.000000,1.000000
1053,106.299999999998207,106.299999999998207,0.999999999999902,0.999999999999902
1054,106.400000,106.400000,1.000000,1.000000
1054,106.399999999998201,106.399999999998201,0.999999999999910,0.999999999999910
1055,106.500000,106.500000,1.000000,1.000000
1055,106.499999999998195,106.499999999998195,0.999999999999918,0.999999999999918
1056,106.600000,106.600000,1.000000,1.000000
1056,106.599999999998190,106.599999999998190,0.999999999999926,0.999999999999926
1057,106.700000,106.700000,1.000000,1.000000
1057,106.699999999998184,106.699999999998184,0.999999999999934,0.999999999999934
1058,106.800000,106.800000,1.000000,1.000000
1058,106.799999999998178,106.799999999998178,0.999999999999942,0.999999999999942
1059,106.900000,106.900000,1.000000,1.000000
1059,106.899999999998172,106.899999999998172,0.999999999999950,0.999999999999950
1060,107.000000,107.000000,1.000000,1.000000
1060,106.999999999998167,106.999999999998167,0.999999999999958,0.999999999999958
1061,107.100000,107.100000,1.000000,1.000000
1061,107.099999999998161,107.099999999998161,0.999999999999965,0.999999999999965
1062,107.200000,107.200000,1.000000,1.000000
1062,107.199999999998155,107.199999999998155,0.999999999999973,0.999999999999973
1063,107.300000,107.300000,1.000000,1.000000
1063,107.299999999998150,107.299999999998150,0.999999999999981,0.999999999999981
1064,107.400000,107.400000,1.000000,1.000000
1064,107.399999999998144,107.399999999998144,0.999999999999989,0.999999999999989
1065,107.500000,107.500000,1.000000,1.000000
1065,107.499999999998138,107.499999999998138,0.999999999999997,0.999999999999997
1066,107.600000,107.600000,1.000000,1.000000
1066,107.599999999998133,107.599999999998133,1.000000000000005,1.000000000000005
1067,107.700000,107.700000,1.000000,1.000000
1067,107.699999999998127,107.699999999998127,1.000000000000013,1.000000000000013
1068,107.800000,107.800000,1.000000,1.000000
1068,107.799999999998121,107.799999999998121,1.000000000000021,1.000000000000021
1069,107.900000,107.900000,1.000000,1.000000
1069,107.899999999998130,107.899999999998130,1.000000000000025,1.000000000000025
1070,108.000000,108.000000,1.000000,1.000000
1070,107.999999999998138,107.999999999998138,1.000000000000025,1.000000000000025
1071,108.100000,108.100000,1.000000,1.000000
1071,108.099999999998147,108.099999999998147,1.000000000000021,1.000000000000021
1072,108.200000,108.200000,1.000000,1.000000
1072,108.199999999998155,108.199999999998155,1.000000000000013,1.000000000000013
1073,108.300000,108.300000,1.000000,1.000000
1073,108.299999999998150,108.299999999998150,1.000000000000005,1.000000000000005
1074,108.400000,108.400000,1.000000,1.000000
1074,108.399999999998144,108.399999999998144,0.999999999999997,0.999999999999997
1075,108.500000,108.500000,1.000000,1.000000
1075,108.499999999998138,108.499999999998138,0.999999999999989,0.999999999999989
1076,108.600000,108.600000,1.000000,1.000000
1076,108.599999999998133,108.599999999998133,0.999999999999981,0.999999999999981
1077,108.700000,108.700000,1.000000,1.000000
1077,108.699999999998127,108.699999999998127,0.999999999999973,0.999999999999973
1078,108.800000,108.800000,1.000000,1.000000
1078,108.799999999998121,108.799999999998121,0.999999999999965,0.999999999999965
1079,108.900000,108.900000,1.000000,1.000000
1079,108.899999999998116,108.899999999998116,0.999999999999958,0.999999999999958
1080,109.000000,109.000000,1.000000,1.000000
1080,108.999999999998110,108.999999999998110,0.999999999999950,0.999999999999950
1081,109.100000,109.100000,1.000000,1.000000
1081,109.099999999998104,109.099999999998104,0.999999999999942,0.999999999999942
1082,109.200000,109.200000,1.000000,1.000000
1082,109.199999999998099,109.199999999998099,0.999999999999934,0.999999999999934
1083,109.300000,109.300000,1.000000,1.000000
1083,109.299999999998093,109.299999999998093,0.999999999999926,0.999999999999926
1084,109.400000,109.400000,1.000000,1.000000
1084,109.399999999998087,109.399999999998087,0.999999999999918,0.999999999999918
1085,109.500000,109.500000,1.000000,1.000000
1085,109.499999999998082,109.499999999998082,0.999999999999910,0.999999999999910
1086,109.600000,109.600000,1.000000,1.000000
1086,109.599999999998076,109.599999999998076,0.999999999999902,0.999999999999902
1087,109.700000,109.700000,1.000000,1.000000
1087,109.699999999998070,109.699999999998070,0.999999999999895,0.999999999999895
1088,109.800000,109.800000,1.000000,1.000000
1088,109.799999999998064,109.799999999998064,0.999999999999887,0.999999999999887
1089,109.900000,109.900000,1.000000,1.000000
1089,109.899999999998059,109.899999999998059,0.999999999999879,0.999999999999879
1090,110.000000,110.000000,1.000000,1.000000
1090,109.999999999998053,109.999999999998053,0.999999999999871,0.999999999999871
1091,110.100000,110.100000,1.000000,1.000000
1091,110.099999999998033,110.099999999998033,0.999999999999867,0.999999999999867
1092,110.200000,110.200000,1.000000,1.000000
1092,110.199999999998013,110.199999999998013,0.999999999999867,0.999999999999867
1093,110.300000,110.300000,1.000000,1.000000
1093,110.299999999997993,110.299999999997993,0.999999999999871,0.999999999999871
1094,110.400000,110.400000,1.000000,1.000000
1094,110.399999999997974,110.399999999997974,0.999999999999879,0.999999999999879
1095,110.500000,110.500000,1.000000,1.000000
1095,110.499999999997968,110.499999999997968,0.999999999999887,0.999999999999887
1096,110.600000,110.600000,1.000000,1.000000
1096,110.599999999997962,110.599999999997962,0.999999999999895,0.999999999999895
1097,110.700000,110.700000,1.000000,1.000000
1097,110.699999999997956,110.699999999997956,0.999999999999902,0.999999999999902
1098,110.800000,110.800000,1.000000,1.000000
1098,110.799999999997951,110.799999999997951,0.999999999999910,0.999999999999910
1099,110.900000,110.900000,1.000000,1.000000
1099,110.899999999997945,110.899999999997945,0.999999999999918,0.999999999999918
1100,111.000000,111.000000,1.000000,1.000000
1100,110.999999999997939,110.999999999997939,0.999999999999926,0.999999999999926
1101,111.100000,111.100000,1.000000,1.000000
1101,111.099999999997934,111.099999999997934,0.999999999999934,0.999999999999934
1102,111.200000,111.200000,1.000000,1.000000
1102,111.199999999997928,111.199999999997928,0.999999999999942,0.999999999999942
1103,111.300000,111.300000,1.000000,1.000000
1103,111.299999999997922,111.299999999997922,0.999999999999950,0.999999999999950
1104,111.400000,111.400000,1.000000,1.000000
1104,111.399999999997917,111.399999999997917,0.999999999999958,0.999999999999958
1105,111.500000,111.500000,1.000000,1.000000
1105,111.499999999997911,111.499999999997911,0.999999999999965,0.999999999999965
1106,111.600000,111.600000,1.000000,1.000000
1106,111.599999999997905,111.599999999997905,0.999999999999973,0.999999999999973
1107,111.700000,111.700000,1.000000,1.000000
1107,111.699999999997900,111.699999999997900,0.999999999999981,0.999999999999981
1108,111.800000,111.800000,1.000000,1.000000
1108,111.799999999997894,111.799999999997894,0.999999999999989,0.999999999999989
1109,111.900000,111.900000,1.000000,1.000000
1109,111.899999999997888,111.899999999997888,0.999999999999997,0.999999999999997
1110,112.000000,112.000000,1.000000,1.000000
1110,111.999999999997883,111.999999999997883,1.000000000000005,1.000000000000005
1111,112.100000,112.100000,1.000000,1.000000
1111,112.099999999997877,112.099999999997877,1.000000000000013,1.000000000000013
1112,112.200000,112.200000,1.000000,1.000000
1112,112.199999999997871,112.199999999997871,1.000000000000021,1.000000000000021
1113,112.300000,112.300000,1.000000,1.000000
1113,112.299999999997880,112.299999999997880,1.000000000000025,1.000000000000025
1114,112.400000,112.400000,1.000000,1.000000
1114,112.399999999997888,112.399999999997888,1.000000000000025,1.000000000000025
1115,112.500000,112.500000,1.000000,1.000000
1115,112.499999999997897,112.499999999997897,1.000000000000021,1.000000000000021
1116,112.600000,112.600000,1.000000,1.000000
1116,112.599999999997905,112.599999999997905,1.000000000000013,1.000000000000013
1117,112.700000,112.700000,1.000000,1.000000
1117,112.699999999997900,112.699999999997900,1.000000000000005,1.000000000000005
1118,112.800000,112.800000,1.000000,1.000000
1118,112.799999999997894,112.799999999997894,0.999999999999997,0.999999999999997
1119,112.900000,112.900000,1.000000,1.000000
1119,112.899999999997888,112.899999999997888,0.999999999999989,0.999999999999989
1120,113.000000,113.000000,1.000000,1.000000
1120,112.999999999997883,112.999999999997883,0.999999999999981,0.999999999999981
1121,113.100000,113.100000,1.000000,1.000000
1121,113.099999999997877,113.099999999997877,0.999999999999973,0.999999999999973
1122,113.200000,113.200000,1.000000,1.000000
1122,113.199999999997871,113.199999999997871,0.999999999999965,0.999999999999965
1123,113.300000,113.300000,1.000000,1.000000
1123,113.299999999997866,113.299999999997866,0.999999999999958,0.999999999999958
1124,113.400000,113.400000,1.000000,1.000000
1124,113.399999999997860,113.399999999997860,0.999999999999950,0.999999999999950
1125,113.500000,113.500000,1.000000,1.000000
1125,113.499999999997854,113.499999999997854,0.999999999999942,0.999999999999942
1126,113.600000,113.600000,1.000000,1.000000
1126,113.599999999997848,113.599999999997848,0.999999999999934,0.999999999999934
1127,113.700000,113.700000,1.000000,1.000000
1127,113.699999999997843,113.699999999997843,0.999999999999926,0.999999999999926
1128,113.800000,113.800000,1.000000,1.000000
1128,113.799999999997837,113.799999999997837,0.999999999999918,0.999999999999918
1129,113.900000,113.900000,1.000000,1.000000
1129,113.899999999997831,113.899999999997831,0.999999999999910,0.999999999999910
1130,114.000000,114.000000,1.000000,1.000000
1130,113.999999999997826,113.999999999997826,0.999999999999902,0.999999999999902
1131,114.100000,114.100000,1.000000,1.000000
1131,114.099999999997820,114.099999999997820,0.999999999999895,0.999999999999895
1132,114.200000,114.200000,1.000000,1.000000
1132,114.199999999997814,114.199999999997814,0.999999999999887,0.999999999999887
1133,114.300000,114.300000,1.000000,1.000000
1133,114.299999999997809,114.299999999997809,0.999999999999879,0.999999999999879
1134,114.400000,114.400000,1.000000,1.000000
1134,114.399999999997803,114.399999999997803,0.999999999999871,0.999999999999871
1135,114.500000,114.500000,1.000000,1.000000
1135,114.499999999997783,114.499999999997783,0.999999999999867,0.999999999999867
1136,114.600000,114.600000,1.000000,1.000000
1136,114.599999999997763,114.599999999997763,0.999999999999867,0.999999999999867
1137,114.700000,114.700000,1.000000,1.000000
1137,114.699999999997743,114.699999999997743,0.999999999999871,0.999999999999871
1138,114.800000,114.800000,1.000000,1.000000
1138,114.799999999997723,114.799999999997723,0.999999999999879,0.999999999999879
1139,114.900000,114.900000,1.000000,1.000000
1139,114.899999999997718,114.899999999997718,0.999999999999887,0.999999999999887
1140,115.000000,115.000000,1.000000,1.000000
1140,114.999999999997712,114.999999999997712,0.999999999999895,0.999999999999895
1141,115.100000,115.100000,1.000000,1.000000
1141,115.099999999997706,115.099999999997706,0.999999999999902,0.999999999999902
1142,115.200000,115.200000,1.000000,1.000000
1142,115.199999999997701,115.199999999997701,0.999999999999910,0.999999999999910
1143,115.300000,115.300000,1.000000,1.000000
1143,115.299999999997695,115.299999999997695,0.999999999999918,0.999999999999918
1144,115.400000,115.400000,1.000000,1.000000
1144,115.399999999997689,115.399999999997689,0.999999999999926,0.999999999999926
1145,115.500000,115.500000,1.000000,1.000000
1145,115.499999999997684,115.499999999997684,0.999999999999934,0.999999999999934
1146,115.600000,115.600000,1.000000,1.000000
1146,115.599999999997678,115.599999999997678,0.999999999999942,0.999999999999942
1147,115.700000,115.700000,1.000000,1.000000
1147,115.699999999997672,115.699999999997672,0.999999999999950,0.999999999999950
1148,115.800000,115.800000,1.000000,1.000000
1148,115.799999999997667,115.799999999997667,0.999999999999958,0.999999999999958
1149,115.900000,115.900000,1.000000,1.000000
1149,115.899999999997661,115.899999999997661,0.999999999999965,0.999999999999965
1150,116.000000,116.000000,1.000000,1.000000
1150,115.999999999997655,115.999999999997655,0.999999999999973,0.999999999999973
1151,116.100000,116.100000,1.000000,1.000000
1151,116.099999999997650,116.099999999997650,0.999999999999981,0.999999999999981
1152,116.200000,116.200000,1.000000,1.000000
1152,116.199999999997644,116.199999999997644,0.999999999999989,0.999999999999989
1153,116.300000,116.300000,1.000000,1.000000
1153,116.299999999997638,116.299999999997638,0.999999999999997,0.999999999999997
1154,116.400000,116.400000,1.000000,1.000000
1154,116.399999999997632,116.399999999997632,1.000000000000005,1.000000000000005
1155,116.500000,116.500000,1.000000,1.000000
1155,116.499999999997627,116.499999999997627,1.000000000000013,1.000000000000013
1156,116.600000,116.600000,1.000000,1.000000
1156,116.599999999997621,116.599999999997621,1.000000000000021,1.000000000000021
1157,116.700000,116.700000,1.000000,1.000000
1157,116.699999999997630,116.699999999997630,1.000000000000025,1.000000000000025
1158,116.800000,116.800000,1.000000,1.000000
1158,116.799999999997638,116.799999999997638,1.000000000000025,1.000000000000025
1159,116.900000,116.900000,1.000000,1.000000
1159,116.899999999997647,116.899999999997647,1.000000000000021,1.000000000000021
1160,117.000000,117.000000,1.000000,1.000000
1160,116.999999999997655,116.999999999997655,1.000000000000013,1.000000000000013
1161,117.100000,117.100000,1.000000,1.000000
1161,117.099999999997650,117.099999999997650,1.000000000000005,1.000000000000005
1162,117.200000,117.200000,1.000000,1.000000
1162,117.199999999997644,117.199999999997644,0.999999999999997,0.999999999999997
1163,117.300000,117.300000,1.000000,1.000000
1163,117.299999999997638,117.299999999997638,0.999999999999989,0.999999999999989
1164,117.400000,117.400000,1.000000,1.000000
1164,117.399999999997632,117.399999999997632,0.999999999999981,0.999999999999981
1165,117.500000,117.500000,1.000000,1.000000
1165,117.499999999997627,117.499999999997627,0.999999999999973,0.999999999999973
1166,117.600000,117.600000,1.000000,1.000000
1166,117.599999999997621,117.599999999997621,0.999999999999965,0.999999999999965
1167,117.700000,117.700000,1.000000,1.000000
1167,117.699999999997615,117.699999999997615,0.999999999999958,0.999999999999958
1168,117.800000,117.800000,1.000000,1.000000
1168,117.799999999997610,117.799999999997610,0.999999999999950,0.999999999999950
1169,117.900000,117.900000,1.000000,1.000000
1169,117.899999999997604,117.899999999997604,0.999999999999942,0.999999999999942
1170,118.000000,118.000000,1.000000,1.000000
1170,117.999999999997598,117.999999999997598,0.999999999999934,0.999999999999934
1171,118.100000,118.100000,1.000000,1.000000
1171,118.099999999997593,118.099999999997593,0.999999999999926,0.999999999999926
1172,118.200000,118.200000,1.000000,1.000000
1172,118.199999999997587,118.199999999997587,0.999999999999918,0.999999999999918
1173,118.300000,118.300000,1.000000,1.000000
1173,118.299999999997581,118.299999999997581,0.999999999999910,0.999999999999910
1174,118.400000,118.400000,1.000000,1.000000
1174,118.399999999997576,118.399999999997576,0.999999999999902,0.999999999999902
1175,118.500000,118.500000,1.000000,1.000000
1175,118.499999999997570,118.499999999997570,0.999999999999895,0.999999999999895
1176,118.600000,118.600000,1.000000,1.000000
1176,118.599999999997564,118.599999999997564,0.999999999999887,0.999999999999887
1177,118.700000,118.700000,1.000000,1.000000
1177,118.699999999997559,118.699999999997559,0.999999999999879,0.999999999999879
1178,118.800000,118.800000,1.000000,1.000000
1178,118.799999999997553,118.799999999997553,0.999999999999871,0.999999999999871
1179,118.900000,118.900000,1.000000,1.000000
1179,118.899999999997533,118.899999999997533,0.999999999999867,0.999999999999867
1180,119.000000,119.000000,1.000000,1.000000
1180,118.999999999997513,118.999999999997513,0.999999999999867,0.999999999999867
1181,119.100000,119.100000,1.000000,1.000000
1181,119.099999999997493,119.099999999997493,0.999999999999871,0.999999999999871
1182,119.200000,119.200000,1.000000,1.000000
1182,119.199999999997473,119.199999999997473,0.999999999999879,0.999999999999879
1183,119.300000,119.300000,1.000000,1.000000
1183,119.299999999997468,119.299999999997468,0.999999999999887,0.999999999999887
1184,119.400000,119.400000,1.000000,1.000000
1184,119.399999999997462,119.399999999997462,0.999999999999895,0.999999999999895
1185,119.500000,119.500000,1.000000,1.000000
1185,119.499999999997456,119.499999999997456,0.999999999999902,0.999999999999902
1186,119.600000,119.600000,1.000000,1.000000
1186,119.599999999997451,119.599999999997451,0.999999999999910,0.999999999999910
1187,119.700000,119.700000,1.000000,1.000000
1187,119.699999999997445,119.699999999997445,0.999999999999918,0.999999999999918
1188,119.800000,119.800000,1.000000,1.000000
1188,119.799999999997439,119.799999999997439,0.999999999999926,0.999999999999926
1189,119.900000,119.900000,1.000000,1.000000
1189,119.899999999997434,119.899999999997434,0.999999999999934,0.999999999999934
1190,120.000000,120.000000,1.000000,1.000000
1190,119.999999999997428,119.999999999997428,0.999999999999942,0.999999999999942
1191,120.100000,120.100000,1.000000,1.000000
1191,120.099999999997422,120.099999999997422,0.999999999999950,0.999999999999950
1192,120.200000,120.200000,1.000000,1.000000
1192,120.199999999997416,120.199999999997416,0.999999999999958,0.999999999999958
1193,120.300000,120.300000,1.000000,1.000000
1193,120.299999999997411,120.299999999997411,0.999999999999965,0.999999999999965
1194,120.400000,120.400000,1.000000,1.000000
1194,120.399999999997405,120.399999999997405,0.999999999999973,0.999999999999973
1195,120.500000,120.500000,1.000000,1.000000
1195,120.499999999997399,120.499999999997399,0.999999999999981,0.999999999999981
1196,120.600000,120.600000,1.000000,1.000000
1196,120.599999999997394,120.599999999997394,0.999999999999989,0.999999999999989
1197,120.700000,120.700000,1.000000,1.000000
1197,120.699999999997388,120.699999999997388,0.999999999999997,0.999999999999997
1198,120.800000,120.800000,1.000000,1.000000
1198,120.799999999997382,120.799999999997382,1.000000000000005,1.000000000000005
1199,120.900000,120.900000,1.000000,1.000000
1199,120.899999999997377,120.899999999997377,1.000000000000013,1.000000000000013
1200,121.000000,121.000000,1.000000,1.000000
1200,120.999999999997371,120.999999999997371,1.000000000000021,1.000000000000021
1201,121.100000,121.100000,1.000000,1.000000
1201,121.099999999997380,121.099999999997380,1.000000000000025,1.000000000000025
1202,121.200000,121.200000,1.000000,1.000000
1202,121.199999999997388,121.199999999997388,1.000000000000025,1.000000000000025
1203,121.300000,121.300000,1.000000,1.000000
1203,121.299999999997397,121.299999999997397,1.000000000000021,1.000000000000021
1204,121.400000,121.400000,1.000000,1.000000
1204,121.399999999997405,121.399999999997405,1.000000000000013,1.000000000000013
1205,121.500000,121.500000,1.000000,1.000000
1205,121.499999999997399,121.499999999997399,1.000000000000005,1.000000000000005
1206,121.600000,121.600000,1.000000,1.000000
1206,121.599999999997394,121.599999999997394,0.999999999999997,0.999999999999997
1207,121.700000,121.700000,1.000000,1.000000
1207,121.699999999997388,121.699999999997388,0.999999999999989,0.999999999999989
1208,121.800000,121.800000,1.000000,1.000000
1208,121.799999999997382,121.799999999997382,0.999999999999981,0.999999999999981
1209,121.900000,121.900000,1.000000,1.000000
1209,121.899999999997377,121.899999999997377,0.999999999999973,0.999999999999973
1210,122.000000,122.000000,1.000000,1.000000
1210,121.999999999997371,121.999999999997371,0.999999999999965,0.999999999999965
1211,122.100000,122.100000,1.000000,1.000000
1211,122.099999999997365,122.099999999997365,0.999999999999958,0.999999999999958
1212,122.200000,122.200000,1.000000,1.000000
1212,122.199999999997360,122.199999999997360,0.999999999999950,0.999999999999950
1213,122.300000,122.300000,1.000000,1.000000
1213,122.299999999997354,122.299999999997354,0.999999999999942,0.999999999999942
1214,122.400000,122.400000,1.000000,1.000000
1214,122.399999999997348,122.399999999997348,0.999999999999934,0.999999999999934
1215,122.500000,122.500000,1.000000,1.000000
1215,122.499999999997343,122.499999999997343,0.999999999999926,0.999999999999926
1216,122.600000,122.600000,1.000000,1.000000
1216,122.599999999997337,122.599999999997337,0.999999999999918,0.999999999999918
1217,122.700000,122.700000,1.000000,1.000000
1217,122.699999999997331,122.699999999997331,0.999999999999910,0.999999999999910
1218,122.800000,122.800000,1.000000,1.000000
1218,122.799999999997326,122.799999999997326,0.999999999999902,0.999999999999902
1219,122.900000,122.900000,1.000000,1.000000
1219,122.899999999997320,122.899999999997320,0.999999999999895,0.999999999999895
1220,123.000000,123.000000,1.000000,1.000000
1220,122.999999999997314,122.999999999997314,0.999999999999887,0.999999999999887
1221,123.100000,123.100000,1.000000,1.000000
1221,123.099999999997308,123.099999999997308,0.999999999999879,0.999999999999879
1222,123.200000,123.200000,1.000000,1.000000
1222,123.199999999997303,123.199999999997303,0.999999999999871,0.999999999999871
1223,123.300000,123.300000,1.000000,1.000000
1223,123.299999999997283,123.299999999997283,0.999999999999867,0.999999999999867
1224,123.400000,123.400000,1.000000,1.000000
1224,123.399999999997263,123.399999999997263,0.999999999999867,0.999999999999867
1225,123.500000,123.500000,1.000000,1.000000
1225,123.499999999997243,123.499999999997243,0.999999999999871,0.999999999999871
1226,123.600000,123.600000,1.000000,1.000000
1226,123.599999999997223,123.599999999997223,0.999999999999879,0.999999999999879
1227,123.700000,123.700000,1.000000,1.000000
1227,123.699999999997218,123.699999999997218,0.999999999999887,0.999999999999887
1228,123.800000,123.800000,1.000000,1.000000
1228,123.799999999997212,123.799999999997212,0.999999999999895,0.999999999999895
1229,123.900000,123.900000,1.000000,1.000000
1229,123.899999999997206,123.899999999997206,0.999999999999902,0.999999999999902
1230,124.000000,124.000000,1.000000,1.000000
1230,123.999999999997200,123.999999999997200,0.999999999999910,0.999999999999910
1231,124.100000,124.100000,1.000000,1.000000
1231,124.099999999997195,124.099999999997195,0.999999999999918,0.999999999999918
1232,124.200000,124.200000,1.000000,1.000000
1232,124.199999999997189,124.199999999997189,0.999999999999926,0.999999999999926
1233,124.300000,124.300000,1.000000,1.000000
1233,124.299999999997183,124.299999999997183,0.999999999999934,0.999999999999934
1234,124.400000,124.400000,1.000000,1.000000
1234,124.399999999997178,124.399999999997178,0.999999999999942,0.999999999999942
1235,124.500000,124.500000,1.000000,1.000000
1235,124.499999999997172,124.499999999997172,0.999999999999950,0.999999999999950
1236,124.600000,124.600000,1.000000,1.000000
1236,124.599999999997166,124.599999999997166,0.999999999999958,0.999999999999958
1237,124.700000,124.700000,1.000000,1.000000
1237,124.699999999997161,124.699999999997161,0.999999999999965,0.999999999999965
1238,124.800000,124.800000,1.000000,1.000000
1238,124.799999999997155,124.799999999997155,0.999999999999973,0.999999999999973
1239,124.900000,124.900000,1.000000,1.000000
1239,124.899999999997149,124.899999999997149,0.999999999999981,0.999999999999981
1240,125.000000,125.000000,1.000000,1.000000
1240,124.999999999997144,124.999999999997144,0.999999999999989,0.999999999999989
1241,125.100000,125.100000,1.000000,1.000000
1241,125.099999999997138,125.099999999997138,0.999999999999997,0.999999999999997
1242,125.200000,125.200000,1.000000,1.000000
1242,125.199999999997132,125.199999999997132,1.000000000000005,1.000000000000005
1243,125.300000,125.300000,1.000000,1.000000
1243,125.299999999997127,125.299999999997127,1.000000000000013,1.000000000000013
1244,125.400000,125.400000,1.000000,1.000000
1244,125.399999999997121,125.399999999997121,1.000000000000021,1.000000000000021
1245,125.500000,125.500000,1.000000,1.000000
1245,125.499999999997129,125.499999999997129,1.000000000000025,1.000000000000025
1246,125.600000,125.600000,1.000000,1.000000
1246,125.599999999997138,125.599999999997138,1.000000000000025,1.000000000000025
1247,125.700000,125.700000,1.000000,1.000000
1247,125.699999999997146,125.699999999997146,1.000000000000021,1.000000000000021
1248,125.800000,125.800000,1.000000,1.000000
1248,125.799999999997155,125.799999999997155,1.000000000000013,1.000000000000013
1249,125.900000,125.900000,1.000000,1.000000
1249,125.899999999997149,125.899999999997149,1.000000000000005,1.000000000000005
1250,126.000000,126.000000,1.000000,1.000000
1250,125.999999999997144,125.999999999997144,0.999999999999997,0.999999999999997
1251,126.100000,126.100000,1.000000,1.000000
1251,126.099999999997138,126.099999999997138,0.999999999999989,0.999999999999989
1252,126.200000,126.200000,1.000000,1.000000
1252,126.199999999997132,126.199999999997132,0.999999999999981,0.999999999999981
1253,126.300000,126.300000,1.000000,1.000000
1253,126.299999999997127,126.299999999997127,0.999999999999973,0.999999999999973
1254,126.400000,126.400000,1.000000,1.000000
1254,126.399999999997121,126.399999999997121,0.999999999999965,0.999999999999965
1255,126.500000,126.500000,1.000000,1.000000
1255,126.499999999997115,126.499999999997115,0.999999999999958,0.999999999999958
1256,126.600000,126.600000,1.000000,1.000000
1256,126.599999999997110,126.599999999997110,0.999999999999950,0.999999999999950
1257,126.700000,126.700000,1.000000,1.000000
1257,126.699999999997104,126.699999999997104,0.999999999999942,0.999999999999942
1258,126.800000,126.800000,1.000000,1.000000
1258,126.799999999997098,126.799999999997098,0.999999999999934,0.999999999999934
1259,126.900000,126.900000,1.000000,1.000000
1259,126.899999999997092,126.899999999997092,0.999999999999926,0.999999999999926
1260,127.000000,127.000000,1.000000,1.000000
1260,126.999999999997087,126.999999999997087,0.999999999999918,0.999999999999918
1261,127.100000,127.100000,1.000000,1.000000
1261,127.099999999997081,127.099999999997081,0.999999999999910,0.999999999999910
1262,127.200000,127.200000,1.000000,1.000000
1262,127.199999999997075,127.199999999997075,0.999999999999902,0.999999999999902
1263,127.300000,127.300000,1.000000,1.000000
1263,127.299999999997070,127.299999999997070,0.999999999999895,0.999999999999895
1264,127.400000,127.400000,1.000000,1.000000
1264,127.399999999997064,127.399999999997064,0.999999999999887,0.999999999999887
1265,127.500000,127.500000,1.000000,1.000000
1265,127.499999999997058,127.499999999997058,0.999999999999879,0.999999999999879
1266,127.600000,127.600000,1.000000,1.000000
1266,127.599999999997053,127.599999999997053,0.999999999999871,0.999999999999871
1267,127.700000,127.700000,1.000000,1.000000
1267,127.699999999997033,127.699999999997033,0.999999999999867,0.999999999999867
1268,127.800000,127.800000,1.000000,1.000000
1268,127.799999999997013,127.799999999997013,0.999999999999867,0.999999999999867
1269,127.900000,127.900000,1.000000,1.000000
1269,127.899999999996993,127.899999999996993,0.999999999999871,0.999999999999871
1270,128.000000,128.000000,1.000000,1.000000
1270,127.999999999996973,127.999999999996973,0.999999999999879,0.999999999999879
1271,128.100000,128.100000,1.000000,1.000000
1271,128.099999999996953,128.099999999996953,0.999999999999895,0.999999999999895
1272,128.200000,128.200000,1.000000,1.000000
1272,128.199999999996948,128.199999999996948,0.999999999999911,0.999999999999911
1273,128.300000,128.300000,1.000000,1.000000
1273,128.299999999996942,128.299999999996942,0.999999999999926,0.999999999999926
1274,128.400000,128.400000,1.000000,1.000000
1274,128.399999999996936,128.399999999996936,0.999999999999942,0.999999999999942
1275,128.500000,128.500000,1.000000,1.000000
1275,128.499999999996930,128.499999999996930,0.999999999999958,0.999999999999958
1276,128.600000,128.600000,1.000000,1.000000
1276,128.599999999996925,128.599999999996925,0.999999999999974,0.999999999999974
1277,128.700000,128.700000,1.000000,1.000000
1277,128.699999999996919,128.699999999996919,0.999999999999990,0.999999999999990
1278,128.800000,128.800000,1.000000,1.000000
1278,128.799999999996913,128.799999999996913,1.000000000000006,1.000000000000006
1279,128.900000,128.900000,1.000000,1.000000
1279,128.899999999996908,128.899999999996908,1.000000000000022,1.000000000000022
1280,129.000000,129.000000,1.000000,1.000000
1280,128.999999999996902,128.999999999996902,1.000000000000037,1.000000000000037
1281,129.100000,129.100000,1.000000,1.000000
1281,129.099999999996896,129.099999999996896,1.000000000000053,1.000000000000053
1282,129.200000,129.200000,1.000000,1.000000
1282,129.199999999996891,129.199999999996891,1.000000000000069,1.000000000000069
1283,129.300000,129.300000,1.000000,1.000000
1283,129.299999999996885,129.299999999996885,1.000000000000085,1.000000000000085
1284,129.400000,129.400000,1.000000,1.000000
1284,129.399999999996879,129.399999999996879,1.000000000000100,1.000000000000100
1285,129.500000,129.500000,1.000000,1.000000
1285,129.499999999996902,129.499999999996902,1.000000000000108,1.000000000000108
1286,129.600000,129.600000,1.000000,1.000000
1286,129.599999999996925,129.599999999996925,1.000000000000108,1.000000000000108
1287,129.700000,129.700000,1.000000,1.000000
1287,129.699999999996948,129.699999999996948,1.000000000000100,1.000000000000100
1288,129.800000,129.800000,1.000000,1.000000
1288,129.799999999996970,129.799999999996970,1.000000000000085,1.000000000000085
1289,129.900000,129.900000,1.000000,1.000000
1289,129.899999999996965,129.899999999996965,1.000000000000069,1.000000000000069
1290,130.000000,130.000000,1.000000,1.000000
1290,129.999999999996959,129.999999999996959,1.000000000000053,1.000000000000053
1291,130.100000,130.100000,1.000000,1.000000
1291,130.099999999996953,130.099999999996953,1.000000000000037,1.000000000000037
1292,130.200000,130.200000,1.000000,1.000000
1292,130.199999999996948,130.199999999996948,1.000000000000022,1.000000000000022
1293,130.300000,130.300000,1.000000,1.000000
1293,130.299999999996942,130.299999999996942,1.000000000000006,1.000000000000006
1294,130.400000,130.400000,1.000000,1.000000
1294,130.399999999996936,130.399999999996936,0.999999999999990,0.999999999999990
1295,130.500000,130.500000,1.000000,1.000000
1295,130.499999999996930,130.499999999996930,0.999999999999974,0.999999999999974
1296,130.600000,130.600000,1.000000,1.000000
1296,130.599999999996925,130.599999999996925,0.999999999999958,0.999999999999958
1297,130.700000,130.700000,1.000000,1.000000
1297,130.699999999996919,130.699999999996919,0.999999999999942,0.999999999999942
1298,130.800000,130.800000,1.000000,1.000000
1298,130.799999999996913,130.799999999996913,0.999999999999926,0.999999999999926
1299,130.900000,130.900000,1.000000,1.000000
1299,130.899999999996908,130.899999999996908,0.999999999999911,0.999999999999911
1300,131.000000,131.000000,1.000000,1.000000
1300,130.999999999996902,130.999999999996902,0.999999999999895,0.999999999999895
1301,131.100000,131.100000,1.000000,1.000000
1301,131.099999999996896,131.099999999996896,0.999999999999879,0.999999999999879
1302,131.200000,131.200000,1.000000,1.000000
1302,131.199999999996891,131.199999999996891,0.999999999999863,0.999999999999863
1303,131.300000,131.300000,1.000000,1.000000
1303,131.299999999996885,131.299999999996885,0.999999999999847,0.999999999999847
1304,131.400000,131.400000,1.000000,1.000000
1304,131.399999999996879,131.399999999996879,0.999999999999831,0.999999999999831
1305,131.500000,131.500000,1.000000,1.000000
1305,131.499999999996874,131.499999999996874,0.999999999999815,0.999999999999815
1306,131.600000,131.600000,1.000000,1.000000
1306,131.599999999996868,131.599999999996868,0.999999999999799,0.999999999999799
1307,131.700000,131.700000,1.000000,1.000000
1307,131.699999999996834,131.699999999996834,0.999999999999792,0.999999999999792
1308,131.800000,131.800000,1.000000,1.000000
1308,131.799999999996800,131.799999999996800,0.999999999999792,0.999999999999792
1309,131.900000,131.900000,1.000000,1.000000
1309,131.899999999996766,131.899999999996766,0.999999999999799,0.999999999999799
1310,132.000000,132.000000,1.000000,1.000000
1310,131.999999999996732,131.999999999996732,0.999999999999815,0.999999999999815
1311,132.100000,132.100000,1.000000,1.000000
1311,132.099999999996726,132.099999999996726,0.999999999999831,0.999999999999831
1312,132.200000,132.200000,1.000000,1.000000
1312,132.199999999996720,132.199999999996720,0.999999999999847,0.999999999999847
1313,132.300000,132.300000,1.000000,1.000000
1313,132.299999999996714,132.299999999996714,0.999999999999863,0.999999999999863
1314,132.400000,132.400000,1.000000,1.000000
1314,132.399999999996709,132.399999999996709,0.999999999999879,0.999999999999879
1315,132.500000,132.500000,1.000000,1.000000
1315,132.499999999996703,132.499999999996703,0.999999999999895,0.999999999999895
1316,132.600000,132.600000,1.000000,1.000000
1316,132.599999999996697,132.599999999996697,0.999999999999911,0.999999999999911
1317,132.700000,132.700000,1.000000,1.000000
1317,132.699999999996692,132.699999999996692,0.999999999999926,0.999999999999926
1318,132.800000,132.800000,1.000000,1.000000
1318,132.799999999996686,132.799999999996686,0.999999999999942,0.999999999999942
1319,132.900000,132.900000,1.000000,1.000000
1319,132.899999999996680,132.899999999996680,0.999999999999958,0.999999999999958
1320,133.000000,133.000000,1.000000,1.000000
1320,132.999999999996675,132.999999999996675,0.999999999999974,0.999999999999974
1321,133.100000,133.100000,1.000000,1.000000
1321,133.099999999996669,133.099999999996669,0.999999999999990,0.999999999999990
1322,133.200000,133.200000,1.000000,1.000000
1322,133.199999999996663,133.199999999996663,1.000000000000006,1.000000000000006
1323,133.300000,133.300000,1.000000,1.000000
1323,133.299999999996658,133.299999999996658,1.000000000000022,1.000000000000022
1324,133.400000,133.400000,1.000000,1.000000
1324,133.399999999996652,133.399999999996652,1.000000000000037,1.000000000000037
1325,133.500000,133.500000,1.000000,1.000000
1325,133.499999999996646,133.499999999996646,1.000000000000053,1.000000000000053
1326,133.600000,133.600000,1.000000,1.000000
1326,133.599999999996641,133.599999999996641,1.000000000000069,1.000000000000069
1327,133.700000,133.700000,1.000000,1.000000
1327,133.699999999996635,133.699999999996635,1.000000000000085,1.000000000000085
1328,133.800000,133.800000,1.000000,1.000000
1328,133.799999999996629,133.799999999996629,1.000000000000100,1.000000000000100
1329,133.900000,133.900000,1.000000,1.000000
1329,133.899999999996652,133.899999999996652,1.000000000000108,1.000000000000108
1330,134.000000,134.000000,1.000000,1.000000
1330,133.999999999996675,133.999999999996675,1.000000000000108,1.000000000000108
1331,134.100000,134.100000,1.000000,1.000000
1331,134.099999999996697,134.099999999996697,1.000000000000100,1.000000000000100
1332,134.200000,134.200000,1.000000,1.000000
1332,134.199999999996720,134.199999999996720,1.000000000000085,1.000000000000085
1333,134.300000,134.300000,1.000000,1.000000
1333,134.299999999996714,134.299999999996714,1.000000000000069,1.000000000000069
1334,134.400000,134.400000,1.000000,1.000000
1334,134.399999999996709,134.399999999996709,1.000000000000053,1.000000000000053
1335,134.500000,134.500000,1.000000,1.000000
1335,134.499999999996703,134.499999999996703,1.000000000000037,1.000000000000037
1336,134.600000,134.600000,1.000000,1.000000
1336,134.599999999996697,134.599999999996697,1.000000000000022,1.000000000000022
1337,134.700000,134.700000,1.000000,1.000000
1337,134.699999999996692,134.699999999996692,1.000000000000006,1.000000000000006
1338,134.800000,134.800000,1.000000,1.000000
1338,134.799999999996686,134.799999999996686,0.999999999999990,0.999999999999990
1339,134.900000,134.900000,1.000000,1.000000
1339,134.899999999996680,134.899999999996680,0.999999999999974,0.999999999999974
1340,135.000000,135.000000,1.000000,1.000000
1340,134.999999999996675,134.999999999996675,0.999999999999958,0.999999999999958
1341,135.100000,135.100000,1.000000,1.000000
1341,135.099999999996669,135.099999999996669,0.999999999999942,0.999999999999942
1342,135.200000,135.200000,1.000000,1.000000
1342,135.199999999996663,135.199999999996663,0.999999999999926,0.999999999999926
1343,135.300000,135.300000,1.000000,1.000000
1343,135.299999999996658,135.299999999996658,0.999999999999911,0.999999999999911
1344,135.400000,135.400000,1.000000,1.000000
1344,135.399999999996652,135.399999999996652,0.999999999999895,0.999999999999895
1345,135.500000,135.500000,1.000000,1.000000
1345,135.499999999996646,135.499999999996646,0.999999999999879,0.999999999999879
1346,135.600000,135.600000,1.000000,1.000000
1346,135.599999999996641,135.599999999996641,0.999999999999863,0.999999999999863
1347,135.700000,135.700000,1.000000,1.000000
1347,135.699999999996635,135.699999999996635,0.999999999999847,0.999999999999847
1348,135.800000,135.800000,1.000000,1.000000
1348,135.799999999996629,135.799999999996629,0.999999999999831,0.999999999999831
1349,135.900000,135.900000,1.000000,1.000000
1349,135.899999999996624,135.899999999996624,0.999999999999815,0.999999999999815
1350,136.000000,136.000000,1.000000,1.000000
1350,135.999999999996618,135.999999999996618,0.999999999999799,0.999999999999799
1351,136.100000,136.100000,1.000000,1.000000
1351,136.099999999996584,136.099999999996584,0.999999999999792,0.999999999999792
1352,136.200000,136.200000,1.000000,1.000000
1352,136.199999999996550,136.199999999996550,0.999999999999792,0.999999999999792
1353,136.300000,136.300000,1.000000,1.000000
1353,136.299999999996515,136.299999999996515,0.999999999999799,0.999999999999799
1354,136.400000,136.400000,1.000000,1.000000
1354,136.399999999996481,136.399999999996481,0.999999999999815,0.999999999999815
1355,136.500000,136.500000,1.000000,1.000000
1355,136.499999999996476,136.499999999996476,0.999999999999831,0.999999999999831
1356,136.600000,136.600000,1.000000,1.000000
1356,136.599999999996470,136.599999999996470,0.999999999999847,0.999999999999847
1357,136.700000,136.700000,1.000000,1.000000
1357,136.699999999996464,136.699999999996464,0.999999999999863,0.999999999999863
1358,136.800000,136.800000,1.000000,1.000000
1358,136.799999999996459,136.799999999996459,0.999999999999879,0.999999999999879
1359,136.900000,136.900000,1.000000,1.000000
1359,136.899999999996453,136.899999999996453,0.999999999999895,0.999999999999895
1360,137.000000,137.000000,1.000000,1.000000
1360,136.999999999996447,136.999999999996447,0.999999999999911,0.999999999999911
1361,137.100000,137.100000,1.000000,1.000000
1361,137.099999999996442,137.099999999996442,0.999999999999926,0.999999999999926
1362,137.200000,137.200000,1.000000,1.000000
1362,137.199999999996436,137.199999999996436,0.999999999999942,0.999999999999942
1363,137.300000,137.300000,1.000000,1.000000
1363,137.299999999996430,137.299999999996430,0.999999999999958,0.999999999999958
1364,137.400000,137.400000,1.000000,1.000000
1364,137.399999999996425,137.399999999996425,0.999999999999974,0.999999999999974
1365,137.500000,137.500000,1.000000,1.000000
1365,137.499999999996419,137.499999999996419,0.999999999999990,0.999999999999990
1366,137.600000,137.600000,1.000000,1.000000
1366,137.599999999996413,137.599999999996413,1.000000000000006,1.000000000000006
1367,137.700000,137.700000,1.000000,1.000000
1367,137.699999999996407,137.699999999996407,1.000000000000022,1.000000000000022
1368,137.800000,137.800000,1.000000,1.000000
1368,137.799999999996402,137.799999999996402,1.000000000000037,1.000000000000037
1369,137.900000,137.900000,1.000000,1.000000
1369,137.899999999996396,137.899999999996396,1.000000000000053,1.000000000000053
1370,138.000000,138.000000,1.000000,1.000000
1370,137.999999999996390,137.999999999996390,1.000000000000069,1.000000000000069
1371,138.100000,138.100000,1.000000,1.000000
1371,138.099999999996385,138.099999999996385,1.000000000000085,1.000000000000085
1372,138.200000,138.200000,1.000000,1.000000
1372,138.199999999996379,138.199999999996379,1.000000000000100,1.000000000000100
1373,138.300000,138.300000,1.000000,1.000000
1373,138.299999999996402,138.299999999996402,1.000000000000108,1.000000000000108
1374,138.400000,138.400000,1.000000,1.000000
1374,138.399999999996425,138.399999999996425,1.000000000000108,1.000000000000108
1375,138.500000,138.500000,1.000000,1.000000
1375,138.499999999996447,138.499999999996447,1.000000000000100,1.000000000000100
1376,138.600000,138.600000,1.000000,1.000000
1376,138.599999999996470,138.599999999996470,1.000000000000085,1.000000000000085
1377,138.700000,138.700000,1.000000,1.000000
1377,138.699999999996464,138.699999999996464,1.000000000000069,1.000000000000069
1378,138.800000,138.800000,1.000000,1.000000
1378,138.799999999996459,138.799999999996459,1.000000000000053,1.000000000000053
1379,138.900000,138.900000,1.000000,1.000000
1379,138.899999999996453,138.899999999996453,1.000000000000037,1.000000000000037
1380,139.000000,139.000000,1.000000,1.000000
1380,138.999999999996447,138.999999999996447,1.000000000000022,1.000000000000022
1381,139.100000,139.100000,1.000000,1.000000
1381,139.099999999996442,139.099999999996442,1.000000000000006,1.000000000000006
1382,139.200000,139.200000,1.000000,1.000000
1382,139.199999999996436,139.199999999996436,0.999999999999990,0.999999999999990
1383,139.300000,139.300000,1.000000,1.000000
1383,139.299999999996430,139.299999999996430,0.999999999999974,0.999999999999974
1384,139.400000,139.400000,1.000000,1.000000
1384,139.399999999996425,139.399999999996425,0.999999999999958,0.999999999999958
1385,139.500000,139.500000,1.000000,1.000000
1385,139.499999999996419,139.499999999996419,0.999999999999942,0.999999999999942
1386,139.600000,139.600000,1.000000,1.000000
1386,139.599999999996413,139.599999999996413,0.999999999999926,0.999999999999926
1387,139.700000,139.700000,1.000000,1.000000
1387,139.699999999996407,139.699999999996407,0.999999999999911,0.999999999999911
1388,139.800000,139.800000,1.000000,1.000000
1388,139.799999999996402,139.799999999996402,0.999999999999895,0.999999999999895
1389,139.900000,139.900000,1.000000,1.000000
1389,139.899999999996396,139.899999999996396,0.999999999999879,0.999999999999879
1390,140.000000,140.000000,1.000000,1.000000
1390,139.999999999996390,139.999999999996390,0.999999999999863,0.999999999999863
1391,140.100000,140.100000,1.000000,1.000000
1391,140.099999999996385,140.099999999996385,0.999999999999847,0.999999999999847
1392,140.200000,140.200000,1.000000,1.000000
1392,140.199999999996379,140.199999999996379,0.999999999999831,0.999999999999831
1393,140.300000,140.300000,1.000000,1.000000
1393,140.299999999996373,140.299999999996373,0.999999999999815,0.999999999999815
1394,140.400000,140.400000,1.000000,1.000000
1394,140.399999999996368,140.399999999996368,0.999999999999799,0.999999999999799
1395,140.500000,140.500000,1.000000,1.000000
1395,140.499999999996334,140.499999999996334,0.999999999999792,0.999999999999792
1396,140.600000,140.600000,1.000000,1.000000
1396,140.599999999996299,140.599999999996299,0.999999999999792,0.999999999999792
1397,140.700000,140.700000,1.000000,1.000000
1397,140.699999999996265,140.699999999996265,0.999999999999799,0.999999999999799
1398,140.800000,140.800000,1.000000,1.000000
1398,140.799999999996231,140.799999999996231,0.999999999999815,0.999999999999815
1399,140.900000,140.900000,1.000000,1.000000
1399,140.899999999996226,140.899999999996226,0.999999999999831,0.999999999999831
1400,141.000000,141.000000,1.000000,1.000000
1400,140.999999999996220,140.999999999996220,0.999999999999847,0.999999999999847
1401,141.100000,141.100000,1.000000,1.000000
1401,141.099999999996214,141.099999999996214,0.999999999999863,0.999999999999863
1402,141.200000,141.200000,1.000000,1.000000
1402,141.199999999996209,141.199999999996209,0.999999999999879,0.999999999999879
1403,141.300000,141.300000,1.000000,1.000000
1403,141.299999999996203,141.299999999996203,0.999999999999895,0.999999999999895
1404,141.400000,141.400000,1.000000,1.000000
1404,141.399999999996197,141.399999999996197,0.999999999999911,0.999999999999911
1405,141.500000,141.500000,1.000000,1.000000
1405,141.499999999996191,141.499999999996191,0.999999999999926,0.999999999999926
1406,141.600000,141.600000,1.000000,1.000000
1406,141.599999999996186,141.599999999996186,0.999999999999942,0.999999999999942
1407,141.700000,141.700000,1.000000,1.000000
1407,141.699999999996180,141.699999999996180,0.999999999999958,0.999999999999958
1408,141.800000,141.800000,1.000000,1.000000
1408,141.799999999996174,141.799999999996174,0.999999999999974,0.999999999999974
1409,141.900000,141.900000,1.000000,1.000000
1409,141.899999999996169,141.899999999996169,0.999999999999990,0.999999999999990
1410,142.000000,142.000000,1.000000,1.000000
1410,141.999999999996163,141.999999999996163,1.000000000000006,1.000000000000006
1411,142.100000,142.100000,1.000000,1.000000
1411,142.099999999996157,142.099999999996157,1.000000000000022,1.000000000000022
1412,142.200000,142.200000,1.000000,1.000000
1412,142.199999999996152,142.199999999996152,1.000000000000037,1.000000000000037
1413,142.300000,142.300000,1.000000,1.000000
1413,142.299999999996146,142.299999999996146,1.000000000000053,1.000000000000053
1414,142.400000,142.400000,1.000000,1.000000
1414,142.399999999996140,142.399999999996140,1.000000000000069,1.000000000000069
1415,142.500000,142.500000,1.000000,1.000000
1415,142.499999999996135,142.499999999996135,1.000000000000085,1.000000000000085
1416,142.600000,142.600000,1.000000,1.000000
1416,142.599999999996129,142.599999999996129,1.000000000000100,1.000000000000100
1417,142.700000,142.700000,1.000000,1.000000
1417,142.699999999996152,142.699999999996152,1.000000000000108,1.000000000000108
1418,142.800000,142.800000,1.000000,1.000000
1418,142.799999999996174,142.799999999996174,1.000000000000108,1.000000000000108
1419,142.900000,142.900000,1.000000,1.000000
1419,142.899999999996197,142.899999999996197,1.000000000000100,1.000000000000100
1420,143.000000,143.000000,1.000000,1.000000
1420,142.999999999996220,142.999999999996220,1.000000000000085,1.000000000000085
1421,143.100000,143.100000,1.000000,1.000000
1421,143.099999999996214,143.099999999996214,1.000000000000069,1.000000000000069
1422,143.200000,143.200000,1.000000,1.000000
1422,143.199999999996209,143.199999999996209,1.000000000000053,1.000000000000053
1423,143.300000,143.300000,1.000000,1.000000
1423,143.299999999996203,143.299999999996203,1.000000000000037,1.000000000000037
1424,143.400000,143.400000,1.000000,1.000000
1424,143.399999999996197,143.399999999996197,1.000000000000022,1.000000000000022
1425,143.500000,143.500000,1.000000,1.000000
1425,143.499999999996191,143.499999999996191,1.000000000000006,1.000000000000006
1426,143.600000,143.600000,1.000000,1.000000
1426,143.599999999996186,143.599999999996186,0.999999999999990,0.999999999999990
1427,143.700000,143.700000,1.000000,1.000000
1427,143.699999999996180,143.699999999996180,0.999999999999974,0.999999999999974
1428,143.800000,143.800000,1.000000,1.000000
1428,143.799999999996174,143.799999999996174,0.999999999999958,0.999999999999958
1429,143.900000,143.900000,1.000000,1.000000
1429,143.899999999996169,143.899999999996169,0.999999999999942,0.999999999999942
1430,144.000000,144.000000,1.000000,1.000000
1430,143.999999999996163,143.999999999996163,0.999999999999926,0.999999999999926
1431,144.100000,144.100000,1.000000,1.000000
1431,144.099999999996157,144.099999999996157,0.999999999999911,0.999999999999911
1432,144.200000,144.200000,1.000000,1.000000
1432,144.199999999996152,144.199999999996152,0.999999999999895,0.999999999999895
1433,144.300000,144.300000,1.000000,1.000000
1433,144.299999999996146,144.299999999996146,0.999999999999879,0.999999999999879
1434,144.400000,144.400000,1.000000,1.000000
1434,144.399999999996140,144.399999999996140,0.999999999999863,0.999999999999863
1435,144.500000,144.500000,1.000000,1.000000
1435,144.499999999996135,144.499999999996135,0.999999999999847,0.999999999999847
1436,144.600000,144.600000,1.000000,1.000000
1436,144.599999999996129,144.599999999996129,0.999999999999831,0.999999999999831
1437,144.700000,144.700000,1.000000,1.000000
1437,144.699999999996123,144.699999999996123,0.999999999999815,0.999999999999815
1438,144.800000,144.800000,1.000000,1.000000
1438,144.799999999996118,144.799999999996118,0.999999999999799,0.999999999999799
1439,144.900000,144.900000,1.000000,1.000000
1439,144.899999999996083,144.899999999996083,0.999999999999792,0.999999999999792
1440,145.000000,145.000000,1.000000,1.000000
1440,144.999999999996049,144.999999999996049,0.999999999999792,0.999999999999792
1441,145.100000,145.100000,1.000000,1.000000
1441,145.099999999996015,145.099999999996015,0.999999999999799,0.999999999999799
1442,145.200000,145.200000,1.000000,1.000000
1442,145.199999999995981,145.199999999995981,0.999999999999815,0.999999999999815
1443,145.300000,145.300000,1.000000,1.000000
1443,145.299999999995975,145.299999999995975,0.999999999999831,0.999999999999831
1444,145.400000,145.400000,1.000000,1.000000
1444,145.399999999995970,145.399999999995970,0.999999999999847,0.999999999999847
1445,145.500000,145.500000,1.000000,1.000000
1445,145.499999999995964,145.499999999995964,0.999999999999863,0.999999999999863
1446,145.600000,145.600000,1.000000,1.000000
1446,145.599999999995958,145.599999999995958,0.999999999999879,0.999999999999879
1447,145.700000,145.700000,1.000000,1.000000
1447,145.699999999995953,145.699999999995953,0.999999999999895,0.999999999999895
1448,145.800000,145.800000,1.000000,1.000000
1448,145.799999999995947,145.799999999995947,0.999999999999911,0.999999999999911
1449,145.900000,145.900000,1.000000,1.000000
1449,145.899999999995941,145.899999999995941,0.999999999999926,0.999999999999926
1450,146.000000,146.000000,1.000000,1.000000
1450,145.999999999995936,145.999999999995936,0.999999999999942,0.999999999999942
1451,146.100000,146.100000,1.000000,1.000000
1451,146.099999999995930,146.099999999995930,0.999999999999958,0.999999999999958
1452,146.200000,146.200000,1.000000,1.000000
1452,146.199999999995924,146.199999999995924,0.999999999999974,0.999999999999974
1453,146.300000,146.300000,1.000000,1.000000
1453,146.299999999995919,146.299999999995919,0.999999999999990,0.999999999999990
1454,146.400000,146.400000,1.000000,1.000000
1454,146.399999999995913,146.399999999995913,1.000000000000006,1.000000000000006
1455,146.500000,146.500000,1.000000,1.000000
1455,146.499999999995907,146.499999999995907,1.000000000000022,1.000000000000022
1456,146.600000,146.600000,1.000000,1.000000
1456,146.599999999995902,146.599999999995902,1.000000000000037,1.000000000000037
1457,146.700000,146.700000,1.000000,1.000000
1457,146.699999999995896,146.699999999995896,1.000000000000053,1.000000000000053
1458,146.800000,146.800000,1.000000,1.000000
1458,146.799999999995890,146.799999999995890,1.000000000000069,1.000000000000069
1459,146.900000,146.900000,1.000000,1.000000
1459,146.899999999995885,146.899999999995885,1.000000000000085,1.000000000000085
1460,147.000000,147.000000,1.000000,1.000000
1460,146.999999999995879,146.999999999995879,1.000000000000100,1.000000000000100
1461,147.100000,147.100000,1.000000,1.000000
1461,147.099999999995902,147.099999999995902,1.000000000000108,1.000000000000108
1462,147.200000,147.200000,1.000000,1.000000
1462,147.199999999995924,147.199999999995924,1.000000000000108,1.000000000000108
1463,147.300000,147.300000,1.000000,1.000000
1463,147.299999999995947,147.299999999995947,1.000000000000100,1.000000000000100
1464,147.400000,147.400000,1.000000,1.000000
1464,147.399999999995970,147.399999999995970,1.000000000000085,1.000000000000085
1465,147.500000,147.500000,1.000000,1.000000
1465,147.499999999995964,147.499999999995964,1.000000000000069,1.000000000000069
1466,147.600000,147.600000,1.000000,1.000000
1466,147.599999999995958,147.599999999995958,1.000000000000053,1.000000000000053
1467,147.700000,147.700000,1.000000,1.000000
1467,147.699999999995953,147.699999999995953,1.000000000000037,1.000000000000037
1468,147.800000,147.800000,1.000000,1.000000
1468,147.799999999995947,147.799999999995947,1.000000000000022,1.000000000000022
1469,147.900000,147.900000,1.000000,1.000000
1469,147.899999999995941,147.899999999995941,1.000000000000006,1.000000000000006
1470,148.000000,148.000000,1.000000,1.000000
1470,147.999999999995936,147.999999999995936,0.999999999999990,0.999999999999990
1471,148.100000,148.100000,1.000000,1.000000
1471,148.099999999995930,148.099999999995930,0.999999999999974,0.999999999999974
1472,148.200000,148.200000,1.000000,1.000000
1472,148.199999999995924,148.199999999995924,0.999999999999958,0.999999999999958
1473,148.300000,148.300000,1.000000,1.000000
1473,148.299999999995919,148.299999999995919,0.999999999999942,0.999999999999942
1474,148.400000,148.400000,1.000000,1.000000
1474,148.399999999995913,148.399999999995913,0.999999999999926,0.999999999999926
1475,148.500000,148.500000,1.000000,1.000000
1475,148.499999999995907,148.499999999995907,0.999999999999911,0.999999999999911
1476,148.600000,148.600000,1.000000,1.000000
1476,148.599999999995902,148.599999999995902,0.999999999999895,0.999999999999895
1477,148.700000,148.700000,1.000000,1.000000
1477,148.699999999995896,148.699999999995896,0.999999999999879,0.999999999999879
1478,148.800000,148.800000,1.000000,1.000000
1478,148.799999999995890,148.799999999995890,0.999999999999863,0.999999999999863
1479,148.900000,148.900000,1.000000,1.000000
1479,148.899999999995885,148.899999999995885,0.999999999999847,0.999999999999847
1480,149.000000,149.000000,1.000000,1.000000
1480,148.999999999995879,148.999999999995879,0.999999999999831,0.999999999999831
1481,149.100000,149.100000,1.000000,1.000000
1481,149.099999999995873,149.099999999995873,0.999999999999815,0.999999999999815
1482,149.200000,149.200000,1.000000,1.000000
1482,149.199999999995867,149.199999999995867,0.999999999999799,0.999999999999799
1483,149.300000,149.300000,1.000000,1.000000
1483,149.299999999995833,149.299999999995833,0.999999999999792,0.999999999999792
1484,149.400000,149.400000,1.000000,1.000000
1484,149.399999999995799,149.399999999995799,0.999999999999792,0.999999999999792
1485,149.500000,149.500000,1.000000,1.000000
1485,149.499999999995765,149.499999999995765,0.999999999999799,0.999999999999799
1486,149.600000,149.600000,1.000000,1.000000
1486,149.599999999995731,149.599999999995731,0.999999999999815,0.999999999999815
1487,149.700000,149.700000,1.000000,1.000000
1487,149.699999999995725,149.699999999995725,0.999999999999831,0.999999999999831
1488,149.800000,149.800000,1.000000,1.000000
1488,149.799999999995720,149.799999999995720,0.999999999999847,0.999999999999847
1489,149.900000,149.900000,1.000000,1.000000
1489,149.899999999995714,149.899999999995714,0.999999999999863,0.999999999999863
1490,150.000000,150.000000,1.000000,1.000000
1490,149.999999999995708,149.999999999995708,0.999999999999879,0.999999999999879
1491,150.100000,150.100000,1.000000,1.000000
1491,150.099999999995703,150.099999999995703,0.999999999999895,0.999999999999895
1492,150.200000,150.200000,1.000000,1.000000
1492,150.199999999995697,150.199999999995697,0.999999999999911,0.999999999999911
1493,150.300000,150.300000,1.000000,1.000000
1493,150.299999999995691,150.299999999995691,0.999999999999926,0.999999999999926
1494,150.400000,150.400000,1.000000,1.000000
1494,150.399999999995686,150.399999999995686,0.999999999999942,0.999999999999942
1495,150.500000,150.500000,1.000000,1.000000
1495,150.499999999995680,150.499999999995680,0.999999999999958,0.999999999999958
1496,150.600000,150.600000,1.000000,1.000000
1496,150.599999999995674,150.599999999995674,0.999999999999974,0.999999999999974
1497,150.700000,150.700000,1.000000,1.000000
1497,150.699999999995669,150.699999999995669,0.999999999999990,0.999999999999990
1498,150.800000,150.800000,1.000000,1.000000
1498,150.799999999995663,150.799999999995663,1.000000000000006,1.000000000000006
1499,150.900000,150.900000,1.000000,1.000000
1499,150.899999999995657,150.899999999995657,1.000000000000022,1.000000000000022
1500,151.000000,151.000000,1.000000,1.000000
1500,150.999999999995651,150.999999999995651,1.000000000000037,1.000000000000037
1501,151.100000,151.100000,1.000000,1.000000
1501,151.099999999995646,151.099999999995646,1.000000000000053,1.000000000000053
1502,151.200000,151.200000,1.000000,1.000000
1502,151.199999999995640,151.199999999995640,1.000000000000069,1.000000000000069
1503,151.300000,151.300000,1.000000,1.000000
1503,151.299999999995634,151.299999999995634,1.000000000000085,1.000000000000085
1504,151.400000,151.400000,1.000000,1.000000
1504,151.399999999995629,151.399999999995629,1.000000000000100,1.000000000000100
1505,151.500000,151.500000,1.000000,1.000000
1505,151.499999999995651,151.499999999995651,1.000000000000108,1.000000000000108
1506,151.600000,151.600000,1.000000,1.000000
1506,151.599999999995674,151.599999999995674,1.000000000000108,1.000000000000108
1507,151.700000,151.700000,1.000000,1.000000
1507,151.699999999995697,151.699999999995697,1.000000000000100,1.000000000000100
1508,151.800000,151.800000,1.000000,1.000000
1508,151.799999999995720,151.799999999995720,1.000000000000085,1.000000000000085
1509,151.900000,151.900000,1.000000,1.000000
1509,151.899999999995714,151.899999999995714,1.000000000000069,1.000000000000069
1510,152.000000,152.000000,1.000000,1.000000
1510,151.999999999995708,151.999999999995708,1.000000000000053,1.000000000000053
1511,152.100000,152.100000,1.000000,1.000000
1511,152.099999999995703,152.099999999995703,1.000000000000037,1.000000000000037
1512,152.200000,152.200000,1.000000,1.000000
1512,152.199999999995697,152.199999999995697,1.000000000000022,1.000000000000022
1513,152.300000,152.300000,1.000000,1.000000
1513,152.299999999995691,152.299999999995691,1.000000000000006,1.000000000000006
1514,152.400000,152.400000,1.000000,1.000000
1514,152.399999999995686,152.399999999995686,0.999999999999990,0.999999999999990
1515,152.500000,152.500000,1.000000,1.000000
1515,152.499999999995680,152.499999999995680,0.999999999999974,0.999999999999974
1516,152.600000,152.600000,1.000000,1.000000
1516,152.599999999995674,152.599999999995674,0.999999999999958,0.999999999999958
1517,152.700000,152.700000,1.000000,1.000000
1517,152.699999999995669,152.699999999995669,0.999999999999942,0.999999999999942
1518,152.800000,152.800000,1.000000,1.000000
1518,152.799999999995663,152.799999999995663,0.999999999999926,0.999999999999926
1519,152.900000,152.900000,1.000000,1.000000
1519,152.899999999995657,152.899999999995657,0.999999999999911,0.999999999999911
1520,153.000000,153.000000,1.000000,1.000000
1520,152.999999999995651,152.999999999995651,0.999999999999895,0.999999999999895
1521,153.100000,153.100000,1.000000,1.000000
1521,153.099999999995646,153.099999999995646,0.999999999999879,0.999999999999879
1522,153.200000,153.200000,1.000000,1.000000
1522,153.199999999995640,153.199999999995640,0.999999999999863,0.999999999999863
1523,153.300000,153.300000,1.000000,1.000000
1523,153.299999999995634,153.299999999995634,0.999999999999847,0.999999999999847
1524,153.400000,153.400000,1.000000,1.000000
1524,153.399999999995629,153.399999999995629,0.999999999999831,0.999999999999831
1525,153.500000,153.500000,1.000000,1.000000
1525,153.499999999995623,153.499999999995623,0.999999999999815,0.999999999999815
1526,153.600000,153.600000,1.000000,1.000000
1526,153.599999999995617,153.599999999995617,0.999999999999799,0.999999999999799
1527,153.700000,153.700000,1.000000,1.000000
1527,153.699999999995583,153.699999999995583,0.999999999999792,0.999999999999792
1528,153.800000,153.800000,1.000000,1.000000
1528,153.799999999995549,153.799999999995549,0.999999999999792,0.999999999999792
1529,153.900000,153.900000,1.000000,1.000000
1529,153.899999999995515,153.899999999995515,0.999999999999799,0.999999999999799
1530,154.000000,154.000000,1.000000,1.000000
1530,153.999999999995481,153.999999999995481,0.999999999999815,0.999999999999815
1531,154.100000,154.100000,1.000000,1.000000
1531,154.099999999995475,154.099999999995475,0.999999999999831,0.999999999999831
1532,154.200000,154.200000,1.000000,1.000000
1532,154.199999999995470,154.199999999995470,0.999999999999847,0.999999999999847
1533,154.300000,154.300000,1.000000,1.000000
1533,154.299999999995464,154.299999999995464,0.999999999999863,0.999999999999863
1534,154.400000,154.400000,1.000000,1.000000
1534,154.399999999995458,154.399999999995458,0.999999999999879,0.999999999999879
1535,154.500000,154.500000,1.000000,1.000000
1535,154.499999999995453,154.499999999995453,0.999999999999895,0.999999999999895
1536,154.600000,154.600000,1.000000,1.000000
1536,154.599999999995447,154.599999999995447,0.999999999999911,0.999999999999911
1537,154.700000,154.700000,1.000000,1.000000
1537,154.699999999995441,154.699999999995441,0.999999999999926,0.999999999999926
1538,154.800000,154.800000,1.000000,1.000000
1538,154.799999999995435,154.799999999995435,0.999999999999942,0.999999999999942
1539,154.900000,154.900000,1.000000,1.000000
1539,154.899999999995430,154.899999999995430,0.999999999999958,0.999999999999958
1540,155.000000,155.000000,1.000000,1.000000
1540,154.999999999995424,154.999999999995424,0.999999999999974,0.999999999999974
1541,155.100000,155.100000,1.000000,1.000000
1541,155.099999999995418,155.099999999995418,0.999999999999990,0.999999999999990
1542,155.200000,155.200000,1.000000,1.000000
1542,155.199999999995413,155.199999999995413,1.000000000000006,1.000000000000006
1543,155.300000,155.300000,1.000000,1.000000
1543,155.299999999995407,155.299999999995407,1.000000000000022,1.000000000000022
1544,155.400000,155.400000,1.000000,1.000000
1544,155.399999999995401,155.399999999995401,1.000000000000037,1.000000000000037
1545,155.500000,155.500000,1.000000,1.000000
1545,155.499999999995396,155.499999999995396,1.000000000000053,1.000000000000053
1546,155.600000,155.600000,1.000000,1.000000
1546,155.599999999995390,155.599999999995390,1.000000000000069,1.000000000000069
1547,155.700000,155.700000,1.000000,1.000000
1547,155.699999999995384,155.699999999995384,1.000000000000085,1.000000000000085
1548,155.800000,155.800000,1.000000,1.000000
1548,155.799999999995379,155.799999999995379,1.000000000000100,1.000000000000100
1549,155.900000,155.900000,1.000000,1.000000
1549,155.899999999995401,155.899999999995401,1.000000000000108,1.000000000000108
1550,156.000000,156.000000,1.000000,1.000000
1550,155.999999999995424,155.999999999995424,1.000000000000108,1.000000000000108
1551,156.100000,156.100000,1.000000,1.000000
1551,156.099999999995447,156.099999999995447,1.000000000000100,1.000000000000100
1552,156.200000,156.200000,1.000000,1.000000
1552,156.199999999995470,156.199999999995470,1.000000000000085,1.000000000000085
1553,156.300000,156.300000,1.000000,1.000000
1553,156.299999999995464,156.299999999995464,1.000000000000069,1.000000000000069
1554,156.400000,156.400000,1.000000,1.000000
1554,156.399999999995458,156.399999999995458,1.000000000000053,1.000000000000053
1555,156.500000,156.500000,1.000000,1.000000
1555,156.499999999995453,156.499999999995453,1.000000000000037,1.000000000000037
1556,156.600000,156.600000,1.000000,1.000000
1556,156.599999999995447,156.599999999995447,1.000000000000022,1.000000000000022
1557,156.700000,156.700000,1.000000,1.000000
1557,156.699999999995441,156.699999999995441,1.000000000000006,1.000000000000006
1558,156.800000,156.800000,1.000000,1.000000
1558,156.799999999995435,156.799999999995435,0.999999999999990,0.999999999999990
1559,156.900000,156.900000,1.000000,1.000000
1559,156.899999999995430,156.899999999995430,0.999999999999974,0.999999999999974
1560,157.000000,157.000000,1.000000,1.000000
1560,156.999999999995424,156.999999999995424,0.999999999999958,0.999999999999958
1561,157.100000,157.100000,1.000000,1.000000
1561,157.099999999995418,157.099999999995418,0.999999999999942,0.999999999999942
1562,157.200000,157.200000,1.000000,1.000000
1562,157.199999999995413,157.199999999995413,0.999999999999926,0.999999999999926
1563,157.300000,157.300000,1.000000,1.000000
1563,157.299999999995407,157.299999999995407,0.999999999999911,0.999999999999911
1564,157.400000,157.400000,1.000000,1.000000
1564,157.399999999995401,157.399999999995401,0.999999999999895,0.999999999999895
1565,157.500000,157.500000,1.000000,1.000000
1565,157.499999999995396,157.499999999995396,0.999999999999879,0.999999999999879
1566,157.600000,157.600000,1.000000,1.000000
1566,157.599999999995390,157.599999999995390,0.999999999999863,0.999999999999863
1567,157.700000,157.700000,1.000000,1.000000
1567,157.699999999995384,157.699999999995384,0.999999999999847,0.999999999999847
1568,157.800000,157.800000,1.000000,1.000000
1568,157.799999999995379,157.799999999995379,0.999999999999831,0.999999999999831
1569,157.900000,157.900000,1.000000,1.000000
1569,157.899999999995373,157.899999999995373,0.999999999999815,0.999999999999815
1570,158.000000,158.000000,1.000000,1.000000
1570,157.999999999995367,157.999999999995367,0.999999999999799,0.999999999999799
1571,158.100000,158.100000,1.000000,1.000000
1571,158.099999999995333,158.099999999995333,0.999999999999792,0.999999999999792
1572,158.200000,158.200000,1.000000,1.000000
1572,158.199999999995299,158.199999999995299,0.999999999999792,0.999999999999792
1573,158.300000,158.300000,1.000000,1.000000
1573,158.299999999995265,158.299999999995265,0.999999999999799,0.999999999999799
1574,158.400000,158.400000,1.000000,1.000000
1574,158.399999999995231,158.399999999995231,0.999999999999815,0.999999999999815
1575,158.500000,158.500000,1.000000,1.000000
1575,158.499999999995225,158.499999999995225,0.999999999999831,0.999999999999831
1576,158.600000,158.600000,1.000000,1.000000
1576,158.599999999995219,158.599999999995219,0.999999999999847,0.999999999999847
1577,158.700000,158.700000,1.000000,1.000000
1577,158.699999999995214,158.699999999995214,0.999999999999863,0.999999999999863
1578,158.800000,158.800000,1.000000,1.000000
1578,158.799999999995208,158.799999999995208,0.999999999999879,0.999999999999879
1579,158.900000,158.900000,1.000000,1.000000
1579,158.899999999995202,158.899999999995202,0.999999999999895,0.999999999999895
1580,159.000000,159.000000,1.000000,1.000000
1580,158.999999999995197,158.999999999995197,0.999999999999911,0.999999999999911
1581,159.100000,159.100000,1.000000,1.000000
1581,159.099999999995191,159.099999999995191,0.999999999999926,0.999999999999926
1582,159.200000,159.200000,1.000000,1.000000
1582,159.199999999995185,159.199999999995185,0.999999999999942,0.999999999999942
1583,159.300000,159.300000,1.000000,1.000000
1583,159.299999999995180,159.299999999995180,0.999999999999958,0.999999999999958
1584,159.400000,159.400000,1.000000,1.000000
1584,159.399999999995174,159.399999999995174,0.999999999999974,0.999999999999974
1585,159.500000,159.500000,1.000000,1.000000
1585,159.499999999995168,159.499999999995168,0.999999999999990,0.999999999999990
1586,159.600000,159.600000,1.000000,1.000000
1586,159.599999999995163,159.599999999995163,1.000000000000006,1.000000000000006
1587,159.700000,159.700000,1.000000,1.000000
1587,159.699999999995157,159.699999999995157,1.000000000000022,1.000000000000022
1588,159.800000,159.800000,1.000000,1.000000
1588,159.799999999995151,159.799999999995151,1.000000000000037,1.000000000000037
1589,159.900000,159.900000,1.000000,1.000000
1589,159.899999999995146,159.899999999995146,1.000000000000053,1.000000000000053
1590,160.000000,160.000000,1.000000,1.000000
1590,159.999999999995140,159.999999999995140,1.000000000000069,1.000000000000069
1591,160.100000,160.100000,1.000000,1.000000
1591,160.099999999995134,160.099999999995134,1.000000000000085,1.000000000000085
1592,160.200000,160.200000,1.000000,1.000000
1592,160.199999999995129,160.199999999995129,1.000000000000100,1.000000000000100
1593,160.300000,160.300000,1.000000,1.000000
1593,160.299999999995151,160.299999999995151,1.000000000000108,1.000000000000108
1594,160.400000,160.400000,1.000000,1.000000
1594,160.399999999995174,160.399999999995174,1.000000000000108,1.000000000000108
1595,160.500000,160.500000,1.000000,1.000000
1595,160.499999999995197,160.499999999995197,1.000000000000100,1.000000000000100
1596,160.600000,160.600000,1.000000,1.000000
1596,160.599999999995219,160.599999999995219,1.000000000000085,1.000000000000085
1597,160.700000,160.700000,1.000000,1.000000
1597,160.699999999995214,160.699999999995214,1.000000000000069,1.000000000000069
1598,160.800000,160.800000,1.000000,1.000000
1598,160.799999999995208,160.799999999995208,1.000000000000053,1.000000000000053
1599,160.900000,160.900000,1.000000,1.000000
1599,160.899999999995202,160.899999999995202,1.000000000000037,1.000000000000037
1600,161.000000,161.000000,1.000000,1.000000
1600,160.999999999995197,160.999999999995197,1.000000000000022,1.000000000000022
1601,161.100000,161.100000,1.000000,1.000000
1601,161.099999999995191,161.099999999995191,1.000000000000006,1.000000000000006
1602,161.200000,161.200000,1.000000,1.000000
1602,161.199999999995185,161.199999999995185,0.999999999999990,0.999999999999990
1603,161.300000,161.300000,1.000000,1.000000
1603,161.299999999995180,161.299999999995180,0.999999999999974,0.999999999999974
1604,161.400000,161.400000,1.000000,1.000000
1604,161.399999999995174,161.399999999995174,0.999999999999958,0.999999999999958
1605,161.500000,161.500000,1.000000,1.000000
1605,161.499999999995168,161.499999999995168,0.999999999999942,0.999999999999942
1606,161.600000,161.600000,1.000000,1.000000
1606,161.599999999995163,161.599999999995163,0.999999999999926,0.999999999999926
1607,161.700000,161.700000,1.000000,1.000000
1607,161.699999999995157,161.699999999995157,0.999999999999911,0.999999999999911
1608,161.800000,161.800000,1.000000,1.000000
1608,161.799999999995151,161.799999999995151,0.999999999999895,0.999999999999895
1609,161.900000,161.900000,1.000000,1.000000
1609,161.899999999995146,161.899999999995146,0.999999999999879,0.999999999999879
1610,162.000000,162.000000,1.000000,1.000000
1610,161.999999999995140,161.999999999995140,0.999999999999863,0.999999999999863
1611,162.100000,162.100000,1.000000,1.000000
1611,162.099999999995134,162.099999999995134,0.999999999999847,0.999999999999847
1612,162.200000,162.200000,1.000000,1.000000
1612,162.199999999995129,162.199999999995129,0.999999999999831,0.999999999999831
1613,162.300000,162.300000,1.000000,1.000000
1613,162.299999999995123,162.299999999995123,0.999999999999815,0.999999999999815
1614,162.400000,162.400000,1.000000,1.000000
1614,162.399999999995117,162.399999999995117,0.999999999999799,0.999999999999799
1615,162.500000,162.500000,1.000000,1.000000
1615,162.499999999995083,162.499999999995083,0.999999999999792,0.999999999999792
1616,162.600000,162.600000,1.000000,1.000000
1616,162.599999999995049,162.599999999995049,0.999999999999792,0.999999999999792
1617,162.700000,162.700000,1.000000,1.000000
1617,162.699999999995015,162.699999999995015,0.999999999999799,0.999999999999799
1618,162.800000,162.800000,1.000000,1.000000
1618,162.799999999994981,162.799999999994981,0.999999999999815,0.999999999999815
1619,162.900000,162.900000,1.000000,1.000000
1619,162.899999999994975,162.899999999994975,0.999999999999831,0.999999999999831
1620,163.000000,163.000000,1.000000,1.000000
1620,162.999999999994969,162.999999999994969,0.999999999999847,0.999999999999847
1621,163.100000,163.100000,1.000000,1.000000
1621,163.099999999994964,163.099999999994964,0.999999999999863,0.999999999999863
1622,163.200000,163.200000,1.000000,1.000000
1622,163.199999999994958,163.199999999994958,0.999999999999879,0.999999999999879
1623,163.300000,163.300000,1.000000,1.000000
1623,163.299999999994952,163.299999999994952,0.999999999999895,0.999999999999895
1624,163.400000,163.400000,1.000000,1.000000
1624,163.399999999994947,163.399999999994947,0.999999999999911,0.999999999999911
1625,163.500000,163.500000,1.000000,1.000000
1625,163.499999999994941,163.499999999994941,0.999999999999926,0.999999999999926
1626,163.600000,163.600000,1.000000,1.000000
1626,163.599999999994935,163.599999999994935,0.999999999999942,0.999999999999942
1627,163.700000,163.700000,1.000000,1.000000
1627,163.699999999994930,163.699999999994930,0.999999999999958,0.999999999999958
1628,163.800000,163.800000,1.000000,1.000000
1628,163.799999999994924,163.799999999994924,0.999999999999974,0.999999999999974
1629,163.900000,163.900000,1.000000,1.000000
1629,163.899999999994918,163.899999999994918,0.999999999999990,0.999999999999990
1630,164.000000,164.000000,1.000000,1.000000
1630,163.999999999994913,163.999999999994913,1.000000000000006,1.000000000000006
1631,164.100000,164.100000,1.000000,1.000000
1631,164.099999999994907,164.099999999994907,1.000000000000022,1.000000000000022
1632,164.200000,164.200000,1.000000,1.000000
1632,164.199999999994901,164.199999999994901,1.000000000000037,1.000000000000037
1633,164.300000,164.300000,1.000000,1.000000
1633,164.299999999994895,164.299999999994895,1.000000000000053,1.000000000000053
1634,164.400000,164.400000,1.000000,1.000000
1634,164.399999999994890,164.399999999994890,1.000000000000069,1.000000000000069
1635,164.500000,164.500000,1.000000,1.000000
1635,164.499999999994884,164.499999999994884,1.000000000000085,1.000000000000085
1636,164.600000,164.600000,1.000000,1.000000
1636,164.599999999994878,164.599999999994878,1.000000000000100,1.000000000000100
1637,164.700000,164.700000,1.000000,1.000000
1637,164.699999999994901,164.699999999994901,1.000000000000108,1.000000000000108
1638,164.800000,164.800000,1.000000,1.000000
1638,164.799999999994924,164.799999999994924,1.000000000000108,1.000000000000108
1639,164.900000,164.900000,1.000000,1.000000
1639,164.899999999994947,164.899999999994947,1.000000000000100,1.000000000000100
1640,165.000000,165.000000,1.000000,1.000000
1640,164.999999999994969,164.999999999994969,1.000000000000085,1.000000000000085
1641,165.100000,165.100000,1.000000,1.000000
1641,165.099999999994964,165.099999999994964,1.000000000000069,1.000000000000069
1642,165.200000,165.200000,1.000000,1.000000
1642,165.199999999994958,165.199999999994958,1.000000000000053,1.000000000000053
1643,165.300000,165.300000,1.000000,1.000000
1643,165.299999999994952,165.299999999994952,1.000000000000037,1.000000000000037
1644,165.400000,165.400000,1.000000,1.000000
1644,165.399999999994947,165.399999999994947,1.000000000000022,1.000000000000022
1645,165.500000,165.500000,1.000000,1.000000
1645,165.499999999994941,165.499999999994941,1.000000000000006,1.000000000000006
1646,165.600000,165.600000,1.000000,1.000000
1646,165.599999999994935,165.599999999994935,0.999999999999990,0.999999999999990
1647,165.700000,165.700000,1.000000,1.000000
1647,165.699999999994930,165.699999999994930,0.999999999999974,0.999999999999974
1648,165.800000,165.800000,1.000000,1.000000
1648,165.799999999994924,165.799999999994924,0.999999999999958,0.999999999999958
1649,165.900000,165.900000,1.000000,1.000000
1649,165.899999999994918,165.899999999994918,0.999999999999942,0.999999999999942
1650,166.000000,166.000000,1.000000,1.000000
1650,165.999999999994913,165.999999999994913,0.999999999999926,0.999999999999926
1651,166.100000,166.100000,1.000000,1.000000
1651,166.099999999994907,166.099999999994907,0.999999999999911,0.999999999999911
1652,166.200000,166.200000,1.000000,1.000000
1652,166.199999999994901,166.199999999994901,0.999999999999895,0.999999999999895
1653,166.300000,166.300000,1.000000,1.000000
1653,166.299999999994895,166.299999999994895,0.999999999999879,0.999999999999879
1654,166.400000,166.400000,1.000000,1.000000
1654,166.399999999994890,166.399999999994890,0.999999999999863,0.999999999999863
1655,166.500000,166.500000,1.000000,1.000000
1655,166.499999999994884,166.499999999994884,0.999999999999847,0.999999999999847
1656,166.600000,166.600000,1.000000,1.000000
1656,166.599999999994878,166.599999999994878,0.999999999999831,0.999999999999831
1657,166.700000,166.700000,1.000000,1.000000
1657,166.699999999994873,166.699999999994873,0.999999999999815,0.999999999999815
1658,166.800000,166.800000,1.000000,1.000000
1658,166.799999999994867,166.799999999994867,0.999999999999799,0.999999999999799
1659,166.900000,166.900000,1.000000,1.000000
1659,166.899999999994833,166.899999999994833,0.999999999999792,0.999999999999792
1660,167.000000,167.000000,1.000000,1.000000
1660,166.999999999994799,166.999999999994799,0.999999999999792,0.999999999999792
1661,167.100000,167.100000,1.000000,1.000000
1661,167.099999999994765,167.099999999994765,0.999999999999799,0.999999999999799
1662,167.200000,167.200000,1.000000,1.000000
1662,167.199999999994731,167.199999999994731,0.999999999999815,0.999999999999815
1663,167.300000,167.300000,1.000000,1.000000
1663,167.299999999994725,167.299999999994725,0.999999999999831,0.999999999999831
1664,167.400000,167.400000,1.000000,1.000000
1664,167.399999999994719,167.399999999994719,0.999999999999847,0.999999999999847
1665,167.500000,167.500000,1.000000,1.000000
1665,167.499999999994714,167.499999999994714,0.999999999999863,0.999999999999863
1666,167.600000,167.600000,1.000000,1.000000
1666,167.599999999994708,167.599999999994708,0.999999999999879,0.999999999999879
1667,167.700000,167.700000,1.000000,1.000000
1667,167.699999999994702,167.699999999994702,0.999999999999895,0.999999999999895
1668,167.800000,167.800000,1.000000,1.000000
1668,167.799999999994697,167.799999999994697,0.999999999999911,0.999999999999911
1669,167.900000,167.900000,1.000000,1.000000
1669,167.899999999994691,167.899999999994691,0.999999999999926,0.999999999999926
1670,168.000000,168.000000,1.000000,1.000000
1670,167.999999999994685,167.999999999994685,0.999999999999942,0.999999999999942
1671,168.100000,168.100000,1.000000,1.000000
1671,168.099999999994679,168.099999999994679,0.999999999999958,0.999999999999958
1672,168.200000,168.200000,1.000000,1.000000
1672,168.199999999994674,168.199999999994674,0.999999999999974,0.999999999999974
1673,168.300000,168.300000,1.000000,1.000000
1673,168.299999999994668,168.299999999994668,0.999999999999990,0.999999999999990
1674,168.400000,168.400000,1.000000,1.000000
1674,168.399999999994662,168.399999999994662,1.000000000000006,1.000000000000006
1675,168.500000,168.500000,1.000000,1.000000
1675,168.499999999994657,168.499999999994657,1.000000000000022,1.000000000000022
1676,168.600000,168.600000,1.000000,1.000000
1676,168.599999999994651,168.599999999994651,1.000000000000037,1.000000000000037
1677,168.700000,168.700000,1.000000,1.000000
1677,168.699999999994645,168.699999999994645,1.000000000000053,1.000000000000053
1678,168.800000,168.800000,1.000000,1.000000
1678,168.799999999994640,168.799999999994640,1.000000000000069,1.000000000000069
1679,168.900000,168.900000,1.000000,1.000000
1679,168.899999999994634,168.899999999994634,1.000000000000085,1.000000000000085
1680,169.000000,169.000000,1.000000,1.000000
1680,168.999999999994628,168.999999999994628,1.000000000000100,1.000000000000100
1681,169.100000,169.100000,1.000000,1.000000
1681,169.099999999994651,169.099999999994651,1.000000000000108,1.000000000000108
1682,169.200000,169.200000,1.000000,1.000000
1682,169.199999999994674,169.199999999994674,1.000000000000108,1.000000000000108
1683,169.300000,169.300000,1.000000,1.000000
1683,169.299999999994697,169.299999999994697,1.000000000000100,1.000000000000100
1684,169.400000,169.400000,1.000000,1.000000
1684,169.399999999994719,169.399999999994719,1.000000000000085,1.000000000000085
1685,169.500000,169.500000,1.000000,1.000000
1685,169.499999999994714,169.499999999994714,1.000000000000069,1.000000000000069
1686,169.600000,169.600000,1.000000,1.000000
1686,169.599999999994708,169.599999999994708,1.000000000000053,1.000000000000053
1687,169.700000,169.700000,1.000000,1.000000
1687,169.699999999994702,169.699999999994702,1.000000000000037,1.000000000000037
1688,169.800000,169.800000,1.000000,1.000000
1688,169.799999999994697,169.799999999994697,1.000000000000022,1.000000000000022
1689,169.900000,169.900000,1.000000,1.000000
1689,169.899999999994691,169.899999999994691,1.000000000000006,1.000000000000006
1690,170.000000,170.000000,1.000000,1.000000
1690,169.999999999994685,169.999999999994685,0.999999999999990,0.999999999999990
1691,170.100000,170.100000,1.000000,1.000000
1691,170.099999999994679,170.099999999994679,0.999999999999974,0.999999999999974
1692,170.200000,170.200000,1.000000,1.000000
1692,170.199999999994674,170.199999999994674,0.999999999999958,0.999999999999958
1693,170.300000,170.300000,1.000000,1.000000
1693,170.299999999994668,170.299999999994668,0.999999999999942,0.999999999999942
1694,170.400000,170.400000,1.000000,1.000000
1694,170.399999999994662,170.399999999994662,0.999999999999926,0.999999999999926
1695,170.500000,170.500000,1.000000,1.000000
1695,170.499999999994657,170.499999999994657,0.999999999999911,0.999999999999911
1696,170.600000,170.600000,1.000000,1.000000
1696,170.599999999994651,170.599999999994651,0.999999999999895,0.999999999999895
1697,170.700000,170.700000,1.000000,1.000000
1697,170.699999999994645,170.699999999994645,0.999999999999879,0.999999999999879
1698,170.800000,170.800000,1.000000,1.000000
1698,170.799999999994640,170.799999999994640,0.999999999999863,0.999999999999863
1699,170.900000,170.900000,1.000000,1.000000
1699,170.899999999994634,170.899999999994634,0.999999999999847,0.999999999999847
1700,171.000000,171.000000,1.000000,1.000000
1700,170.999999999994628,170.999999999994628,0.999999999999831,0.999999999999831
1701,171.100000,171.100000,1.000000,1.000000
1701,171.099999999994623,171.099999999994623,0.999999999999815,0.999999999999815
1702,171.200000,171.200000,1.000000,1.000000
1702,171.199999999994617,171.199999999994617,0.999999999999799,0.999999999999799
1703,171.300000,171.300000,1.000000,1.000000
1703,171.299999999994583,171.299999999994583,0.999999999999792,0.999999999999792
1704,171.400000,171.400000,1.000000,1.000000
1704,171.399999999994549,171.399999999994549,0.999999999999792,0.999999999999792
1705,171.500000,171.500000,1.000000,1.000000
1705,171.499999999994515,171.499999999994515,0.999999999999799,0.999999999999799
1706,171.600000,171.600000,1.000000,1.000000
1706,171.599999999994481,171.599999999994481,0.999999999999815,0.999999999999815
1707,171.700000,171.700000,1.000000,1.000000
1707,171.699999999994475,171.699999999994475,0.999999999999831,0.999999999999831
1708,171.800000,171.800000,1.000000,1.000000
1708,171.799999999994469,171.799999999994469,0.999999999999847,0.999999999999847
1709,171.900000,171.900000,1.000000,1.000000
1709,171.899999999994463,171.899999999994463,0.999999999999863,0.999999999999863
1710,172.000000,172.000000,1.000000,1.000000
1710,171.999999999994458,171.999999999994458,0.999999999999879,0.999999999999879
1711,172.100000,172.100000,1.000000,1.000000
1711,172.099999999994452,172.099999999994452,0.999999999999895,0.999999999999895
1712,172.200000,172.200000,1.000000,1.000000
1712,172.199999999994446,172.199999999994446,0.999999999999911,0.999999999999911
1713,172.300000,172.300000,1.000000,1.000000
1713,172.299999999994441,172.299999999994441,0.999999999999926,0.999999999999926
1714,172.400000,172.400000,1.000000,1.000000
1714,172.399999999994435,172.399999999994435,0.999999999999942,0.999999999999942
1715,172.500000,172.500000,1.000000,1.000000
1715,172.499999999994429,172.499999999994429,0.999999999999958,0.999999999999958
1716,172.600000,172.600000,1.000000,1.000000
1716,172.599999999994424,172.599999999994424,0.999999999999974,0.999999999999974
1717,172.700000,172.700000,1.000000,1.000000
1717,172.699999999994418,172.699999999994418,0.999999999999990,0.999999999999990
1718,172.800000,172.800000,1.000000,1.000000
1718,172.799999999994412,172.799999999994412,1.000000000000006,1.000000000000006
1719,172.900000,172.900000,1.000000,1.000000
1719,172.899999999994407,172.899999999994407,1.000000000000022,1.000000000000022
1720,173.000000,173.000000,1.000000,1.000000
1720,172.999999999994401,172.999999999994401,1.000000000000037,1.000000000000037
1721,173.100000,173.100000,1.000000,1.000000
1721,173.099999999994395,173.099999999994395,1.000000000000053,1.000000000000053
1722,173.200000,173.200000,1.000000,1.000000
1722,173.199999999994390,173.199999999994390,1.000000000000069,1.000000000000069
1723,173.300000,173.300000,1.000000,1.000000
1723,173.299999999994384,173.299999999994384,1.000000000000085,1.000000000000085
1724,173.400000,173.400000,1.000000,1.000000
1724,173.399999999994378,173.399999999994378,1.000000000000100,1.000000000000100
1725,173.500000,173.500000,1.000000,1.000000
1725,173.499999999994401,173.499999999994401,1.000000000000108,1.000000000000108
1726,173.600000,173.600000,1.000000,1.000000
1726,173.599999999994424,173.599999999994424,1.000000000000108,1.000000000000108
1727,173.700000,173.700000,1.000000,1.000000
1727,173.699999999994446,173.699999999994446,1.000000000000100,1.000000000000100
1728,173.800000,173.800000,1.000000,1.000000
1728,173.799999999994469,173.799999999994469,1.000000000000085,1.000000000000085
1729,173.900000,173.900000,1.000000,1.000000
1729,173.899999999994463,173.899999999994463,1.000000000000069,1.000000000000069
1730,174.000000,174.000000,1.000000,1.000000
1730,173.999999999994458,173.999999999994458,1.000000000000053,1.000000000000053
1731,174.100000,174.100000,1.000000,1.000000
1731,174.099999999994452,174.099999999994452,1.000000000000037,1.000000000000037
1732,174.200000,174.200000,1.000000,1.000000
1732,174.199999999994446,174.199999999994446,1.000000000000022,1.000000000000022
1733,174.300000,174.300000,1.000000,1.000000
1733,174.299999999994441,174.299999999994441,1.000000000000006,1.000000000000006
1734,174.400000,174.400000,1.000000,1.000000
1734,174.399999999994435,174.399999999994435,0.999999999999990,0.999999999999990
1735,174.500000,174.500000,1.000000,1.000000
1735,174.499999999994429,174.499999999994429,0.999999999999974,0.999999999999974
1736,174.600000,174.600000,1.000000,1.000000
1736,174.599999999994424,174.599999999994424,0.999999999999958,0.999999999999958
1737,174.700000,174.700000,1.000000,1.000000
1737,174.699999999994418,174.699999999994418,0.999999999999942,0.999999999999942
1738,174.800000,174.800000,1.000000,1.000000
1738,174.799999999994412,174.799999999994412,0.999999999999926,0.999999999999926
1739,174.900000,174.900000,1.000000,1.000000
1739,174.899999999994407,174.899999999994407,0.999999999999911,0.999999999999911
1740,175.000000,175.000000,1.000000,1.000000
1740,174.999999999994401,174.999999999994401,0.999999999999895,0.999999999999895
1741,175.100000,175.100000,1.000000,1.000000
1741,175.099999999994395,175.099999999994395,0.999999999999879,0.999999999999879
1742,175.200000,175.200000,1.000000,1.000000
1742,175.199999999994390,175.199999999994390,0.999999999999863,0.999999999999863
1743,175.300000,175.300000,1.000000,1.000000
1743,175.299999999994384,175.299999999994384,0.999999999999847,0.999999999999847
1744,175.400000,175.400000,1.000000,1.000000
1744,175.399999999994378,175.399999999994378,0.999999999999831,0.999999999999831
1745,175.500000,175.500000,1.000000,1.000000
1745,175.499999999994373,175.499999999994373,0.999999999999815,0.999999999999815
1746,175.600000,175.600000,1.000000,1.000000
1746,175.599999999994367,175.599999999994367,0.999999999999799,0.999999999999799
1747,175.700000,175.700000,1.000000,1.000000
1747,175.699999999994333,175.699999999994333,0.999999999999792,0.999999999999792
1748,175.800000,175.800000,1.000000,1.000000
1748,175.799999999994299,175.799999999994299,0.999999999999792,0.999999999999792
1749,175.900000,175.900000,1.000000,1.000000
1749,175.899999999994264,175.899999999994264,0.999999999999799,0.999999999999799
1750,176.000000,176.000000,1.000000,1.000000
1750,175.999999999994230,175.999999999994230,0.999999999999815,0.999999999999815
1751,176.100000,176.100000,1.000000,1.000000
1751,176.099999999994225,176.099999999994225,0.999999999999831,0.999999999999831
1752,176.200000,176.200000,1.000000,1.000000
1752,176.199999999994219,176.199999999994219,0.999999999999847,0.999999999999847
1753,176.300000,176.300000,1.000000,1.000000
1753,176.299999999994213,176.299999999994213,0.999999999999863,0.999999999999863
1754,176.400000,176.400000,1.000000,1.000000
1754,176.399999999994208,176.399999999994208,0.999999999999879,0.999999999999879
1755,176.500000,176.500000,1.000000,1.000000
1755,176.499999999994202,176.499999999994202,0.999999999999895,0.999999999999895
1756,176.600000,176.600000,1.000000,1.000000
1756,176.599999999994196,176.599999999994196,0.999999999999911,0.999999999999911
1757,176.700000,176.700000,1.000000,1.000000
1757,176.699999999994191,176.699999999994191,0.999999999999926,0.999999999999926
1758,176.800000,176.800000,1.000000,1.000000
1758,176.799999999994185,176.799999999994185,0.999999999999942,0.999999999999942
1759,176.900000,176.900000,1.000000,1.000000
1759,176.899999999994179,176.899999999994179,0.999999999999958,0.999999999999958
1760,177.000000,177.000000,1.000000,1.000000
1760,176.999999999994174,176.999999999994174,0.999999999999974,0.999999999999974
1761,177.100000,177.100000,1.000000,1.000000
1761,177.099999999994168,177.099999999994168,0.999999999999990,0.999999999999990
1762,177.200000,177.200000,1.000000,1.000000
1762,177.199999999994162,177.199999999994162,1.000000000000006,1.000000000000006
1763,177.300000,177.300000,1.000000,1.000000
1763,177.299999999994156,177.299999999994156,1.000000000000022,1.000000000000022
1764,177.400000,177.400000,1.000000,1.000000
1764,177.399999999994151,177.399999999994151,1.000000000000037,1.000000000000037
1765,177.500000,177.500000,1.000000,1.000000
1765,177.499999999994145,177.499999999994145,1.000000000000053,1.000000000000053
1766,177.600000,177.600000,1.000000,1.000000
1766,177.599999999994139,177.599999999994139,1.000000000000069,1.000000000000069
1767,177.700000,177.700000,1.000000,1.000000
1767,177.699999999994134,177.699999999994134,1.000000000000085,1.000000000000085
1768,177.800000,177.800000,1.000000,1.000000
1768,177.799999999994128,177.799999999994128,1.000000000000100,1.000000000000100
1769,177.900000,177.900000,1.000000,1.000000
1769,177.899999999994151,177.899999999994151,1.000000000000108,1.000000000000108
1770,178.000000,178.000000,1.000000,1.000000
1770,177.999999999994174,177.999999999994174,1.000000000000108,1.000000000000108
1771,178.100000,178.100000,1.000000,1.000000
1771,178.099999999994196,178.099999999994196,1.000000000000100,1.000000000000100
1772,178.200000,178.200000,1.000000,1.000000
1772,178.199999999994219,178.199999999994219,1.000000000000085,1.000000000000085
1773,178.300000,178.300000,1.000000,1.000000
1773,178.299999999994213,178.299999999994213,1.000000000000069,1.000000000000069
1774,178.400000,178.400000,1.000000,1.000000
1774,178.399999999994208,178.399999999994208,1.000000000000053,1.000000000000053
1775,178.500000,178.500000,1.000000,1.000000
1775,178.499999999994202,178.499999999994202,1.000000000000037,1.000000000000037
1776,178.600000,178.600000,1.000000,1.000000
1776,178.599999999994196,178.599999999994196,1.000000000000022,1.000000000000022
1777,178.700000,178.700000,1.000000,1.000000
1777,178.699999999994191,178.699999999994191,1.000000000000006,1.000000000000006
1778,178.800000,178.800000,1.000000,1.000000
1778,178.799999999994185,178.799999999994185,0.999999999999990,0.999999999999990
1779,178.900000,178.900000,1.000000,1.000000
1779,178.899999999994179,178.899999999994179,0.999999999999974,0.999999999999974
1780,179.000000,179.000000,1.000000,1.000000
1780,178.999999999994174,178.999999999994174,0.999999999999958,0.999999999999958
1781,179.100000,179.100000,1.000000,1.000000
1781,179.099999999994168,179.099999999994168,0.999999999999942,0.999999999999942
1782,179.200000,179.200000,1.000000,1.000000
1782,179.199999999994162,179.199999999994162,0.999999999999926,0.999999999999926
1783,179.300000,179.300000,1.000000,1.000000
1783,179.299999999994156,179.299999999994156,0.999999999999911,0.999999999999911
1784,179.400000,179.400000,1.000000,1.000000
1784,179.399999999994151,179.399999999994151,0.999999999999895,0.999999999999895
1785,179.500000,179.500000,1.000000,1.000000
1785,179.499999999994145,179.499999999994145,0.999999999999879,0.999999999999879
1786,179.600000,179.600000,1.000000,1.000000
1786,179.599999999994139,179.599999999994139,0.999999999999863,0.999999999999863
1787,179.700000,179.700000,1.000000,1.000000
1787,179.699999999994134,179.699999999994134,0.999999999999847,0.999999999999847
1788,179.800000,179.800000,1.000000,1.000000
1788,179.799999999994128,179.799999999994128,0.999999999999831,0.999999999999831
1789,179.900000,179.900000,1.000000,1.000000
1789,179.899999999994122,179.899999999994122,0.999999999999815,0.999999999999815
1790,180.000000,180.000000,1.000000,1.000000
1790,179.999999999994117,179.999999999994117,0.999999999999799,0.999999999999799
1791,180.100000,180.100000,1.000000,1.000000
1791,180.099999999994083,180.099999999994083,0.999999999999792,0.999999999999792
1792,180.200000,180.200000,1.000000,1.000000
1792,180.199999999994048,180.199999999994048,0.999999999999792,0.999999999999792
1793,180.300000,180.300000,1.000000,1.000000
1793,180.299999999994014,180.299999999994014,0.999999999999799,0.999999999999799
1794,180.400000,180.400000,1.000000,1.000000
1794,180.399999999993980,180.399999999993980,0.999999999999815,0.999999999999815
1795,180.500000,180.500000,1.000000,1.000000
1795,180.499999999993975,180.499999999993975,0.999999999999831,0.999999999999831
1796,180.600000,180.600000,1.000000,1.000000
1796,180.599999999993969,180.599999999993969,0.999999999999847,0.999999999999847
1797,180.700000,180.700000,1.000000,1.000000
1797,180.699999999993963,180.699999999993963,0.999999999999863,0.999999999999863
1798,180.800000,180.800000,1.000000,1.000000
1798,180.799999999993958,180.799999999993958,0.999999999999879,0.999999999999879
1799,180.900000,180.900000,1.000000,1.000000
1799,180.899999999993952,180.899999999993952,0.999999999999895,0.999999999999895
1800,181.000000,181.000000,1.000000,1.000000
1800,180.999999999993946,180.999999999993946,0.999999999999911,0.999999999999911
1801,181.100000,181.100000,1.000000,1.000000
1801,181.099999999993940,181.099999999993940,0.999999999999926,0.999999999999926
1802,181.200000,181.200000,1.000000,1.000000
1802,181.199999999993935,181.199999999993935,0.999999999999942,0.999999999999942
1803,181.300000,181.300000,1.000000,1.000000
1803,181.299999999993929,181.299999999993929,0.999999999999958,0.999999999999958
1804,181.400000,181.400000,1.000000,1.000000
1804,181.399999999993923,181.399999999993923,0.999999999999974,0.999999999999974
1805,181.500000,181.500000,1.000000,1.000000
1805,181.499999999993918,181.499999999993918,0.999999999999990,0.999999999999990
1806,181.600000,181.600000,1.000000,1.000000
1806,181.599999999993912,181.599999999993912,1.000000000000006,1.000000000000006
1807,181.700000,181.700000,1.000000,1.000000
1807,181.699999999993906,181.699999999993906,1.000000000000022,1.000000000000022
1808,181.800000,181.800000,1.000000,1.000000
1808,181.799999999993901,181.799999999993901,1.000000000000037,1.000000000000037
1809,181.900000,181.900000,1.000000,1.000000
1809,181.899999999993895,181.899999999993895,1.000000000000053,1.000000000000053
1810,182.000000,182.000000,1.000000,1.000000
1810,181.999999999993889,181.999999999993889,1.000000000000069,1.000000000000069
1811,182.100000,182.100000,1.000000,1.000000
1811,182.099999999993884,182.099999999993884,1.000000000000085,1.000000000000085
1812,182.200000,182.200000,1.000000,1.000000
1812,182.199999999993878,182.199999999993878,1.000000000000100,1.000000000000100
1813,182.300000,182.300000,1.000000,1.000000
1813,182.299999999993901,182.299999999993901,1.000000000000108,1.000000000000108
1814,182.400000,182.400000,1.000000,1.000000
1814,182.399999999993923,182.399999999993923,1.000000000000108,1.000000000000108
1815,182.500000,182.500000,1.000000,1.000000
1815,182.499999999993946,182.499999999993946,1.000000000000100,1.000000000000100
1816,182.600000,182.600000,1.000000,1.000000
1816,182.599999999993969,182.599999999993969,1.000000000000085,1.000000000000085
1817,182.700000,182.700000,1.000000,1.000000
1817,182.699999999993963,182.699999999993963,1.000000000000069,1.000000000000069
1818,182.800000,182.800000,1.000000,1.000000
1818,182.799999999993958,182.799999999993958,1.000000000000053,1.000000000000053
1819,182.900000,182.900000,1.000000,1.000000
1819,182.899999999993952,182.899999999993952,1.000000000000037,1.000000000000037
1820,183.000000,183.000000,1.000000,1.000000
1820,182.999999999993946,182.999999999993946,1.000000000000022,1.000000000000022
1821,183.100000,183.100000,1.000000,1.000000
1821,183.099999999993940,183.099999999993940,1.000000000000006,1.000000000000006
1822,183.200000,183.200000,1.000000,1.000000
1822,183.199999999993935,183.199999999993935,0.999999999999990,0.999999999999990
1823,183.300000,183.300000,1.000000,1.000000
1823,183.299999999993929,183.299999999993929,0.999999999999974,0.999999999999974
1824,183.400000,183.400000,1.000000,1.000000
1824,183.399999999993923,183.399999999993923,0.999999999999958,0.999999999999958
1825,183.500000,183.500000,1.000000,1.000000
1825,183.499999999993918,183.499999999993918,0.999999999999942,0.999999999999942
1826,183.600000,183.600000,1.000000,1.000000
1826,183.599999999993912,183.599999999993912,0.999999999999926,0.999999999999926
1827,183.700000,183.700000,1.000000,1.000000
1827,183.699999999993906,183.699999999993906,0.999999999999911,0.999999999999911
1828,183.800000,183.800000,1.000000,1.000000
1828,183.799999999993901,183.799999999993901,0.999999999999895,0.999999999999895
1829,183.900000,183.900000,1.000000,1.000000
1829,183.899999999993895,183.899999999993895,0.999999999999879,0.999999999999879
1830,184.000000,184.000000,1.000000,1.000000
1830,183.999999999993889,183.999999999993889,0.999999999999863,0.999999999999863
1831,184.100000,184.100000,1.000000,1.000000
1831,184.099999999993884,184.099999999993884,0.999999999999847,0.999999999999847
1832,184.200000,184.200000,1.000000,1.000000
1832,184.199999999993878,184.199999999993878,0.999999999999831,0.999999999999831
1833,184.300000,184.300000,1.000000,1.000000
1833,184.299999999993872,184.299999999993872,0.999999999999815,0.999999999999815
1834,184.400000,184.400000,1.000000,1.000000
1834,184.399999999993867,184.399999999993867,0.999999999999799,0.999999999999799
1835,184.500000,184.500000,1.000000,1.000000
1835,184.499999999993832,184.499999999993832,0.999999999999792,0.999999999999792
1836,184.600000,184.600000,1.000000,1.000000
1836,184.599999999993798,184.599999999993798,0.999999999999792,0.999999999999792
1837,184.700000,184.700000,1.000000,1.000000
1837,184.699999999993764,184.699999999993764,0.999999999999799,0.999999999999799
1838,184.800000,184.800000,1.000000,1.000000
1838,184.799999999993730,184.799999999993730,0.999999999999815,0.999999999999815
1839,184.900000,184.900000,1.000000,1.000000
1839,184.899999999993724,184.899999999993724,0.999999999999831,0.999999999999831
1840,185.000000,185.000000,1.000000,1.000000
1840,184.999999999993719,184.999999999993719,0.999999999999847,0.999999999999847
1841,185.100000,185.100000,1.000000,1.000000
1841,185.099999999993713,185.099999999993713,0.999999999999863,0.999999999999863
1842,185.200000,185.200000,1.000000,1.000000
1842,185.199999999993707,185.199999999993707,0.999999999999879,0.999999999999879
1843,185.300000,185.300000,1.000000,1.000000
1843,185.299999999993702,185.299999999993702,0.999999999999895,0.999999999999895
1844,185.400000,185.400000,1.000000,1.000000
1844,185.399999999993696,185.399999999993696,0.999999999999911,0.999999999999911
1845,185.500000,185.500000,1.000000,1.000000
1845,185.499999999993690,185.499999999993690,0.999999999999926,0.999999999999926
1846,185.600000,185.600000,1.000000,1.000000
1846,185.599999999993685,185.599999999993685,0.999999999999942,0.999999999999942
1847,185.700000,185.700000,1.000000,1.000000
1847,185.699999999993679,185.699999999993679,0.999999999999958,0.999999999999958
1848,185.800000,185.800000,1.000000,1.000000
1848,185.799999999993673,185.799999999993673,0.999999999999974,0.999999999999974
1849,185.900000,185.900000,1.000000,1.000000
1849,185.899999999993668,185.899999999993668,0.999999999999990,0.999999999999990
1850,186.000000,186.000000,1.000000,1.000000
1850,185.999999999993662,185.999999999993662,1.000000000000006,1.000000000000006
1851,186.100000,186.100000,1.000000,1.000000
1851,186.099999999993656,186.099999999993656,1.000000000000022,1.000000000000022
1852,186.200000,186.200000,1.000000,1.000000
1852,186.199999999993651,186.199999999993651,1.000000000000037,1.000000000000037
1853,186.300000,186.300000,1.000000,1.000000
1853,186.299999999993645,186.299999999993645,1.000000000000053,1.000000000000053
1854,186.400000,186.400000,1.000000,1.000000
1854,186.399999999993639,186.399999999993639,1.000000000000069,1.000000000000069
1855,186.500000,186.500000,1.000000,1.000000
1855,186.499999999993634,186.499999999993634,1.000000000000085,1.000000000000085
1856,186.600000,186.600000,1.000000,1.000000
1856,186.599999999993628,186.599999999993628,1.000000000000100,1.000000000000100
1857,186.700000,186.700000,1.000000,1.000000
1857,186.699999999993651,186.699999999993651,1.000000000000108,1.000000000000108
1858,186.800000,186.800000,1.000000,1.000000
1858,186.799999999993673,186.799999999993673,1.000000000000108,1.000000000000108
1859,186.900000,186.900000,1.000000,1.000000
1859,186.899999999993696,186.899999999993696,1.000000000000100,1.000000000000100
1860,187.000000,187.000000,1.000000,1.000000
1860,186.999999999993719,186.999999999993719,1.000000000000085,1.000000000000085
1861,187.100000,187.100000,1.000000,1.000000
1861,187.099999999993713,187.099999999993713,1.000000000000069,1.000000000000069
1862,187.200000,187.200000,1.000000,1.000000
1862,187.199999999993707,187.199999999993707,1.000000000000053,1.000000000000053
1863,187.300000,187.300000,1.000000,1.000000
1863,187.299999999993702,187.299999999993702,1.000000000000037,1.000000000000037
1864,187.400000,187.400000,1.000000,1.000000
1864,187.399999999993696,187.399999999993696,1.000000000000022,1.000000000000022
1865,187.500000,187.500000,1.000000,1.000000
1865,187.499999999993690,187.499999999993690,1.000000000000006,1.000000000000006
1866,187.600000,187.600000,1.000000,1.000000
1866,187.599999999993685,187.599999999993685,0.999999999999990,0.999999999999990
1867,187.700000,187.700000,1.000000,1.000000
1867,187.699999999993679,187.699999999993679,0.999999999999974,0.999999999999974
1868,187.800000,187.800000,1.000000,1.000000
1868,187.799999999993673,187.799999999993673,0.999999999999958,0.999999999999958
1869,187.900000,187.900000,1.000000,1.000000
1869,187.899999999993668,187.899999999993668,0.999999999999942,0.999999999999942
1870,188.000000,188.000000,1.000000,1.000000
1870,187.999999999993662,187.999999999993662,0.999999999999926,0.999999999999926
1871,188.100000,188.100000,1.000000,1.000000
1871,188.099999999993656,188.099999999993656,0.999999999999911,0.999999999999911
1872,188.200000,188.200000,1.000000,1.000000
1872,188.199999999993651,188.199999999993651,0.999999999999895,0.999999999999895
1873,188.300000,188.300000,1.000000,1.000000
1873,188.299999999993645,188.299999999993645,0.999999999999879,0.999999999999879
1874,188.400000,188.400000,1.000000,1.000000
1874,188.399999999993639,188.399999999993639,0.999999999999863,0.999999999999863
1875,188.500000,188.500000,1.000000,1.000000
1875,188.499999999993634,188.499999999993634,0.999999999999847,0.999999999999847
1876,188.600000,188.600000,1.000000,1.000000
1876,188.599999999993628,188.599999999993628,0.999999999999831,0.999999999999831
1877,188.700000,188.700000,1.000000,1.000000
1877,188.699999999993622,188.699999999993622,0.999999999999815,0.999999999999815
1878,188.800000,188.800000,1.000000,1.000000
1878,188.799999999993616,188.799999999993616,0.999999999999799,0.999999999999799
1879,188.900000,188.900000,1.000000,1.000000
1879,188.899999999993582,188.899999999993582,0.999999999999792,0.999999999999792
1880,189.000000,189.000000,1.000000,1.000000
1880,188.999999999993548,188.999999999993548,0.999999999999792,0.999999999999792
1881,189.100000,189.100000,1.000000,1.000000
1881,189.099999999993514,189.099999999993514,0.999999999999799,0.999999999999799
1882,189.200000,189.200000,1.000000,1.000000
1882,189.199999999993480,189.199999999993480,0.999999999999815,0.999999999999815
1883,189.300000,189.300000,1.000000,1.000000
1883,189.299999999993474,189.299999999993474,0.999999999999831,0.999999999999831
1884,189.400000,189.400000,1.000000,1.000000
1884,189.399999999993469,189.399999999993469,0.999999999999847,0.999999999999847
1885,189.500000,189.500000,1.000000,1.000000
1885,189.499999999993463,189.499999999993463,0.999999999999863,0.999999999999863
1886,189.600000,189.600000,1.000000,1.000000
1886,189.599999999993457,189.599999999993457,0.999999999999879,0.999999999999879
1887,189.700000,189.700000,1.000000,1.000000
1887,189.699999999993452,189.699999999993452,0.999999999999895,0.999999999999895
1888,189.800000,189.800000,1.000000,1.000000
1888,189.799999999993446,189.799999999993446,0.999999999999911,0.999999999999911
1889,189.900000,189.900000,1.000000,1.000000
1889,189.899999999993440,189.899999999993440,0.999999999999926,0.999999999999926
1890,190.000000,190.000000,1.000000,1.000000
1890,189.999999999993435,189.999999999993435,0.999999999999942,0.999999999999942
1891,190.100000,190.100000,1.000000,1.000000
1891,190.099999999993429,190.099999999993429,0.999999999999958,0.999999999999958
1892,190.200000,190.200000,1.000000,1.000000
1892,190.199999999993423,190.199999999993423,0.999999999999974,0.999999999999974
1893,190.300000,190.300000,1.000000,1.000000
1893,190.299999999993418,190.299999999993418,0.999999999999990,0.999999999999990
1894,190.400000,190.400000,1.000000,1.000000
1894,190.399999999993412,190.399999999993412,1.000000000000006,1.000000000000006
1895,190.500000,190.500000,1.000000,1.000000
1895,190.499999999993406,190.499999999993406,1.000000000000022,1.000000000000022
1896,190.600000,190.600000,1.000000,1.000000
1896,190.599999999993400,190.599999999993400,1.000000000000037,1.000000000000037
1897,190.700000,190.700000,1.000000,1.000000
1897,190.699999999993395,190.699999999993395,1.000000000000053,1.000000000000053
1898,190.800000,190.800000,1.000000,1.000000
1898,190.799999999993389,190.799999999993389,1.000000000000069,1.000000000000069
1899,190.900000,190.900000,1.000000,1.000000
1899,190.899999999993383,190.899999999993383,1.000000000000085,1.000000000000085
1900,191.000000,191.000000,1.000000,1.000000
1900,190.999999999993378,190.999999999993378,1.000000000000100,1.000000000000100
1901,191.100000,191.100000,1.000000,1.000000
1901,191.099999999993400,191.099999999993400,1.000000000000108,1.000000000000108
1902,191.200000,191.200000,1.000000,1.000000
1902,191.199999999993423,191.199999999993423,1.000000000000108,1.000000000000108
1903,191.300000,191.300000,1.000000,1.000000
1903,191.299999999993446,191.299999999993446,1.000000000000100,1.000000000000100
1904,191.400000,191.400000,1.000000,1.000000
1904,191.399999999993469,191.399999999993469,1.000000000000085,1.000000000000085
1905,191.500000,191.500000,1.000000,1.000000
1905,191.499999999993463,191.499999999993463,1.000000000000069,1.000000000000069
1906,191.600000,191.600000,1.000000,1.000000
1906,191.599999999993457,191.599999999993457,1.000000000000053,1.000000000000053
1907,191.700000,191.700000,1.000000,1.000000
1907,191.699999999993452,191.699999999993452,1.000000000000037,1.000000000000037
1908,191.800000,191.800000,1.000000,1.000000
1908,191.799999999993446,191.799999999993446,1.000000000000022,1.000000000000022
1909,191.900000,191.900000,1.000000,1.000000
1909,191.899999999993440,191.899999999993440,1.000000000000006,1.000000000000006
1910,192.000000,192.000000,1.000000,1.000000
1910,191.999999999993435,191.999999999993435,0.999999999999990,0.999999999999990
1911,192.100000,192.100000,1.000000,1.000000
1911,192.099999999993429,192.099999999993429,0.999999999999974,0.999999999999974
1912,192.200000,192.200000,1.000000,1.000000
1912,192.199999999993423,192.199999999993423,0.999999999999958,0.999999999999958
1913,192.300000,192.300000,1.000000,1.000000
1913,192.299999999993418,192.299999999993418,0.999999999999942,0.999999999999942
1914,192.400000,192.400000,1.000000,1.000000
1914,192.399999999993412,192.399999999993412,0.999999999999926,0.999999999999926
1915,192.500000,192.500000,1.000000,1.000000
1915,192.499999999993406,192.499999999993406,0.999999999999911,0.999999999999911
1916,192.600000,192.600000,1.000000,1.000000
1916,192.599999999993400,192.599999999993400,0.999999999999895,0.999999999999895
1917,192.700000,192.700000,1.000000,1.000000
1917,192.699999999993395,192.699999999993395,0.999999999999879,0.999999999999879
1918,192.800000,192.800000,1.000000,1.000000
1918,192.799999999993389,192.799999999993389,0.999999999999863,0.999999999999863
1919,192.900000,192.900000,1.000000,1.000000
1919,192.899999999993383,192.899999999993383,0.999999999999847,0.999999999999847
1920,193.000000,193.000000,1.000000,1.000000
1920,192.999999999993378,192.999999999993378,0.999999999999831,0.999999999999831
1921,193.100000,193.100000,1.000000,1.000000
1921,193.099999999993372,193.099999999993372,0.999999999999815,0.999999999999815
1922,193.200000,193.200000,1.000000,1.000000
1922,193.199999999993366,193.199999999993366,0.999999999999799,0.999999999999799
1923,193.300000,193.300000,1.000000,1.000000
1923,193.299999999993332,193.299999999993332,0.999999999999792,0.999999999999792
1924,193.400000,193.400000,1.000000,1.000000
1924,193.399999999993298,193.399999999993298,0.999999999999792,0.999999999999792
1925,193.500000,193.500000,1.000000,1.000000
1925,193.499999999993264,193.499999999993264,0.999999999999799,0.999999999999799
1926,193.600000,193.600000,1.000000,1.000000
1926,193.599999999993230,193.599999999993230,0.999999999999815,0.999999999999815
1927,193.700000,193.700000,1.000000,1.000000
1927,193.699999999993224,193.699999999993224,0.999999999999831,0.999999999999831
1928,193.800000,193.800000,1.000000,1.000000
1928,193.799999999993219,193.799999999993219,0.999999999999847,0.999999999999847
1929,193.900000,193.900000,1.000000,1.000000
1929,193.899999999993213,193.899999999993213,0.999999999999863,0.999999999999863
1930,194.000000,194.000000,1.000000,1.000000
1930,193.999999999993207,193.999999999993207,0.999999999999879,0.999999999999879
1931,194.100000,194.100000,1.000000,1.000000
1931,194.099999999993202,194.099999999993202,0.999999999999895,0.999999999999895
1932,194.200000,194.200000,1.000000,1.000000
1932,194.199999999993196,194.199999999993196,0.999999999999911,0.999999999999911
1933,194.300000,194.300000,1.000000,1.000000
1933,194.299999999993190,194.299999999993190,0.999999999999926,0.999999999999926
1934,194.400000,194.400000,1.000000,1.000000
1934,194.399999999993184,194.399999999993184,0.999999999999942,0.999999999999942
1935,194.500000,194.500000,1.000000,1.000000
1935,194.499999999993179,194.499999999993179,0.999999999999958,0.999999999999958
1936,194.600000,194.600000,1.000000,1.000000
1936,194.599999999993173,194.599999999993173,0.999999999999974,0.999999999999974
1937,194.700000,194.700000,1.000000,1.000000
1937,194.699999999993167,194.699999999993167,0.999999999999990,0.999999999999990
1938,194.800000,194.800000,1.000000,1.000000
1938,194.799999999993162,194.799999999993162,1.000000000000006,1.000000000000006
1939,194.900000,194.900000,1.000000,1.000000
1939,194.899999999993156,194.899999999993156,1.000000000000022,1.000000000000022
1940,195.000000,195.000000,1.000000,1.000000
1940,194.999999999993150,194.999999999993150,1.000000000000037,1.000000000000037
1941,195.100000,195.100000,1.000000,1.000000
1941,195.099999999993145,195.099999999993145,1.000000000000053,1.000000000000053
1942,195.200000,195.200000,1.000000,1.000000
1942,195.199999999993139,195.199999999993139,1.000000000000069,1.000000000000069
1943,195.300000,195.300000,1.000000,1.000000
1943,195.299999999993133,195.299999999993133,1.000000000000085,1.000000000000085
1944,195.400000,195.400000,1.000000,1.000000
1944,195.399999999993128,195.399999999993128,1.000000000000100,1.000000000000100
1945,195.500000,195.500000,1.000000,1.000000
1945,195.499999999993150,195.499999999993150,1.000000000000108,1.000000000000108
1946,195.600000,195.600000,1.000000,1.000000
1946,195.599999999993173,195.599999999993173,1.000000000000108,1.000000000000108
1947,195.700000,195.700000,1.000000,1.000000
1947,195.699999999993196,195.699999999993196,1.000000000000100,1.000000000000100
1948,195.800000,195.800000,1.000000,1.000000
1948,195.799999999993219,195.799999999993219,1.000000000000085,1.000000000000085
1949,195.900000,195.900000,1.000000,1.000000
1949,195.899999999993213,195.899999999993213,1.000000000000069,1.000000000000069
1950,196.000000,196.000000,1.000000,1.000000
1950,195.999999999993207,195.999999999993207,1.000000000000053,1.000000000000053
1951,196.100000,196.100000,1.000000,1.000000
1951,196.099999999993202,196.099999999993202,1.000000000000037,1.000000000000037
1952,196.200000,196.200000,1.000000,1.000000
1952,196.199999999993196,196.199999999993196,1.000000000000022,1.000000000000022
1953,196.300000,196.300000,1.000000,1.000000
1953,196.299999999993190,196.299999999993190,1.000000000000006,1.000000000000006
1954,196.400000,196.400000,1.000000,1.000000
1954,196.399999999993184,196.399999999993184,0.999999999999990,0.999999999999990
1955,196.500000,196.500000,1.000000,1.000000
1955,196.499999999993179,196.499999999993179,0.999999999999974,0.999999999999974
1956,196.600000,196.600000,1.000000,1.000000
1956,196.599999999993173,196.599999999993173,0.999999999999958,0.999999999999958
1957,196.700000,196.700000,1.000000,1.000000
1957,196.699999999993167,196.699999999993167,0.999999999999942,0.999999999999942
1958,196.800000,196.800000,1.000000,1.000000
1958,196.799999999993162,196.799999999993162,0.999999999999926,0.999999999999926
1959,196.900000,196.900000,1.000000,1.000000
1959,196.899999999993156,196.899999999993156,0.999999999999911,0.999999999999911
1960,197.000000,197.000000,1.000000,1.000000
1960,196.999999999993150,196.999999999993150,0.999999999999895,0.999999999999895
1961,197.100000,197.100000,1.000000,1.000000
1961,197.099999999993145,197.099999999993145,0.999999999999879,0.999999999999879
1962,197.200000,197.200000,1.000000,1.000000
1962,197.199999999993139,197.199999999993139,0.999999999999863,0.999999999999863
1963,197.300000,197.300000,1.000000,1.000000
1963,197.299999999993133,197.299999999993133,0.999999999999847,0.999999999999847
1964,197.400000,197.400000,1.000000,1.000000
1964,197.399999999993128,197.399999999993128,0.999999999999831,0.999999999999831
1965,197.500000,197.500000,1.000000,1.000000
1965,197.499999999993122,197.499999999993122,0.999999999999815,0.999999999999815
1966,197.600000,197.600000,1.000000,1.000000
1966,197.599999999993116,197.599999999993116,0.999999999999799,0.999999999999799
1967,197.700000,197.700000,1.000000,1.000000
1967,197.699999999993082,197.699999999993082,0.999999999999792,0.999999999999792
1968,197.800000,197.800000,1.000000,1.000000
1968,197.799999999993048,197.799999999993048,0.999999999999792,0.999999999999792
1969,197.900000,197.900000,1.000000,1.000000
1969,197.899999999993014,197.899999999993014,0.999999999999799,0.999999999999799
1970,198.000000,198.000000,1.000000,1.000000
1970,197.999999999992980,197.999999999992980,0.999999999999815,0.999999999999815
1971,198.100000,198.100000,1.000000,1.000000
1971,198.099999999992974,198.099999999992974,0.999999999999831,0.999999999999831
1972,198.200000,198.200000,1.000000,1.000000
1972,198.199999999992968,198.199999999992968,0.999999999999847,0.999999999999847
1973,198.300000,198.300000,1.000000,1.000000
1973,198.299999999992963,198.299999999992963,0.999999999999863,0.999999999999863
1974,198.400000,198.400000,1.000000,1.000000
1974,198.399999999992957,198.399999999992957,0.999999999999879,0.999999999999879
1975,198.500000,198.500000,1.000000,1.000000
1975,198.499999999992951,198.499999999992951,0.999999999999895,0.999999999999895
1976,198.600000,198.600000,1.000000,1.000000
1976,198.599999999992946,198.599999999992946,0.999999999999911,0.999999999999911
1977,198.700000,198.700000,1.000000,1.000000
1977,198.699999999992940,198.699999999992940,0.999999999999926,0.999999999999926
1978,198.800000,198.800000,1.000000,1.000000
1978,198.799999999992934,198.799999999992934,0.999999999999942,0.999999999999942
1979,198.900000,198.900000,1.000000,1.000000
1979,198.899999999992929,198.899999999992929,0.999999999999958,0.999999999999958
1980,199.000000,199.000000,1.000000,1.000000
1980,198.999999999992923,198.999999999992923,0.999999999999974,0.999999999999974
1981,199.100000,199.100000,1.000000,1.000000
1981,199.099999999992917,199.099999999992917,0.999999999999990,0.999999999999990
1982,199.200000,199.200000,1.000000,1.000000
1982,199.199999999992912,199.199999999992912,1.000000000000006,1.000000000000006
1983,199.300000,199.300000,1.000000,1.000000
1983,199.299999999992906,199.299999999992906,1.000000000000022,1.000000000000022
1984,199.400000,199.400000,1.000000,1.000000
1984,199.399999999992900,199.399999999992900,1.000000000000037,1.000000000000037
1985,199.500000,199.500000,1.000000,1.000000
1985,199.499999999992895,199.499999999992895,1.000000000000053,1.000000000000053
1986,199.600000,199.600000,1.000000,1.000000
1986,199.599999999992889,199.599999999992889,1.000000000000069,1.000000000000069
1987,199.700000,199.700000,1.000000,1.000000
1987,199.699999999992883,199.699999999992883,1.000000000000085,1.000000000000085
1988,199.800000,199.800000,1.000000,1.000000
1988,199.799999999992878,199.799999999992878,1.000000000000100,1.000000000000100
1989,199.900000,199.900000,1.000000,1.000000
1989,199.899999999992900,199.899999999992900,1.000000000000108,1.000000000000108
1990,200.000000,200.000000,1.000000,1.000000
1990,199.999999999992923,199.999999999992923,1.000000000000108,1.000000000000108
1991,200.100000,200.100000,1.000000,1.000000
1991,200.099999999992946,200.099999999992946,1.000000000000100,1.000000000000100
1992,200.200000,200.200000,1.000000,1.000000
1992,200.199999999992968,200.199999999992968,1.000000000000085,1.000000000000085
1993,200.300000,200.300000,1.000000,1.000000
1993,200.299999999992963,200.299999999992963,1.000000000000069,1.000000000000069
1994,200.400000,200.400000,1.000000,1.000000
1994,200.399999999992957,200.399999999992957,1.000000000000053,1.000000000000053
1995,200.500000,200.500000,1.000000,1.000000
1995,200.499999999992951,200.499999999992951,1.000000000000037,1.000000000000037
1996,200.600000,200.600000,1.000000,1.000000
1996,200.599999999992946,200.599999999992946,1.000000000000022,1.000000000000022
1997,200.700000,200.700000,1.000000,1.000000
1997,200.699999999992940,200.699999999992940,1.000000000000006,1.000000000000006
1998,200.800000,200.800000,1.000000,1.000000
1998,200.799999999992934,200.799999999992934,0.999999999999990,0.999999999999990
1999,200.900000,200.900000,1.000000,1.000000
1999,200.899999999992929,200.899999999992929,0.999999999999974,0.999999999999974
2000,201.000000,201.000000,1.000000,1.000000
2000,200.999999999992923,200.999999999992923,0.999999999999958,0.999999999999958
2001,201.100000,201.100000,1.000000,1.000000
2001,201.099999999992917,201.099999999992917,0.999999999999942,0.999999999999942
2002,201.200000,201.200000,1.000000,1.000000
2002,201.199999999992912,201.199999999992912,0.999999999999926,0.999999999999926
2003,201.300000,201.300000,1.000000,1.000000
2003,201.299999999992906,201.299999999992906,0.999999999999911,0.999999999999911
2004,201.400000,201.400000,1.000000,1.000000
2004,201.399999999992900,201.399999999992900,0.999999999999895,0.999999999999895
2005,201.500000,201.500000,1.000000,1.000000
2005,201.499999999992895,201.499999999992895,0.999999999999879,0.999999999999879
2006,201.600000,201.600000,1.000000,1.000000
2006,201.599999999992889,201.599999999992889,0.999999999999863,0.999999999999863
2007,201.700000,201.700000,1.000000,1.000000
2007,201.699999999992883,201.699999999992883,0.999999999999847,0.999999999999847
2008,201.800000,201.800000,1.000000,1.000000
2008,201.799999999992878,201.799999999992878,0.999999999999831,0.999999999999831
2009,201.900000,201.900000,1.000000,1.000000
2009,201.899999999992872,201.899999999992872,0.999999999999815,0.999999999999815
2010,202.000000,202.000000,1.000000,1.000000
2010,201.999999999992866,201.999999999992866,0.999999999999799,0.999999999999799
2011,202.100000,202.100000,1.000000,1.000000
2011,202.099999999992832,202.099999999992832,0.999999999999792,0.999999999999792
2012,202.200000,202.200000,1.000000,1.000000
2012,202.199999999992798,202.199999999992798,0.999999999999792,0.999999999999792
2013,202.300000,202.300000,1.000000,1.000000
2013,202.299999999992764,202.299999999992764,0.999999999999799,0.999999999999799
2014,202.400000,202.400000,1.000000,1.000000
2014,202.399999999992730,202.399999999992730,0.999999999999815,0.999999999999815
2015,202.500000,202.500000,1.000000,1.000000
2015,202.499999999992724,202.499999999992724,0.999999999999831,0.999999999999831
2016,202.600000,202.600000,1.000000,1.000000
2016,202.599999999992718,202.599999999992718,0.999999999999847,0.999999999999847
2017,202.700000,202.700000,1.000000,1.000000
2017,202.699999999992713,202.699999999992713,0.999999999999863,0.999999999999863
2018,202.800000,202.800000,1.000000,1.000000
2018,202.799999999992707,202.799999999992707,0.999999999999879,0.999999999999879
2019,202.900000,202.900000,1.000000,1.000000
2019,202.899999999992701,202.899999999992701,0.999999999999895,0.999999999999895
2020,203.000000,203.000000,1.000000,1.000000
2020,202.999999999992696,202.999999999992696,0.999999999999911,0.999999999999911
2021,203.100000,203.100000,1.000000,1.000000
2021,203.099999999992690,203.099999999992690,0.999999999999926,0.999999999999926
2022,203.200000,203.200000,1.000000,1.000000
2022,203.199999999992684,203.199999999992684,0.999999999999942,0.999999999999942
2023,203.300000,203.300000,1.000000,1.000000
2023,203.299999999992679,203.299999999992679,0.999999999999958,0.999999999999958
2024,203.400000,203.400000,1.000000,1.000000
2024,203.399999999992673,203.399999999992673,0.999999999999974,0.999999999999974
2025,203.500000,203.500000,1.000000,1.000000
2025,203.499999999992667,203.499999999992667,0.999999999999990,0.999999999999990
2026,203.600000,203.600000,1.000000,1.000000
2026,203.599999999992662,203.599999999992662,1.000000000000006,1.000000000000006
2027,203.700000,203.700000,1.000000,1.000000
2027,203.699999999992656,203.699999999992656,1.000000000000022,1.000000000000022
2028,203.800000,203.800000,1.000000,1.000000
2028,203.799999999992650,203.799999999992650,1.000000000000037,1.000000000000037
2029,203.900000,203.900000,1.000000,1.000000
2029,203.899999999992644,203.899999999992644,1.000000000000053,1.000000000000053
2030,204.000000,204.000000,1.000000,1.000000
2030,203.999999999992639,203.999999999992639,1.000000000000069,1.000000000000069
2031,204.100000,204.100000,1.000000,1.000000
2031,204.099999999992633,204.099999999992633,1.000000000000085,1.000000000000085
2032,204.200000,204.200000,1.000000,1.000000
2032,204.199999999992627,204.199999999992627,1.000000000000100,1.000000000000100
2033,204.300000,204.300000,1.000000,1.000000
2033,204.299999999992650,204.299999999992650,1.000000000000108,1.000000000000108
2034,204.400000,204.400000,1.000000,1.000000
2034,204.399999999992673,204.399999999992673,1.000000000000108,1.000000000000108
2035,204.500000,204.500000,1.000000,1.000000
2035,204.499999999992696,204.499999999992696,1.000000000000100,1.000000000000100
2036,204.600000,204.600000,1.000000,1.000000
2036,204.599999999992718,204.599999999992718,1.000000000000085,1.000000000000085
2037,204.700000,204.700000,1.000000,1.000000
2037,204.699999999992713,204.699999999992713,1.000000000000069,1.000000000000069
2038,204.800000,204.800000,1.000000,1.000000
2038,204.799999999992707,204.799999999992707,1.000000000000053,1.000000000000053
2039,204.900000,204.900000,1.000000,1.000000
2039,204.899999999992701,204.899999999992701,1.000000000000037,1.000000000000037
2040,205.000000,205.000000,1.000000,1.000000
2040,204.999999999992696,204.999999999992696,1.000000000000022,1.000000000000022
2041,205.100000,205.100000,1.000000,1.000000
2041,205.099999999992690,205.099999999992690,1.000000000000006,1.000000000000006
2042,205.200000,205.200000,1.000000,1.000000
2042,205.199999999992684,205.199999999992684,0.999999999999990,0.999999999999990
2043,205.300000,205.300000,1.000000,1.000000
2043,205.299999999992679,205.299999999992679,0.999999999999974,0.999999999999974
2044,205.400000,205.400000,1.000000,1.000000
2044,205.399999999992673,205.399999999992673,0.999999999999958,0.999999999999958
2045,205.500000,205.500000,1.000000,1.000000
2045,205.499999999992667,205.499999999992667,0.999999999999942,0.999999999999942
2046,205.600000,205.600000,1.000000,1.000000
2046,205.599999999992662,205.599999999992662,0.999999999999926,0.999999999999926
2047,205.700000,205.700000,1.000000,1.000000
2047,205.699999999992656,205.699999999992656,0.999999999999911,0.999999999999911
2048,205.800000,205.800000,1.000000,1.000000
2048,205.799999999992650,205.799999999992650,0.999999999999895,0.999999999999895
2049,205.900000,205.900000,1.000000,1.000000
2049,205.899999999992644,205.899999999992644,0.999999999999879,0.999999999999879
2050,206.000000,206.000000,1.000000,1.000000
2050,205.999999999992639,205.999999999992639,0.999999999999863,0.999999999999863
2051,206.100000,206.100000,1.000000,1.000000
2051,206.099999999992633,206.099999999992633,0.999999999999847,0.999999999999847
2052,206.200000,206.200000,1.000000,1.000000
2052,206.199999999992627,206.199999999992627,0.999999999999831,0.999999999999831
2053,206.300000,206.300000,1.000000,1.000000
2053,206.299999999992622,206.299999999992622,0.999999999999815,0.999999999999815
2054,206.400000,206.400000,1.000000,1.000000
2054,206.399999999992616,206.399999999992616,0.999999999999799,0.999999999999799
2055,206.500000,206.500000,1.000000,1.000000
2055,206.499999999992582,206.499999999992582,0.999999999999792,0.999999999999792
2056,206.600000,206.600000,1.000000,1.000000
2056,206.599999999992548,206.599999999992548,0.999999999999792,0.999999999999792
2057,206.700000,206.700000,1.000000,1.000000
2057,206.699999999992514,206.699999999992514,0.999999999999799,0.999999999999799
2058,206.800000,206.800000,1.000000,1.000000
2058,206.799999999992480,206.799999999992480,0.999999999999815,0.999999999999815
2059,206.900000,206.900000,1.000000,1.000000
2059,206.899999999992474,206.899999999992474,0.999999999999831,0.999999999999831
2060,207.000000,207.000000,1.000000,1.000000
2060,206.999999999992468,206.999999999992468,0.999999999999847,0.999999999999847
2061,207.100000,207.100000,1.000000,1.000000
2061,207.099999999992463,207.099999999992463,0.999999999999863,0.999999999999863
2062,207.200000,207.200000,1.000000,1.000000
2062,207.199999999992457,207.199999999992457,0.999999999999879,0.999999999999879
2063,207.300000,207.300000,1.000000,1.000000
2063,207.299999999992451,207.299999999992451,0.999999999999895,0.999999999999895
2064,207.400000,207.400000,1.000000,1.000000
2064,207.399999999992446,207.399999999992446,0.999999999999911,0.999999999999911
2065,207.500000,207.500000,1.000000,1.000000
2065,207.499999999992440,207.499999999992440,0.999999999999926,0.999999999999926
2066,207.600000,207.600000,1.000000,1.000000
2066,207.599999999992434,207.599999999992434,0.999999999999942,0.999999999999942
2067,207.700000,207.700000,1.000000,1.000000
2067,207.699999999992428,207.699999999992428,0.999999999999958,0.999999999999958
2068,207.800000,207.800000,1.000000,1.000000
2068,207.799999999992423,207.799999999992423,0.999999999999974,0.999999999999974
2069,207.900000,207.900000,1.000000,1.000000
2069,207.899999999992417,207.899999999992417,0.999999999999990,0.999999999999990
2070,208.000000,208.000000,1.000000,1.000000
2070,207.999999999992411,207.999999999992411,1.000000000000006,1.000000000000006
2071,208.100000,208.100000,1.000000,1.000000
2071,208.099999999992406,208.099999999992406,1.000000000000022,1.000000000000022
2072,208.200000,208.200000,1.000000,1.000000
2072,208.199999999992400,208.199999999992400,1.000000000000037,1.000000000000037
2073,208.300000,208.300000,1.000000,1.000000
2073,208.299999999992394,208.299999999992394,1.000000000000053,1.000000000000053
2074,208.400000,208.400000,1.000000,1.000000
2074,208.399999999992389,208.399999999992389,1.000000000000069,1.000000000000069
2075,208.500000,208.500000,1.000000,1.000000
2075,208.499999999992383,208.499999999992383,1.000000000000085,1.000000000000085
2076,208.600000,208.600000,1.000000,1.000000
2076,208.599999999992377,208.599999999992377,1.000000000000100,1.000000000000100
2077,208.700000,208.700000,1.000000,1.000000
2077,208.699999999992400,208.699999999992400,1.000000000000108,1.000000000000108
2078,208.800000,208.800000,1.000000,1.000000
2078,208.799999999992423,208.799999999992423,1.000000000000108,1.000000000000108
2079,208.900000,208.900000,1.000000,1.000000
2079,208.899999999992446,208.899999999992446,1.000000000000100,1.000000000000100
2080,209.000000,209.000000,1.000000,1.000000
2080,208.999999999992468,208.999999999992468,1.000000000000085,1.000000000000085
2081,209.100000,209.100000,1.000000,1.000000
2081,209.099999999992463,209.099999999992463,1.000000000000069,1.000000000000069
2082,209.200000,209.200000,1.000000,1.000000
2082,209.199999999992457,209.199999999992457,1.000000000000053,1.000000000000053
2083,209.300000,209.300000,1.000000,1.000000
2083,209.299999999992451,209.299999999992451,1.000000000000037,1.000000000000037
2084,209.400000,209.400000,1.000000,1.000000
2084,209.399999999992446,209.399999999992446,1.000000000000022,1.000000000000022
2085,209.500000,209.500000,1.000000,1.000000
2085,209.499999999992440,209.499999999992440,1.000000000000006,1.000000000000006
2086,209.600000,209.600000,1.000000,1.000000
2086,209.599999999992434,209.599999999992434,0.999999999999990,0.999999999999990
2087,209.700000,209.700000,1.000000,1.000000
2087,209.699999999992428,209.699999999992428,0.999999999999974,0.999999999999974
2088,209.800000,209.800000,1.000000,1.000000
2088,209.799999999992423,209.799999999992423,0.999999999999958,0.999999999999958
2089,209.900000,209.900000,1.000000,1.000000
2089,209.899999999992417,209.899999999992417,0.999999999999942,0.999999999999942
2090,210.000000,210.000000,1.000000,1.000000
2090,209.999999999992411,209.999999999992411,0.999999999999926,0.999999999999926
2091,210.100000,210.100000,1.000000,1.000000
2091,210.099999999992406,210.099999999992406,0.999999999999911,0.999999999999911
2092,210.200000,210.200000,1.000000,1.000000
2092,210.199999999992400,210.199999999992400,0.999999999999895,0.999999999999895
2093,210.300000,210.300000,1.000000,1.000000
2093,210.299999999992394,210.299999999992394,0.999999999999879,0.999999999999879
2094,210.400000,210.400000,1.000000,1.000000
2094,210.399999999992389,210.399999999992389,0.999999999999863,0.999999999999863
2095,210.500000,210.500000,1.000000,1.000000
2095,210.499999999992383,210.499999999992383,0.999999999999847,0.999999999999847
2096,210.600000,210.600000,1.000000,1.000000
2096,210.599999999992377,210.599999999992377,0.999999999999831,0.999999999999831
2097,210.700000,210.700000,1.000000,1.000000
2097,210.699999999992372,210.699999999992372,0.999999999999815,0.999999999999815
2098,210.800000,210.800000,1.000000,1.000000
2098,210.799999999992366,210.799999999992366,0.999999999999799,0.999999999999799
2099,210.900000,210.900000,1.000000,1.000000
2099,210.899999999992332,210.899999999992332,0.999999999999792,0.999999999999792
2100,211.000000,211.000000,1.000000,1.000000
2100,210.999999999992298,210.999999999992298,0.999999999999792,0.999999999999792
2101,211.100000,211.100000,1.000000,1.000000
2101,211.099999999992264,211.099999999992264,0.999999999999799,0.999999999999799
2102,211.200000,211.200000,1.000000,1.000000
2102,211.199999999992230,211.199999999992230,0.999999999999815,0.999999999999815
2103,211.300000,211.300000,1.000000,1.000000
2103,211.299999999992224,211.299999999992224,0.999999999999831,0.999999999999831
2104,211.400000,211.400000,1.000000,1.000000
2104,211.399999999992218,211.399999999992218,0.999999999999847,0.999999999999847
2105,211.500000,211.500000,1.000000,1.000000
2105,211.499999999992212,211.499999999992212,0.999999999999863,0.999999999999863
2106,211.600000,211.600000,1.000000,1.000000
2106,211.599999999992207,211.599999999992207,0.999999999999879,0.999999999999879
2107,211.700000,211.700000,1.000000,1.000000
2107,211.699999999992201,211.699999999992201,0.999999999999895,0.999999999999895
2108,211.800000,211.800000,1.000000,1.000000
2108,211.799999999992195,211.799999999992195,0.999999999999911,0.999999999999911
2109,211.900000,211.900000,1.000000,1.000000
2109,211.899999999992190,211.899999999992190,0.999999999999926,0.999999999999926
2110,212.000000,212.000000,1.000000,1.000000
2110,211.999999999992184,211.999999999992184,0.999999999999942,0.999999999999942
2111,212.100000,212.100000,1.000000,1.000000
2111,212.099999999992178,212.099999999992178,0.999999999999958,0.999999999999958
2112,212.200000,212.200000,1.000000,1.000000
2112,212.199999999992173,212.199999999992173,0.999999999999974,0.999999999999974
2113,212.300000,212.300000,1.000000,1.000000
2113,212.299999999992167,212.299999999992167,0.999999999999990,0.999999999999990
2114,212.400000,212.400000,1.000000,1.000000
2114,212.399999999992161,212.399999999992161,1.000000000000006,1.000000000000006
2115,212.500000,212.500000,1.000000,1.000000
2115,212.499999999992156,212.499999999992156,1.000000000000022,1.000000000000022
2116,212.600000,212.600000,1.000000,1.000000
2116,212.599999999992150,212.599999999992150,1.000000000000037,1.000000000000037
2117,212.700000,212.700000,1.000000,1.000000
2117,212.699999999992144,212.699999999992144,1.000000000000053,1.000000000000053
2118,212.800000,212.800000,1.000000,1.000000
2118,212.799999999992139,212.799999999992139,1.000000000000069,1.000000000000069
2119,212.900000,212.900000,1.000000,1.000000
2119,212.899999999992133,212.899999999992133,1.000000000000085,1.000000000000085
2120,213.000000,213.000000,1.000000,1.000000
2120,212.999999999992127,212.999999999992127,1.000000000000100,1.000000000000100
2121,213.100000,213.100000,1.000000,1.000000
2121,213.099999999992150,213.099999999992150,1.000000000000108,1.000000000000108
2122,213.200000,213.200000,1.000000,1.000000
2122,213.199999999992173,213.199999999992173,1.000000000000108,1.000000000000108
2123,213.300000,213.300000,1.000000,1.000000
2123,213.299999999992195,213.299999999992195,1.000000000000100,1.000000000000100
2124,213.400000,213.400000,1.000000,1.000000
2124,213.399999999992218,213.399999999992218,1.000000000000085,1.000000000000085
2125,213.500000,213.500000,1.000000,1.000000
2125,213.499999999992212,213.499999999992212,1.000000000000069,1.000000000000069
2126,213.600000,213.600000,1.000000,1.000000
2126,213.599999999992207,213.599999999992207,1.000000000000053,1.000000000000053
2127,213.700000,213.700000,1.000000,1.000000
2127,213.699999999992201,213.699999999992201,1.000000000000037,1.000000000000037
2128,213.800000,213.800000,1.000000,1.000000
2128,213.799999999992195,213.799999999992195,1.000000000000022,1.000000000000022
2129,213.900000,213.900000,1.000000,1.000000
2129,213.899999999992190,213.899999999992190,1.000000000000006,1.000000000000006
2130,214.000000,214.000000,1.000000,1.000000
2130,213.999999999992184,213.999999999992184,0.999999999999990,0.999999999999990
2131,214.100000,214.100000,1.000000,1.000000
2131,214.099999999992178,214.099999999992178,0.999999999999974,0.999999999999974
2132,214.200000,214.200000,1.000000,1.000000
2132,214.199999999992173,214.199999999992173,0.999999999999958,0.999999999999958
2133,214.300000,214.300000,1.000000,1.000000
2133,214.299999999992167,214.299999999992167,0.999999999999942,0.999999999999942
2134,214.400000,214.400000,1.000000,1.000000
2134,214.399999999992161,214.399999999992161,0.999999999999926,0.999999999999926
2135,214.500000,214.500000,1.000000,1.000000
2135,214.499999999992156,214.499999999992156,0.999999999999911,0.999999999999911
2136,214.600000,214.600000,1.000000,1.000000
2136,214.599999999992150,214.599999999992150,0.999999999999895,0.999999999999895
2137,214.700000,214.700000,1.000000,1.000000
2137,214.699999999992144,214.699999999992144,0.999999999999879,0.999999999999879
2138,214.800000,214.800000,1.000000,1.000000
2138,214.799999999992139,214.799999999992139,0.999999999999863,0.999999999999863
2139,214.900000,214.900000,1.000000,1.000000
2139,214.899999999992133,214.899999999992133,0.999999999999847,0.999999999999847
2140,215.000000,215.000000,1.000000,1.000000
2140,214.999999999992127,214.999999999992127,0.999999999999831,0.999999999999831
2141,215.100000,215.100000,1.000000,1.000000
2141,215.099999999992122,215.099999999992122,0.999999999999815,0.999999999999815
2142,215.200000,215.200000,1.000000,1.000000
2142,215.199999999992116,215.199999999992116,0.999999999999799,0.999999999999799
2143,215.300000,215.300000,1.000000,1.000000
2143,215.299999999992082,215.299999999992082,0.999999999999792,0.999999999999792
2144,215.400000,215.400000,1.000000,1.000000
2144,215.399999999992048,215.399999999992048,0.999999999999792,0.999999999999792
2145,215.500000,215.500000,1.000000,1.000000
2145,215.499999999992013,215.499999999992013,0.999999999999799,0.999999999999799
2146,215.600000,215.600000,1.000000,1.000000
2146,215.599999999991979,215.599999999991979,0.999999999999815,0.999999999999815
2147,215.700000,215.700000,1.000000,1.000000
2147,215.699999999991974,215.699999999991974,0.999999999999831,0.999999999999831
2148,215.800000,215.800000,1.000000,1.000000
2148,215.799999999991968,215.799999999991968,0.999999999999847,0.999999999999847
2149,215.900000,215.900000,1.000000,1.000000
2149,215.899999999991962,215.899999999991962,0.999999999999863,0.999999999999863
2150,216.000000,216.000000,1.000000,1.000000
2150,215.999999999991957,215.999999999991957,0.999999999999879,0.999999999999879
2151,216.100000,216.100000,1.000000,1.000000
2151,216.099999999991951,216.099999999991951,0.999999999999895,0.999999999999895
2152,216.200000,216.200000,1.000000,1.000000
2152,216.199999999991945,216.199999999991945,0.999999999999911,0.999999999999911
2153,216.300000,216.300000,1.000000,1.000000
2153,216.299999999991940,216.299999999991940,0.999999999999926,0.999999999999926
2154,216.400000,216.400000,1.000000,1.000000
2154,216.399999999991934,216.399999999991934,0.999999999999942,0.999999999999942
2155,216.500000,216.500000,1.000000,1.000000
2155,216.499999999991928,216.499999999991928,0.999999999999958,0.999999999999958
2156,216.600000,216.600000,1.000000,1.000000
2156,216.599999999991923,216.599999999991923,0.999999999999974,0.999999999999974
2157,216.700000,216.700000,1.000000,1.000000
2157,216.699999999991917,216.699999999991917,0.999999999999990,0.999999999999990
2158,216.800000,216.800000,1.000000,1.000000
2158,216.799999999991911,216.799999999991911,1.000000000000006,1.000000000000006
2159,216.900000,216.900000,1.000000,1.000000
2159,216.899999999991905,216.899999999991905,1.000000000000022,1.000000000000022
2160,217.000000,217.000000,1.000000,1.000000
2160,216.999999999991900,216.999999999991900,1.000000000000037,1.000000000000037
2161,217.100000,217.100000,1.000000,1.000000
2161,217.099999999991894,217.099999999991894,1.000000000000053,1.000000000000053
2162,217.200000,217.200000,1.000000,1.000000
2162,217.199999999991888,217.199999999991888,1.000000000000069,1.000000000000069
2163,217.300000,217.300000,1.000000,1.000000
2163,217.299999999991883,217.299999999991883,1.000000000000085,1.000000000000085
2164,217.400000,217.400000,1.000000,1.000000
2164,217.399999999991877,217.399999999991877,1.000000000000100,1.000000000000100
2165,217.500000,217.500000,1.000000,1.000000
2165,217.499999999991900,217.499999999991900,1.000000000000108,1.000000000000108
2166,217.600000,217.600000,1.000000,1.000000
2166,217.599999999991923,217.599999999991923,1.000000000000108,1.000000000000108
2167,217.700000,217.700000,1.000000,1.000000
2167,217.699999999991945,217.699999999991945,1.000000000000100,1.000000000000100
2168,217.800000,217.800000,1.000000,1.000000
2168,217.799999999991968,217.799999999991968,1.000000000000085,1.000000000000085
2169,217.900000,217.900000,1.000000,1.000000
2169,217.899999999991962,217.899999999991962,1.000000000000069,1.000000000000069
2170,218.000000,218.000000,1.000000,1.000000
2170,217.999999999991957,217.999999999991957,1.000000000000053,1.000000000000053
2171,218.100000,218.100000,1.000000,1.000000
2171,218.099999999991951,218.099999999991951,1.000000000000037,1.000000000000037
2172,218.200000,218.200000,1.000000,1.000000
2172,218.199999999991945,218.199999999991945,1.000000000000022,1.000000000000022
2173,218.300000,218.300000,1.000000,1.000000
2173,218.299999999991940,218.299999999991940,1.000000000000006,1.000000000000006
2174,218.400000,218.400000,1.000000,1.000000
2174,218.399999999991934,218.399999999991934,0.999999999999990,0.999999999999990
2175,218.500000,218.500000,1.000000,1.000000
2175,218.499999999991928,218.499999999991928,0.999999999999974,0.999999999999974
2176,218.600000,218.600000,1.000000,1.000000
2176,218.599999999991923,218.599999999991923,0.999999999999958,0.999999999999958
2177,218.700000,218.700000,1.000000,1.000000
2177,218.699999999991917,218.699999999991917,0.999999999999942,0.999999999999942
2178,218.800000,218.800000,1.000000,1.000000
2178,218.799999999991911,218.799999999991911,0.999999999999926,0.999999999999926
2179,218.900000,218.900000,1.000000,1.000000
2179,218.899999999991905,218.899999999991905,0.999999999999911,0.999999999999911
2180,219.000000,219.000000,1.000000,1.000000
2180,218.999999999991900,218.999999999991900,0.999999999999895,0.999999999999895
2181,219.100000,219.100000,1.000000,1.000000
2181,219.099999999991894,219.099999999991894,0.999999999999879,0.999999999999879
2182,219.200000,219.200000,1.000000,1.000000
2182,219.199999999991888,219.199999999991888,0.999999999999863,0.999999999999863
2183,219.300000,219.300000,1.000000,1.000000
2183,219.299999999991883,219.299999999991883,0.999999999999847,0.999999999999847
2184,219.400000,219.400000,1.000000,1.000000
2184,219.399999999991877,219.399999999991877,0.999999999999831,0.999999999999831
2185,219.500000,219.500000,1.000000,1.000000
2185,219.499999999991871,219.499999999991871,0.999999999999815,0.999999999999815
2186,219.600000,219.600000,1.000000,1.000000
2186,219.599999999991866,219.599999999991866,0.999999999999799,0.999999999999799
2187,219.700000,219.700000,1.000000,1.000000
2187,219.699999999991832,219.699999999991832,0.999999999999792,0.999999999999792
2188,219.800000,219.800000,1.000000,1.000000
2188,219.799999999991797,219.799999999991797,0.999999999999792,0.999999999999792
2189,219.900000,219.900000,1.000000,1.000000
2189,219.899999999991763,219.899999999991763,0.999999999999799,0.999999999999799
2190,220.000000,220.000000,1.000000,1.000000
2190,219.999999999991729,219.999999999991729,0.999999999999815,0.999999999999815
2191,220.100000,220.100000,1.000000,1.000000
2191,220.099999999991724,220.099999999991724,0.999999999999831,0.999999999999831
2192,220.200000,220.200000,1.000000,1.000000
2192,220.199999999991718,220.199999999991718,0.999999999999847,0.999999999999847
2193,220.300000,220.300000,1.000000,1.000000
2193,220.299999999991712,220.299999999991712,0.999999999999863,0.999999999999863
2194,220.400000,220.400000,1.000000,1.000000
2194,220.399999999991707,220.399999999991707,0.999999999999879,0.999999999999879
2195,220.500000,220.500000,1.000000,1.000000
2195,220.499999999991701,220.499999999991701,0.999999999999895,0.999999999999895
2196,220.600000,220.600000,1.000000,1.000000
2196,220.599999999991695,220.599999999991695,0.999999999999911,0.999999999999911
2197,220.700000,220.700000,1.000000,1.000000
2197,220.699999999991689,220.699999999991689,0.999999999999926,0.999999999999926
2198,220.800000,220.800000,1.000000,1.000000
2198,220.799999999991684,220.799999999991684,0.999999999999942,0.999999999999942
2199,220.900000,220.900000,1.000000,1.000000
2199,220.899999999991678,220.899999999991678,0.999999999999958,0.999999999999958
2200,221.000000,221.000000,1.000000,1.000000
2200,220.999999999991672,220.999999999991672,0.999999999999974,0.999999999999974
2201,221.100000,221.100000,1.000000,1.000000
2201,221.099999999991667,221.099999999991667,0.999999999999990,0.999999999999990
2202,221.200000,221.200000,1.000000,1.000000
2202,221.199999999991661,221.199999999991661,1.000000000000006,1.000000000000006
2203,221.300000,221.300000,1.000000,1.000000
2203,221.299999999991655,221.299999999991655,1.000000000000022,1.000000000000022
2204,221.400000,221.400000,1.000000,1.000000
2204,221.399999999991650,221.399999999991650,1.000000000000037,1.000000000000037
2205,221.500000,221.500000,1.000000,1.000000
2205,221.499999999991644,221.499999999991644,1.000000000000053,1.000000000000053
2206,221.600000,221.600000,1.000000,1.000000
2206,221.599999999991638,221.599999999991638,1.000000000000069,1.000000000000069
2207,221.700000,221.700000,1.000000,1.000000
2207,221.699999999991633,221.699999999991633,1.000000000000085,1.000000000000085
2208,221.800000,221.800000,1.000000,1.000000
2208,221.799999999991627,221.799999999991627,1.000000000000100,1.000000000000100
2209,221.900000,221.900000,1.000000,1.000000
2209,221.899999999991650,221.899999999991650,1.000000000000108,1.000000000000108
2210,222.000000,222.000000,1.000000,1.000000
2210,221.999999999991672,221.999999999991672,1.000000000000108,1.000000000000108
2211,222.100000,222.100000,1.000000,1.000000
2211,222.099999999991695,222.099999999991695,1.000000000000100,1.000000000000100
2212,222.200000,222.200000,1.000000,1.000000
2212,222.199999999991718,222.199999999991718,1.000000000000085,1.000000000000085
2213,222.300000,222.300000,1.000000,1.000000
2213,222.299999999991712,222.299999999991712,1.000000000000069,1.000000000000069
2214,222.400000,222.400000,1.000000,1.000000
2214,222.399999999991707,222.399999999991707,1.000000000000053,1.000000000000053
2215,222.500000,222.500000,1.000000,1.000000
2215,222.499999999991701,222.499999999991701,1.000000000000037,1.000000000000037
2216,222.600000,222.600000,1.000000,1.000000
2216,222.599999999991695,222.599999999991695,1.000000000000022,1.000000000000022
2217,222.700000,222.700000,1.000000,1.000000
2217,222.699999999991689,222.699999999991689,1.000000000000006,1.000000000000006
2218,222.800000,222.800000,1.000000,1.000000
2218,222.799999999991684,222.799999999991684,0.999999999999990,0.999999999999990
2219,222.900000,222.900000,1.000000,1.000000
2219,222.899999999991678,222.899999999991678,0.999999999999974,0.999999999999974
2220,223.000000,223.000000,1.000000,1.000000
2220,222.999999999991672,222.999999999991672,0.999999999999958,0.999999999999958
2221,223.100000,223.100000,1.000000,1.000000
2221,223.099999999991667,223.099999999991667,0.999999999999942,0.999999999999942
2222,223.200000,223.200000,1.000000,1.000000
2222,223.199999999991661,223.199999999991661,0.999999999999926,0.999999999999926
2223,223.300000,223.300000,1.000000,1.000000
2223,223.299999999991655,223.299999999991655,0.999999999999911,0.999999999999911
2224,223.400000,223.400000,1.000000,1.000000
2224,223.399999999991650,223.399999999991650,0.999999999999895,0.999999999999895
2225,223.500000,223.500000,1.000000,1.000000
2225,223.499999999991644,223.499999999991644,0.999999999999879,0.999999999999879
2226,223.600000,223.600000,1.000000,1.000000
2226,223.599999999991638,223.599999999991638,0.999999999999863,0.999999999999863
2227,223.700000,223.700000,1.000000,1.000000
2227,223.699999999991633,223.699999999991633,0.999999999999847,0.999999999999847
2228,223.800000,223.800000,1.000000,1.000000
2228,223.799999999991627,223.799999999991627,0.999999999999831,0.999999999999831
2229,223.900000,223.900000,1.000000,1.000000
2229,223.899999999991621,223.899999999991621,0.999999999999815,0.999999999999815
2230,224.000000,224.000000,1.000000,1.000000
2230,223.999999999991616,223.999999999991616,0.999999999999799,0.999999999999799
2231,224.100000,224.100000,1.000000,1.000000
2231,224.099999999991581,224.099999999991581,0.999999999999792,0.999999999999792
2232,224.200000,224.200000,1.000000,1.000000
2232,224.199999999991547,224.199999999991547,0.999999999999792,0.999999999999792
2233,224.300000,224.300000,1.000000,1.000000
2233,224.299999999991513,224.299999999991513,0.999999999999799,0.999999999999799
2234,224.400000,224.400000,1.000000,1.000000
2234,224.399999999991479,224.399999999991479,0.999999999999815,0.999999999999815
2235,224.500000,224.500000,1.000000,1.000000
2235,224.499999999991473,224.499999999991473,0.999999999999831,0.999999999999831
2236,224.600000,224.600000,1.000000,1.000000
2236,224.599999999991468,224.599999999991468,0.999999999999847,0.999999999999847
2237,224.700000,224.700000,1.000000,1.000000
2237,224.699999999991462,224.699999999991462,0.999999999999863,0.999999999999863
2238,224.800000,224.800000,1.000000,1.000000
2238,224.799999999991456,224.799999999991456,0.999999999999879,0.999999999999879
2239,224.900000,224.900000,1.000000,1.000000
2239,224.899999999991451,224.899999999991451,0.999999999999895,0.999999999999895
2240,225.000000,225.000000,1.000000,1.000000
2240,224.999999999991445,224.999999999991445,0.999999999999911,0.999999999999911
2241,225.100000,225.100000,1.000000,1.000000
2241,225.099999999991439,225.099999999991439,0.999999999999926,0.999999999999926
2242,225.200000,225.200000,1.000000,1.000000
2242,225.199999999991434,225.199999999991434,0.999999999999942,0.999999999999942
2243,225.300000,225.300000,1.000000,1.000000
2243,225.299999999991428,225.299999999991428,0.999999999999958,0.999999999999958
2244,225.400000,225.400000,1.000000,1.000000
2244,225.399999999991422,225.399999999991422,0.999999999999974,0.999999999999974
2245,225.500000,225.500000,1.000000,1.000000
2245,225.499999999991417,225.499999999991417,0.999999999999990,0.999999999999990
2246,225.600000,225.600000,1.000000,1.000000
2246,225.599999999991411,225.599999999991411,1.000000000000006,1.000000000000006
2247,225.700000,225.700000,1.000000,1.000000
2247,225.699999999991405,225.699999999991405,1.000000000000022,1.000000000000022
2248,225.800000,225.800000,1.000000,1.000000
2248,225.799999999991400,225.799999999991400,1.000000000000037,1.000000000000037
2249,225.900000,225.900000,1.000000,1.000000
2249,225.899999999991394,225.899999999991394,1.000000000000053,1.000000000000053
2250,226.000000,226.000000,1.000000,1.000000
2250,225.999999999991388,225.999999999991388,1.000000000000069,1.000000000000069
2251,226.100000,226.100000,1.000000,1.000000
2251,226.099999999991383,226.099999999991383,1.000000000000085,1.000000000000085
2252,226.200000,226.200000,1.000000,1.000000
2252,226.199999999991377,226.199999999991377,1.000000000000100,1.000000000000100
2253,226.300000,226.300000,1.000000,1.000000
2253,226.299999999991400,226.299999999991400,1.000000000000108,1.000000000000108
2254,226.400000,226.400000,1.000000,1.000000
2254,226.399999999991422,226.399999999991422,1.000000000000108,1.000000000000108
2255,226.500000,226.500000,1.000000,1.000000
2255,226.499999999991445,226.499999999991445,1.000000000000100,1.000000000000100
2256,226.600000,226.600000,1.000000,1.000000
2256,226.599999999991468,226.599999999991468,1.000000000000085,1.000000000000085
2257,226.700000,226.700000,1.000000,1.000000
2257,226.699999999991462,226.699999999991462,1.000000000000069,1.000000000000069
2258,226.800000,226.800000,1.000000,1.000000
2258,226.799999999991456,226.799999999991456,1.000000000000053,1.000000000000053
2259,226.900000,226.900000,1.000000,1.000000
2259,226.899999999991451,226.899999999991451,1.000000000000037,1.000000000000037
2260,227.000000,227.000000,1.000000,1.000000
2260,226.999999999991445,226.999999999991445,1.000000000000022,1.000000000000022
2261,227.100000,227.100000,1.000000,1.000000
2261,227.099999999991439,227.099999999991439,1.000000000000006,1.000000000000006
2262,227.200000,227.200000,1.000000,1.000000
2262,227.199999999991434,227.199999999991434,0.999999999999990,0.999999999999990
2263,227.300000,227.300000,1.000000,1.000000
2263,227.299999999991428,227.299999999991428,0.999999999999974,0.999999999999974
2264,227.400000,227.400000,1.000000,1.000000
2264,227.399999999991422,227.399999999991422,0.999999999999958,0.999999999999958
2265,227.500000,227.500000,1.000000,1.000000
2265,227.499999999991417,227.499999999991417,0.999999999999942,0.999999999999942
2266,227.600000,227.600000,1.000000,1.000000
2266,227.599999999991411,227.599999999991411,0.999999999999926,0.999999999999926
2267,227.700000,227.700000,1.000000,1.000000
2267,227.699999999991405,227.699999999991405,0.999999999999911,0.999999999999911
2268,227.800000,227.800000,1.000000,1.000000
2268,227.799999999991400,227.799999999991400,0.999999999999895,0.999999999999895
2269,227.900000,227.900000,1.000000,1.000000
2269,227.899999999991394,227.899999999991394,0.999999999999879,0.999999999999879
2270,228.000000,228.000000,1.000000,1.000000
2270,227.999999999991388,227.999999999991388,0.999999999999863,0.999999999999863
2271,228.100000,228.100000,1.000000,1.000000
2271,228.099999999991383,228.099999999991383,0.999999999999847,0.999999999999847
2272,228.200000,228.200000,1.000000,1.000000
2272,228.199999999991377,228.199999999991377,0.999999999999831,0.999999999999831
2273,228.300000,228.300000,1.000000,1.000000
2273,228.299999999991371,228.299999999991371,0.999999999999815,0.999999999999815
2274,228.400000,228.400000,1.000000,1.000000
2274,228.399999999991365,228.399999999991365,0.999999999999799,0.999999999999799
2275,228.500000,228.500000,1.000000,1.000000
2275,228.499999999991331,228.499999999991331,0.999999999999792,0.999999999999792
2276,228.600000,228.600000,1.000000,1.000000
2276,228.599999999991297,228.599999999991297,0.999999999999792,0.999999999999792
2277,228.700000,228.700000,1.000000,1.000000
2277,228.699999999991263,228.699999999991263,0.999999999999799,0.999999999999799
2278,228.800000,228.800000,1.000000,1.000000
2278,228.799999999991229,228.799999999991229,0.999999999999815,0.999999999999815
2279,228.900000,228.900000,1.000000,1.000000
2279,228.899999999991223,228.899999999991223,0.999999999999831,0.999999999999831
2280,229.000000,229.000000,1.000000,1.000000
2280,228.999999999991218,228.999999999991218,0.999999999999847,0.999999999999847
2281,229.100000,229.100000,1.000000,1.000000
2281,229.099999999991212,229.099999999991212,0.999999999999863,0.999999999999863
2282,229.200000,229.200000,1.000000,1.000000
2282,229.199999999991206,229.199999999991206,0.999999999999879,0.999999999999879
2283,229.300000,229.300000,1.000000,1.000000
2283,229.299999999991201,229.299999999991201,0.999999999999895,0.999999999999895
2284,229.400000,229.400000,1.000000,1.000000
2284,229.399999999991195,229.399999999991195,0.999999999999911,0.999999999999911
2285,229.500000,229.500000,1.000000,1.000000
2285,229.499999999991189,229.499999999991189,0.999999999999926,0.999999999999926
2286,229.600000,229.600000,1.000000,1.000000
2286,229.599999999991184,229.599999999991184,0.999999999999942,0.999999999999942
2287,229.700000,229.700000,1.000000,1.000000
2287,229.699999999991178,229.699999999991178,0.999999999999958,0.999999999999958
2288,229.800000,229.800000,1.000000,1.000000
2288,229.799999999991172,229.799999999991172,0.999999999999974,0.999999999999974
2289,229.900000,229.900000,1.000000,1.000000
2289,229.899999999991167,229.899999999991167,0.999999999999990,0.999999999999990
2290,230.000000,230.000000,1.000000,1.000000
2290,229.999999999991161,229.999999999991161,1.000000000000006,1.000000000000006
2291,230.100000,230.100000,1.000000,1.000000
2291,230.099999999991155,230.099999999991155,1.000000000000022,1.000000000000022
2292,230.200000,230.200000,1.000000,1.000000
2292,230.199999999991149,230.199999999991149,1.000000000000037,1.000000000000037
2293,230.300000,230.300000,1.000000,1.000000
2293,230.299999999991144,230.299999999991144,1.000000000000053,1.000000000000053
2294,230.400000,230.400000,1.000000,1.000000
2294,230.399999999991138,230.399999999991138,1.000000000000069,1.000000000000069
2295,230.500000,230.500000,1.000000,1.000000
2295,230.499999999991132,230.499999999991132,1.000000000000085,1.000000000000085
2296,230.600000,230.600000,1.000000,1.000000
2296,230.599999999991127,230.599999999991127,1.000000000000100,1.000000000000100
2297,230.700000,230.700000,1.000000,1.000000
2297,230.699999999991149,230.699999999991149,1.000000000000108,1.000000000000108
2298,230.800000,230.800000,1.000000,1.000000
2298,230.799999999991172,230.799999999991172,1.000000000000108,1.000000000000108
2299,230.900000,230.900000,1.000000,1.000000
2299,230.899999999991195,230.899999999991195,1.000000000000100,1.000000000000100
2300,231.000000,231.000000,1.000000,1.000000
2300,230.999999999991218,230.999999999991218,1.000000000000085,1.000000000000085
2301,231.100000,231.100000,1.000000,1.000000
2301,231.099999999991212,231.099999999991212,1.000000000000069,1.000000000000069
2302,231.200000,231.200000,1.000000,1.000000
2302,231.199999999991206,231.199999999991206,1.000000000000053,1.000000000000053
2303,231.300000,231.300000,1.000000,1.000000
2303,231.299999999991201,231.299999999991201,1.000000000000037,1.000000000000037
2304,231.400000,231.400000,1.000000,1.000000
2304,231.399999999991195,231.399999999991195,1.000000000000022,1.000000000000022
2305,231.500000,231.500000,1.000000,1.000000
2305,231.499999999991189,231.499999999991189,1.000000000000006,1.000000000000006
2306,231.600000,231.600000,1.000000,1.000000
2306,231.599999999991184,231.599999999991184,0.999999999999990,0.999999999999990
2307,231.700000,231.700000,1.000000,1.000000
2307,231.699999999991178,231.699999999991178,0.999999999999974,0.999999999999974
2308,231.800000,231.800000,1.000000,1.000000
2308,231.799999999991172,231.799999999991172,0.999999999999958,0.999999999999958
2309,231.900000,231.900000,1.000000,1.000000
2309,231.899999999991167,231.899999999991167,0.999999999999942,0.999999999999942
2310,232.000000,232.000000,1.000000,1.000000
2310,231.999999999991161,231.999999999991161,0.999999999999926,0.999999999999926
2311,232.100000,232.100000,1.000000,1.000000
2311,232.099999999991155,232.099999999991155,0.999999999999911,0.999999999999911
2312,232.200000,232.200000,1.000000,1.000000
2312,232.199999999991149,232.199999999991149,0.999999999999895,0.999999999999895
2313,232.300000,232.300000,1.000000,1.000000
2313,232.299999999991144,232.299999999991144,0.999999999999879,0.999999999999879
2314,232.400000,232.400000,1.000000,1.000000
2314,232.399999999991138,232.399999999991138,0.999999999999863,0.999999999999863
2315,232.500000,232.500000,1.000000,1.000000
2315,232.499999999991132,232.499999999991132,0.999999999999847,0.999999999999847
2316,232.600000,232.600000,1.000000,1.000000
2316,232.599999999991127,232.599999999991127,0.999999999999831,0.999999999999831
2317,232.700000,232.700000,1.000000,1.000000
2317,232.699999999991121,232.699999999991121,0.999999999999815,0.999999999999815
2318,232.800000,232.800000,1.000000,1.000000
2318,232.799999999991115,232.799999999991115,0.999999999999799,0.999999999999799
2319,232.900000,232.900000,1.000000,1.000000
2319,232.899999999991081,232.899999999991081,0.999999999999792,0.999999999999792
2320,233.000000,233.000000,1.000000,1.000000
2320,232.999999999991047,232.999999999991047,0.999999999999792,0.999999999999792
2321,233.100000,233.100000,1.000000,1.000000
2321,233.099999999991013,233.099999999991013,0.999999999999799,0.999999999999799
2322,233.200000,233.200000,1.000000,1.000000
2322,233.199999999990979,233.199999999990979,0.999999999999815,0.999999999999815
2323,233.300000,233.300000,1.000000,1.000000
2323,233.299999999990973,233.299999999990973,0.999999999999831,0.999999999999831
2324,233.400000,233.400000,1.000000,1.000000
2324,233.399999999990968,233.399999999990968,0.999999999999847,0.999999999999847
2325,233.500000,233.500000,1.000000,1.000000
2325,233.499999999990962,233.499999999990962,0.999999999999863,0.999999999999863
2326,233.600000,233.600000,1.000000,1.000000
2326,233.599999999990956,233.599999999990956,0.999999999999879,0.999999999999879
2327,233.700000,233.700000,1.000000,1.000000
2327,233.699999999990951,233.699999999990951,0.999999999999895,0.999999999999895
2328,233.800000,233.800000,1.000000,1.000000
2328,233.799999999990945,233.799999999990945,0.999999999999911,0.999999999999911
2329,233.900000,233.900000,1.000000,1.000000
2329,233.899999999990939,233.899999999990939,0.999999999999926,0.999999999999926
2330,234.000000,234.000000,1.000000,1.000000
2330,233.999999999990933,233.999999999990933,0.999999999999942,0.999999999999942
2331,234.100000,234.100000,1.000000,1.000000
2331,234.099999999990928,234.099999999990928,0.999999999999958,0.999999999999958
2332,234.200000,234.200000,1.000000,1.000000
2332,234.199999999990922,234.199999999990922,0.999999999999974,0.999999999999974
2333,234.300000,234.300000,1.000000,1.000000
2333,234.299999999990916,234.299999999990916,0.999999999999990,0.999999999999990
2334,234.400000,234.400000,1.000000,1.000000
2334,234.399999999990911,234.399999999990911,1.000000000000006,1.000000000000006
2335,234.500000,234.500000,1.000000,1.000000
2335,234.499999999990905,234.499999999990905,1.000000000000022,1.000000000000022
2336,234.600000,234.600000,1.000000,1.000000
2336,234.599999999990899,234.599999999990899,1.000000000000037,1.000000000000037
2337,234.700000,234.700000,1.000000,1.000000
2337,234.699999999990894,234.699999999990894,1.000000000000053,1.000000000000053
2338,234.800000,234.800000,1.000000,1.000000
2338,234.799999999990888,234.799999999990888,1.000000000000069,1.000000000000069
2339,234.900000,234.900000,1.000000,1.000000
2339,234.899999999990882,234.899999999990882,1.000000000000085,1.000000000000085
2340,235.000000,235.000000,1.000000,1.000000
2340,234.999999999990877,234.999999999990877,1.000000000000100,1.000000000000100
2341,235.100000,235.100000,1.000000,1.000000
2341,235.099999999990899,235.099999999990899,1.000000000000108,1.000000000000108
2342,235.200000,235.200000,1.000000,1.000000
2342,235.199999999990922,235.199999999990922,1.000000000000108,1.000000000000108
2343,235.300000,235.300000,1.000000,1.000000
2343,235.299999999990945,235.299999999990945,1.000000000000100,1.000000000000100
2344,235.400000,235.400000,1.000000,1.000000
2344,235.399999999990968,235.399999999990968,1.000000000000085,1.000000000000085
2345,235.500000,235.500000,1.000000,1.000000
2345,235.499999999990962,235.499999999990962,1.000000000000069,1.000000000000069
2346,235.600000,235.600000,1.000000,1.000000
2346,235.599999999990956,235.599999999990956,1.000000000000053,1.000000000000053
2347,235.700000,235.700000,1.000000,1.000000
2347,235.699999999990951,235.699999999990951,1.000000000000037,1.000000000000037
2348,235.800000,235.800000,1.000000,1.000000
2348,235.799999999990945,235.799999999990945,1.000000000000022,1.000000000000022
2349,235.900000,235.900000,1.000000,1.000000
2349,235.899999999990939,235.899999999990939,1.000000000000006,1.000000000000006
2350,236.000000,236.000000,1.000000,1.000000
2350,235.999999999990933,235.999999999990933,0.999999999999990,0.999999999999990
2351,236.100000,236.100000,1.000000,1.000000
2351,236.099999999990928,236.099999999990928,0.999999999999974,0.999999999999974
2352,236.200000,236.200000,1.000000,1.000000
2352,236.199999999990922,236.199999999990922,0.999999999999958,0.999999999999958
2353,236.300000,236.300000,1.000000,1.000000
2353,236.299999999990916,236.299999999990916,0.999999999999942,0.999999999999942
2354,236.400000,236.400000,1.000000,1.000000
2354,236.399999999990911,236.399999999990911,0.999999999999926,0.999999999999926
2355,236.500000,236.500000,1.000000,1.000000
2355,236.499999999990905,236.499999999990905,0.999999999999911,0.999999999999911
2356,236.600000,236.600000,1.000000,1.000000
2356,236.599999999990899,236.599999999990899,0.999999999999895,0.999999999999895
2357,236.700000,236.700000,1.000000,1.000000
2357,236.699999999990894,236.699999999990894,0.999999999999879,0.999999999999879
2358,236.800000,236.800000,1.000000,1.000000
2358,236.799999999990888,236.799999999990888,0.999999999999863,0.999999999999863
2359,236.900000,236.900000,1.000000,1.000000
2359,236.899999999990882,236.899999999990882,0.999999999999847,0.999999999999847
2360,237.000000,237.000000,1.000000,1.000000
2360,236.999999999990877,236.999999999990877,0.999999999999831,0.999999999999831
2361,237.100000,237.100000,1.000000,1.000000
2361,237.099999999990871,237.099999999990871,0.999999999999815,0.999999999999815
2362,237.200000,237.200000,1.000000,1.000000
2362,237.199999999990865,237.199999999990865,0.999999999999799,0.999999999999799
2363,237.300000,237.300000,1.000000,1.000000
2363,237.299999999990831,237.299999999990831,0.999999999999792,0.999999999999792
2364,237.400000,237.400000,1.000000,1.000000
2364,237.399999999990797,237.399999999990797,0.999999999999792,0.999999999999792
2365,237.500000,237.500000,1.000000,1.000000
2365,237.499999999990763,237.499999999990763,0.999999999999799,0.999999999999799
2366,237.600000,237.600000,1.000000,1.000000
2366,237.599999999990729,237.599999999990729,0.999999999999815,0.999999999999815
2367,237.700000,237.700000,1.000000,1.000000
2367,237.699999999990723,237.699999999990723,0.999999999999831,0.999999999999831
2368,237.800000,237.800000,1.000000,1.000000
2368,237.799999999990717,237.799999999990717,0.999999999999847,0.999999999999847
2369,237.900000,237.900000,1.000000,1.000000
2369,237.899999999990712,237.899999999990712,0.999999999999863,0.999999999999863
2370,238.000000,238.000000,1.000000,1.000000
2370,237.999999999990706,237.999999999990706,0.999999999999879,0.999999999999879
2371,238.100000,238.100000,1.000000,1.000000
2371,238.099999999990700,238.099999999990700,0.999999999999895,0.999999999999895
2372,238.200000,238.200000,1.000000,1.000000
2372,238.199999999990695,238.199999999990695,0.999999999999911,0.999999999999911
2373,238.300000,238.300000,1.000000,1.000000
2373,238.299999999990689,238.299999999990689,0.999999999999926,0.999999999999926
2374,238.400000,238.400000,1.000000,1.000000
2374,238.399999999990683,238.399999999990683,0.999999999999942,0.999999999999942
2375,238.500000,238.500000,1.000000,1.000000
2375,238.499999999990678,238.499999999990678,0.999999999999958,0.999999999999958
2376,238.600000,238.600000,1.000000,1.000000
2376,238.599999999990672,238.599999999990672,0.999999999999974,0.999999999999974
2377,238.700000,238.700000,1.000000,1.000000
2377,238.699999999990666,238.699999999990666,0.999999999999990,0.999999999999990
2378,238.800000,238.800000,1.000000,1.000000
2378,238.799999999990661,238.799999999990661,1.000000000000006,1.000000000000006
2379,238.900000,238.900000,1.000000,1.000000
2379,238.899999999990655,238.899999999990655,1.000000000000022,1.000000000000022
2380,239.000000,239.000000,1.000000,1.000000
2380,238.999999999990649,238.999999999990649,1.000000000000037,1.000000000000037
2381,239.100000,239.100000,1.000000,1.000000
2381,239.099999999990644,239.099999999990644,1.000000000000053,1.000000000000053
2382,239.200000,239.200000,1.000000,1.000000
2382,239.199999999990638,239.199999999990638,1.000000000000069,1.000000000000069
2383,239.300000,239.300000,1.000000,1.000000
2383,239.299999999990632,239.299999999990632,1.000000000000085,1.000000000000085
2384,239.400000,239.400000,1.000000,1.000000
2384,239.399999999990627,239.399999999990627,1.000000000000100,1.000000000000100
2385,239.500000,239.500000,1.000000,1.000000
2385,239.499999999990649,239.499999999990649,1.000000000000108,1.000000000000108
2386,239.600000,239.600000,1.000000,1.000000
2386,239.599999999990672,239.599999999990672,1.000000000000108,1.000000000000108
2387,239.700000,239.700000,1.000000,1.000000
2387,239.699999999990695,239.699999999990695,1.000000000000100,1.000000000000100
2388,239.800000,239.800000,1.000000,1.000000
2388,239.799999999990717,239.799999999990717,1.000000000000085,1.000000000000085
2389,239.900000,239.900000,1.000000,1.000000
2389,239.899999999990712,239.899999999990712,1.000000000000069,1.000000000000069
2390,240.000000,240.000000,1.000000,1.000000
2390,239.999999999990706,239.999999999990706,1.000000000000053,1.000000000000053
2391,240.100000,240.100000,1.000000,1.000000
2391,240.099999999990700,240.099999999990700,1.000000000000037,1.000000000000037
2392,240.200000,240.200000,1.000000,1.000000
2392,240.199999999990695,240.199999999990695,1.000000000000022,1.000000000000022
2393,240.300000,240.300000,1.000000,1.000000
2393,240.299999999990689,240.299999999990689,1.000000000000006,1.000000000000006
2394,240.400000,240.400000,1.000000,1.000000
2394,240.399999999990683,240.399999999990683,0.999999999999990,0.999999999999990
2395,240.500000,240.500000,1.000000,1.000000
2395,240.499999999990678,240.499999999990678,0.999999999999974,0.999999999999974
2396,240.600000,240.600000,1.000000,1.000000
2396,240.599999999990672,240.599999999990672,0.999999999999958,0.999999999999958
2397,240.700000,240.700000,1.000000,1.000000
2397,240.699999999990666,240.699999999990666,0.999999999999942,0.999999999999942
2398,240.800000,240.800000,1.000000,1.000000
2398,240.799999999990661,240.799999999990661,0.999999999999926,0.999999999999926
2399,240.900000,240.900000,1.000000,1.000000
2399,240.899999999990655,240.899999999990655,0.999999999999911,0.999999999999911
2400,241.000000,241.000000,1.000000,1.000000
2400,240.999999999990649,240.999999999990649,0.999999999999895,0.999999999999895
2401,241.100000,241.100000,1.000000,1.000000
2401,241.099999999990644,241.099999999990644,0.999999999999879,0.999999999999879
2402,241.200000,241.200000,1.000000,1.000000
2402,241.199999999990638,241.199999999990638,0.999999999999863,0.999999999999863
2403,241.300000,241.300000,1.000000,1.000000
2403,241.299999999990632,241.299999999990632,0.999999999999847,0.999999999999847
2404,241.400000,241.400000,1.000000,1.000000
2404,241.399999999990627,241.399999999990627,0.999999999999831,0.999999999999831
2405,241.500000,241.500000,1.000000,1.000000
2405,241.499999999990621,241.499999999990621,0.999999999999815,0.999999999999815
2406,241.600000,241.600000,1.000000,1.000000
2406,241.599999999990615,241.599999999990615,0.999999999999799,0.999999999999799
2407,241.700000,241.700000,1.000000,1.000000
2407,241.699999999990581,241.699999999990581,0.999999999999792,0.999999999999792
2408,241.800000,241.800000,1.000000,1.000000
2408,241.799999999990547,241.799999999990547,0.999999999999792,0.999999999999792
2409,241.900000,241.900000,1.000000,1.000000
2409,241.899999999990513,241.899999999990513,0.999999999999799,0.999999999999799
2410,242.000000,242.000000,1.000000,1.000000
2410,241.999999999990479,241.999999999990479,0.999999999999815,0.999999999999815
2411,242.100000,242.100000,1.000000,1.000000
2411,242.099999999990473,242.099999999990473,0.999999999999831,0.999999999999831
2412,242.200000,242.200000,1.000000,1.000000
2412,242.199999999990467,242.199999999990467,0.999999999999847,0.999999999999847
2413,242.300000,242.300000,1.000000,1.000000
2413,242.299999999990462,242.299999999990462,0.999999999999863,0.999999999999863
2414,242.400000,242.400000,1.000000,1.000000
2414,242.399999999990456,242.399999999990456,0.999999999999879,0.999999999999879
2415,242.500000,242.500000,1.000000,1.000000
2415,242.499999999990450,242.499999999990450,0.999999999999895,0.999999999999895
2416,242.600000,242.600000,1.000000,1.000000
2416,242.599999999990445,242.599999999990445,0.999999999999911,0.999999999999911
2417,242.700000,242.700000,1.000000,1.000000
2417,242.699999999990439,242.699999999990439,0.999999999999926,0.999999999999926
2418,242.800000,242.800000,1.000000,1.000000
2418,242.799999999990433,242.799999999990433,0.999999999999942,0.999999999999942
2419,242.900000,242.900000,1.000000,1.000000
2419,242.899999999990428,242.899999999990428,0.999999999999958,0.999999999999958
2420,243.000000,243.000000,1.000000,1.000000
2420,242.999999999990422,242.999999999990422,0.999999999999974,0.999999999999974
2421,243.100000,243.100000,1.000000,1.000000
2421,243.099999999990416,243.099999999990416,0.999999999999990,0.999999999999990
2422,243.200000,243.200000,1.000000,1.000000
2422,243.199999999990411,243.199999999990411,1.000000000000006,1.000000000000006
2423,243.300000,243.300000,1.000000,1.000000
2423,243.299999999990405,243.299999999990405,1.000000000000022,1.000000000000022
2424,243.400000,243.400000,1.000000,1.000000
2424,243.399999999990399,243.399999999990399,1.000000000000037,1.000000000000037
2425,243.500000,243.500000,1.000000,1.000000
2425,243.499999999990393,243.499999999990393,1.000000000000053,1.000000000000053
2426,243.600000,243.600000,1.000000,1.000000
2426,243.599999999990388,243.599999999990388,1.000000000000069,1.000000000000069
2427,243.700000,243.700000,1.000000,1.000000
2427,243.699999999990382,243.699999999990382,1.000000000000085,1.000000000000085
2428,243.800000,243.800000,1.000000,1.000000
2428,243.799999999990376,243.799999999990376,1.000000000000100,1.000000000000100
2429,243.900000,243.900000,1.000000,1.000000
2429,243.899999999990399,243.899999999990399,1.000000000000108,1.000000000000108
2430,244.000000,244.000000,1.000000,1.000000
2430,243.999999999990422,243.999999999990422,1.000000000000108,1.000000000000108
2431,244.100000,244.100000,1.000000,1.000000
2431,244.099999999990445,244.099999999990445,1.000000000000100,1.000000000000100
2432,244.200000,244.200000,1.000000,1.000000
2432,244.199999999990467,244.199999999990467,1.000000000000085,1.000000000000085
2433,244.300000,244.300000,1.000000,1.000000
2433,244.299999999990462,244.299999999990462,1.000000000000069,1.000000000000069
2434,244.400000,244.400000,1.000000,1.000000
2434,244.399999999990456,244.399999999990456,1.000000000000053,1.000000000000053
2435,244.500000,244.500000,1.000000,1.000000
2435,244.499999999990450,244.499999999990450,1.000000000000037,1.000000000000037
2436,244.600000,244.600000,1.000000,1.000000
2436,244.599999999990445,244.599999999990445,1.000000000000022,1.000000000000022
2437,244.700000,244.700000,1.000000,1.000000
2437,244.699999999990439,244.699999999990439,1.000000000000006,1.000000000000006
2438,244.800000,244.800000,1.000000,1.000000
2438,244.799999999990433,244.799999999990433,0.999999999999990,0.999999999999990
2439,244.900000,244.900000,1.000000,1.000000
2439,244.899999999990428,244.899999999990428,0.999999999999974,0.999999999999974
2440,245.000000,245.000000,1.000000,1.000000
2440,244.999999999990422,244.999999999990422,0.999999999999958,0.999999999999958
2441,245.100000,245.100000,1.000000,1.000000
2441,245.099999999990416,245.099999999990416,0.999999999999942,0.999999999999942
2442,245.200000,245.200000,1.000000,1.000000
2442,245.199999999990411,245.199999999990411,0.999999999999926,0.999999999999926
2443,245.300000,245.300000,1.000000,1.000000
2443,245.299999999990405,245.299999999990405,0.999999999999911,0.999999999999911
2444,245.400000,245.400000,1.000000,1.000000
2444,245.399999999990399,245.399999999990399,0.999999999999895,0.999999999999895
2445,245.500000,245.500000,1.000000,1.000000
2445,245.499999999990393,245.499999999990393,0.999999999999879,0.999999999999879
2446,245.600000,245.600000,1.000000,1.000000
2446,245.599999999990388,245.599999999990388,0.999999999999863,0.999999999999863
2447,245.700000,245.700000,1.000000,1.000000
2447,245.699999999990382,245.699999999990382,0.999999999999847,0.999999999999847
2448,245.800000,245.800000,1.000000,1.000000
2448,245.799999999990376,245.799999999990376,0.999999999999831,0.999999999999831
2449,245.900000,245.900000,1.000000,1.000000
2449,245.899999999990371,245.899999999990371,0.999999999999815,0.999999999999815
2450,246.000000,246.000000,1.000000,1.000000
2450,245.999999999990365,245.999999999990365,0.999999999999799,0.999999999999799
2451,246.100000,246.100000,1.000000,1.000000
2451,246.099999999990331,246.099999999990331,0.999999999999792,0.999999999999792
2452,246.200000,246.200000,1.000000,1.000000
2452,246.199999999990297,246.199999999990297,0.999999999999792,0.999999999999792
2453,246.300000,246.300000,1.000000,1.000000
2453,246.299999999990263,246.299999999990263,0.999999999999799,0.999999999999799
2454,246.400000,246.400000,1.000000,1.000000
2454,246.399999999990229,246.399999999990229,0.999999999999815,0.999999999999815
2455,246.500000,246.500000,1.000000,1.000000
2455,246.499999999990223,246.499999999990223,0.999999999999831,0.999999999999831
2456,246.600000,246.600000,1.000000,1.000000
2456,246.599999999990217,246.599999999990217,0.999999999999847,0.999999999999847
2457,246.700000,246.700000,1.000000,1.000000
2457,246.699999999990212,246.699999999990212,0.999999999999863,0.999999999999863
2458,246.800000,246.800000,1.000000,1.000000
2458,246.799999999990206,246.799999999990206,0.999999999999879,0.999999999999879
2459,246.900000,246.900000,1.000000,1.000000
2459,246.899999999990200,246.899999999990200,0.999999999999895,0.999999999999895
2460,247.000000,247.000000,1.000000,1.000000
2460,246.999999999990195,246.999999999990195,0.999999999999911,0.999999999999911
2461,247.100000,247.100000,1.000000,1.000000
2461,247.099999999990189,247.099999999990189,0.999999999999926,0.999999999999926
2462,247.200000,247.200000,1.000000,1.000000
2462,247.199999999990183,247.199999999990183,0.999999999999942,0.999999999999942
2463,247.300000,247.300000,1.000000,1.000000
2463,247.299999999990177,247.299999999990177,0.999999999999958,0.999999999999958
2464,247.400000,247.400000,1.000000,1.000000
2464,247.399999999990172,247.399999999990172,0.999999999999974,0.999999999999974
2465,247.500000,247.500000,1.000000,1.000000
2465,247.499999999990166,247.499999999990166,0.999999999999990,0.999999999999990
2466,247.600000,247.600000,1.000000,1.000000
2466,247.599999999990160,247.599999999990160,1.000000000000006,1.000000000000006
2467,247.700000,247.700000,1.000000,1.000000
2467,247.699999999990155,247.699999999990155,1.000000000000022,1.000000000000022
2468,247.800000,247.800000,1.000000,1.000000
2468,247.799999999990149,247.799999999990149,1.000000000000037,1.000000000000037
2469,247.900000,247.900000,1.000000,1.000000
2469,247.899999999990143,247.899999999990143,1.000000000000053,1.000000000000053
2470,248.000000,248.000000,1.000000,1.000000
2470,247.999999999990138,247.999999999990138,1.000000000000069,1.000000000000069
2471,248.100000,248.100000,1.000000,1.000000
2471,248.099999999990132,248.099999999990132,1.000000000000085,1.000000000000085
2472,248.200000,248.200000,1.000000,1.000000
2472,248.199999999990126,248.199999999990126,1.000000000000100,1.000000000000100
2473,248.300000,248.300000,1.000000,1.000000
2473,248.299999999990149,248.299999999990149,1.000000000000108,1.000000000000108
2474,248.400000,248.400000,1.000000,1.000000
2474,248.399999999990172,248.399999999990172,1.000000000000108,1.000000000000108
2475,248.500000,248.500000,1.000000,1.000000
2475,248.499999999990195,248.499999999990195,1.000000000000100,1.000000000000100
2476,248.600000,248.600000,1.000000,1.000000
2476,248.599999999990217,248.599999999990217,1.000000000000085,1.000000000000085
2477,248.700000,248.700000,1.000000,1.000000
2477,248.699999999990212,248.699999999990212,1.000000000000069,1.000000000000069
2478,248.800000,248.800000,1.000000,1.000000
2478,248.799999999990206,248.799999999990206,1.000000000000053,1.000000000000053
2479,248.900000,248.900000,1.000000,1.000000
2479,248.899999999990200,248.899999999990200,1.000000000000037,1.000000000000037
2480,249.000000,249.000000,1.000000,1.000000
2480,248.999999999990195,248.999999999990195,1.000000000000022,1.000000000000022
2481,249.100000,249.100000,1.000000,1.000000
2481,249.099999999990189,249.099999999990189,1.000000000000006,1.000000000000006
2482,249.200000,249.200000,1.000000,1.000000
2482,249.199999999990183,249.199999999990183,0.999999999999990,0.999999999999990
2483,249.300000,249.300000,1.000000,1.000000
2483,249.299999999990177,249.299999999990177,0.999999999999974,0.999999999999974
2484,249.400000,249.400000,1.000000,1.000000
2484,249.399999999990172,249.399999999990172,0.999999999999958,0.999999999999958
2485,249.500000,249.500000,1.000000,1.000000
2485,249.499999999990166,249.499999999990166,0.999999999999942,0.999999999999942
2486,249.600000,249.600000,1.000000,1.000000
2486,249.599999999990160,249.599999999990160,0.999999999999926,0.999999999999926
2487,249.700000,249.700000,1.000000,1.000000
2487,249.699999999990155,249.699999999990155,0.999999999999911,0.999999999999911
2488,249.800000,249.800000,1.000000,1.000000
2488,249.799999999990149,249.799999999990149,0.999999999999895,0.999999999999895
2489,249.900000,249.900000,1.000000,1.000000
2489,249.899999999990143,249.899999999990143,0.999999999999879,0.999999999999879
2490,250.000000,250.000000,1.000000,1.000000
2490,249.999999999990138,249.999999999990138,0.999999999999863,0.999999999999863
2491,250.100000,250.100000,1.000000,1.000000
2491,250.099999999990132,250.099999999990132,0.999999999999847,0.999999999999847
2492,250.200000,250.200000,1.000000,1.000000
2492,250.199999999990126,250.199999999990126,0.999999999999831,0.999999999999831
2493,250.300000,250.300000,1.000000,1.000000
2493,250.299999999990121,250.299999999990121,0.999999999999815,0.999999999999815
2494,250.400000,250.400000,1.000000,1.000000
2494,250.399999999990115,250.399999999990115,0.999999999999799,0.999999999999799
2495,250.500000,250.500000,1.000000,1.000000
2495,250.499999999990081,250.499999999990081,0.999999999999792,0.999999999999792
2496,250.600000,250.600000,1.000000,1.000000
2496,250.599999999990047,250.599999999990047,0.999999999999792,0.999999999999792
2497,250.700000,250.700000,1.000000,1.000000
2497,250.699999999990013,250.699999999990013,0.999999999999799,0.999999999999799
2498,250.800000,250.800000,1.000000,1.000000
2498,250.799999999989979,250.799999999989979,0.999999999999815,0.999999999999815
2499,250.900000,250.900000,1.000000,1.000000
2499,250.899999999989973,250.899999999989973,0.999999999999831,0.999999999999831
2500,251.000000,251.000000,1.000000,1.000000
2500,250.999999999989967,250.999999999989967,0.999999999999847,0.999999999999847
2501,251.100000,251.100000,1.000000,1.000000
2501,251.099999999989961,251.099999999989961,0.999999999999863,0.999999999999863
2502,251.200000,251.200000,1.000000,1.000000
2502,251.199999999989956,251.199999999989956,0.999999999999879,0.999999999999879
2503,251.300000,251.300000,1.000000,1.000000
2503,251.299999999989950,251.299999999989950,0.999999999999895,0.999999999999895
2504,251.400000,251.400000,1.000000,1.000000
2504,251.399999999989944,251.399999999989944,0.999999999999911,0.999999999999911
2505,251.500000,251.500000,1.000000,1.000000
2505,251.499999999989939,251.499999999989939,0.999999999999926,0.999999999999926
2506,251.600000,251.600000,1.000000,1.000000
2506,251.599999999989933,251.599999999989933,0.999999999999942,0.999999999999942
2507,251.700000,251.700000,1.000000,1.000000
2507,251.699999999989927,251.699999999989927,0.999999999999958,0.999999999999958
2508,251.800000,251.800000,1.000000,1.000000
2508,251.799999999989922,251.799999999989922,0.999999999999974,0.999999999999974
2509,251.900000,251.900000,1.000000,1.000000
2509,251.899999999989916,251.899999999989916,0.999999999999990,0.999999999999990
2510,252.000000,252.000000,1.000000,1.000000
2510,251.999999999989910,251.999999999989910,1.000000000000006,1.000000000000006
2511,252.100000,252.100000,1.000000,1.000000
2511,252.099999999989905,252.099999999989905,1.000000000000022,1.000000000000022
2512,252.200000,252.200000,1.000000,1.000000
2512,252.199999999989899,252.199999999989899,1.000000000000037,1.000000000000037
2513,252.300000,252.300000,1.000000,1.000000
2513,252.299999999989893,252.299999999989893,1.000000000000053,1.000000000000053
2514,252.400000,252.400000,1.000000,1.000000
2514,252.399999999989888,252.399999999989888,1.000000000000069,1.000000000000069
2515,252.500000,252.500000,1.000000,1.000000
2515,252.499999999989882,252.499999999989882,1.000000000000085,1.000000000000085
2516,252.600000,252.600000,1.000000,1.000000
2516,252.599999999989876,252.599999999989876,1.000000000000100,1.000000000000100
2517,252.700000,252.700000,1.000000,1.000000
2517,252.699999999989899,252.699999999989899,1.000000000000108,1.000000000000108
2518,252.800000,252.800000,1.000000,1.000000
2518,252.799999999989922,252.799999999989922,1.000000000000108,1.000000000000108
2519,252.900000,252.900000,1.000000,1.000000
2519,252.899999999989944,252.899999999989944,1.000000000000100,1.000000000000100
2520,253.000000,253.000000,1.000000,1.000000
2520,252.999999999989967,252.999999999989967,1.000000000000085,1.000000000000085
2521,253.100000,253.100000,1.000000,1.000000
2521,253.099999999989961,253.099999999989961,1.000000000000069,1.000000000000069
2522,253.200000,253.200000,1.000000,1.000000
2522,253.199999999989956,253.199999999989956,1.000000000000053,1.000000000000053
2523,253.300000,253.300000,1.000000,1.000000
2523,253.299999999989950,253.299999999989950,1.000000000000037,1.000000000000037
2524,253.400000,253.400000,1.000000,1.000000
2524,253.399999999989944,253.399999999989944,1.000000000000022,1.000000000000022
2525,253.500000,253.500000,1.000000,1.000000
2525,253.499999999989939,253.499999999989939,1.000000000000006,1.000000000000006
2526,253.600000,253.600000,1.000000,1.000000
2526,253.599999999989933,253.599999999989933,0.999999999999990,0.999999999999990
2527,253.700000,253.700000,1.000000,1.000000
2527,253.699999999989927,253.699999999989927,0.999999999999974,0.999999999999974
2528,253.800000,253.800000,1.000000,1.000000
2528,253.799999999989922,253.799999999989922,0.999999999999958,0.999999999999958
2529,253.900000,253.900000,1.000000,1.000000
2529,253.899999999989916,253.899999999989916,0.999999999999942,0.999999999999942
2530,254.000000,254.000000,1.000000,1.000000
2530,253.999999999989910,253.999999999989910,0.999999999999926,0.999999999999926
2531,254.100000,254.100000,1.000000,1.000000
2531,254.099999999989905,254.099999999989905,0.999999999999911,0.999999999999911
2532,254.200000,254.200000,1.000000,1.000000
2532,254.199999999989899,254.199999999989899,0.999999999999895,0.999999999999895
2533,254.300000,254.300000,1.000000,1.000000
2533,254.299999999989893,254.299999999989893,0.999999999999879,0.999999999999879
2534,254.400000,254.400000,1.000000,1.000000
2534,254.399999999989888,254.399999999989888,0.999999999999863,0.999999999999863
2535,254.500000,254.500000,1.000000,1.000000
2535,254.499999999989882,254.499999999989882,0.999999999999847,0.999999999999847
2536,254.600000,254.600000,1.000000,1.000000
2536,254.599999999989876,254.599999999989876,0.999999999999831,0.999999999999831
2537,254.700000,254.700000,1.000000,1.000000
2537,254.699999999989871,254.699999999989871,0.999999999999815,0.999999999999815
2538,254.800000,254.800000,1.000000,1.000000
2538,254.799999999989865,254.799999999989865,0.999999999999799,0.999999999999799
2539,254.900000,254.900000,1.000000,1.000000
2539,254.899999999989831,254.899999999989831,0.999999999999792,0.999999999999792
2540,255.000000,255.000000,1.000000,1.000000
2540,254.999999999989797,254.999999999989797,0.999999999999792,0.999999999999792
2541,255.100000,255.100000,1.000000,1.000000
2541,255.099999999989763,255.099999999989763,0.999999999999799,0.999999999999799
2542,255.200000,255.200000,1.000000,1.000000
2542,255.199999999989728,255.199999999989728,0.999999999999815,0.999999999999815
2543,255.300000,255.300000,1.000000,1.000000
2543,255.299999999989723,255.299999999989723,0.999999999999831,0.999999999999831
2544,255.400000,255.400000,1.000000,1.000000
2544,255.399999999989717,255.399999999989717,0.999999999999847,0.999999999999847
2545,255.500000,255.500000,1.000000,1.000000
2545,255.499999999989711,255.499999999989711,0.999999999999863,0.999999999999863
2546,255.600000,255.600000,1.000000,1.000000
2546,255.599999999989706,255.599999999989706,0.999999999999879,0.999999999999879
2547,255.700000,255.700000,1.000000,1.000000
2547,255.699999999989700,255.699999999989700,0.999999999999895,0.999999999999895
2548,255.800000,255.800000,1.000000,1.000000
2548,255.799999999989694,255.799999999989694,0.999999999999911,0.999999999999911
2549,255.900000,255.900000,1.000000,1.000000
2549,255.899999999989689,255.899999999989689,0.999999999999926,0.999999999999926
2550,256.000000,256.000000,1.000000,1.000000
2550,255.999999999989683,255.999999999989683,0.999999999999942,0.999999999999942
2551,256.100000,256.100000,1.000000,1.000000
2551,256.099999999989677,256.099999999989677,0.999999999999958,0.999999999999958
2552,256.200000,256.200000,1.000000,1.000000
2552,256.199999999989700,256.199999999989700,0.999999999999974,0.999999999999974
2553,256.300000,256.300000,1.000000,1.000000
2553,256.299999999989723,256.299999999989723,0.999999999999990,0.999999999999990
2554,256.400000,256.400000,1.000000,1.000000
2554,256.399999999989745,256.399999999989745,1.000000000000006,1.000000000000006
2555,256.500000,256.500000,1.000000,1.000000
2555,256.499999999989768,256.499999999989768,1.000000000000022,1.000000000000022
2556,256.600000,256.600000,1.000000,1.000000
2556,256.599999999989791,256.599999999989791,1.000000000000037,1.000000000000037
2557,256.700000,256.700000,1.000000,1.000000
2557,256.699999999989814,256.699999999989814,1.000000000000053,1.000000000000053
2558,256.800000,256.800000,1.000000,1.000000
2558,256.799999999989836,256.799999999989836,1.000000000000069,1.000000000000069
2559,256.900000,256.900000,1.000000,1.000000
2559,256.899999999989859,256.899999999989859,1.000000000000085,1.000000000000085
2560,257.000000,257.000000,1.000000,1.000000
2560,256.999999999989882,256.999999999989882,1.000000000000100,1.000000000000100
2561,257.100000,257.100000,1.000000,1.000000
2561,257.099999999989905,257.099999999989905,1.000000000000116,1.000000000000116
2562,257.200000,257.200000,1.000000,1.000000
2562,257.199999999989927,257.199999999989927,1.000000000000132,1.000000000000132
2563,257.300000,257.300000,1.000000,1.000000
2563,257.299999999989950,257.299999999989950,1.000000000000148,1.000000000000148
2564,257.400000,257.400000,1.000000,1.000000
2564,257.399999999989973,257.399999999989973,1.000000000000163,1.000000000000163
2565,257.500000,257.500000,1.000000,1.000000
2565,257.499999999989996,257.499999999989996,1.000000000000179,1.000000000000179
2566,257.600000,257.600000,1.000000,1.000000
2566,257.599999999990018,257.599999999990018,1.000000000000195,1.000000000000195
2567,257.700000,257.700000,1.000000,1.000000
2567,257.699999999990041,257.699999999990041,1.000000000000211,1.000000000000211
2568,257.800000,257.800000,1.000000,1.000000
2568,257.799999999990064,257.799999999990064,1.000000000000226,1.000000000000226
2569,257.900000,257.900000,1.000000,1.000000
2569,257.899999999990087,257.899999999990087,1.000000000000242,1.000000000000242
2570,258.000000,258.000000,1.000000,1.000000
2570,257.999999999990109,257.999999999990109,1.000000000000258,1.000000000000258
2571,258.100000,258.100000,1.000000,1.000000
2571,258.099999999990132,258.099999999990132,1.000000000000274,1.000000000000274
2572,258.200000,258.200000,1.000000,1.000000
2572,258.199999999990155,258.199999999990155,1.000000000000290,1.000000000000290
2573,258.300000,258.300000,1.000000,1.000000
2573,258.299999999990177,258.299999999990177,1.000000000000305,1.000000000000305
2574,258.400000,258.400000,1.000000,1.000000
2574,258.399999999990200,258.399999999990200,1.000000000000321,1.000000000000321
2575,258.500000,258.500000,1.000000,1.000000
2575,258.499999999990223,258.499999999990223,1.000000000000337,1.000000000000337
2576,258.600000,258.600000,1.000000,1.000000
2576,258.599999999990246,258.599999999990246,1.000000000000353,1.000000000000353
2577,258.700000,258.700000,1.000000,1.000000
2577,258.699999999990268,258.699999999990268,1.000000000000368,1.000000000000368
2578,258.800000,258.800000,1.000000,1.000000
2578,258.799999999990291,258.799999999990291,1.000000000000384,1.000000000000384
2579,258.900000,258.900000,1.000000,1.000000
2579,258.899999999990314,258.899999999990314,1.000000000000400,1.000000000000400
2580,259.000000,259.000000,1.000000,1.000000
2580,258.999999999990337,258.999999999990337,1.000000000000416,1.000000000000416
2581,259.100000,259.100000,1.000000,1.000000
2581,259.099999999990359,259.099999999990359,1.000000000000431,1.000000000000431
2582,259.200000,259.200000,1.000000,1.000000
2582,259.199999999990382,259.199999999990382,1.000000000000447,1.000000000000447
2583,259.300000,259.300000,1.000000,1.000000
2583,259.299999999990405,259.299999999990405,1.000000000000463,1.000000000000463
2584,259.400000,259.400000,1.000000,1.000000
2584,259.399999999990428,259.399999999990428,1.000000000000479,1.000000000000479
2585,259.500000,259.500000,1.000000,1.000000
2585,259.499999999990450,259.499999999990450,1.000000000000494,1.000000000000494
2586,259.600000,259.600000,1.000000,1.000000
2586,259.599999999990473,259.599999999990473,1.000000000000510,1.000000000000510
2587,259.700000,259.700000,1.000000,1.000000
2587,259.699999999990496,259.699999999990496,1.000000000000526,1.000000000000526
2588,259.800000,259.800000,1.000000,1.000000
2588,259.799999999990575,259.799999999990575,1.000000000000526,1.000000000000526
2589,259.900000,259.900000,1.000000,1.000000
2589,259.899999999990655,259.899999999990655,1.000000000000510,1.000000000000510
2590,260.000000,260.000000,1.000000,1.000000
2590,259.999999999990678,259.999999999990678,1.000000000000494,1.000000000000494
2591,260.100000,260.100000,1.000000,1.000000
2591,260.099999999990700,260.099999999990700,1.000000000000479,1.000000000000479
2592,260.200000,260.200000,1.000000,1.000000
2592,260.199999999990723,260.199999999990723,1.000000000000463,1.000000000000463
2593,260.300000,260.300000,1.000000,1.000000
2593,260.299999999990746,260.299999999990746,1.000000000000447,1.000000000000447
2594,260.400000,260.400000,1.000000,1.000000
2594,260.399999999990769,260.399999999990769,1.000000000000431,1.000000000000431
2595,260.500000,260.500000,1.000000,1.000000
2595,260.499999999990791,260.499999999990791,1.000000000000416,1.000000000000416
2596,260.600000,260.600000,1.000000,1.000000
2596,260.599999999990814,260.599999999990814,1.000000000000400,1.000000000000400
2597,260.700000,260.700000,1.000000,1.000000
2597,260.699999999990837,260.699999999990837,1.000000000000384,1.000000000000384
2598,260.800000,260.800000,1.000000,1.000000
2598,260.799999999990860,260.799999999990860,1.000000000000368,1.000000000000368
2599,260.900000,260.900000,1.000000,1.000000
2599,260.899999999990882,260.899999999990882,1.000000000000353,1.000000000000353
2600,261.000000,261.000000,1.000000,1.000000
2600,260.999999999990905,260.999999999990905,1.000000000000337,1.000000000000337
2601,261.100000,261.100000,1.000000,1.000000
2601,261.099999999990928,261.099999999990928,1.000000000000321,1.000000000000321
2602,261.200000,261.200000,1.000000,1.000000
2602,261.199999999990951,261.199999999990951,1.000000000000305,1.000000000000305
2603,261.300000,261.300000,1.000000,1.000000
2603,261.299999999990973,261.299999999990973,1.000000000000290,1.000000000000290
2604,261.400000,261.400000,1.000000,1.000000
2604,261.399999999990996,261.399999999990996,1.000000000000274,1.000000000000274
2605,261.500000,261.500000,1.000000,1.000000
2605,261.499999999991019,261.499999999991019,1.000000000000258,1.000000000000258
2606,261.600000,261.600000,1.000000,1.000000
2606,261.599999999991041,261.599999999991041,1.000000000000242,1.000000000000242
2607,261.700000,261.700000,1.000000,1.000000
2607,261.699999999991064,261.699999999991064,1.000000000000226,1.000000000000226
2608,261.800000,261.800000,1.000000,1.000000
2608,261.799999999991087,261.799999999991087,1.000000000000211,1.000000000000211
2609,261.900000,261.900000,1.000000,1.000000
2609,261.899999999991110,261.899999999991110,1.000000000000195,1.000000000000195
2610,262.000000,262.000000,1.000000,1.000000
2610,261.999999999991132,261.999999999991132,1.000000000000179,1.000000000000179
2611,262.100000,262.100000,1.000000,1.000000
2611,262.099999999991155,262.099999999991155,1.000000000000163,1.000000000000163
2612,262.200000,262.200000,1.000000,1.000000
2612,262.199999999991178,262.199999999991178,1.000000000000148,1.000000000000148
2613,262.300000,262.300000,1.000000,1.000000
2613,262.299999999991201,262.299999999991201,1.000000000000132,1.000000000000132
2614,262.400000,262.400000,1.000000,1.000000
2614,262.399999999991223,262.399999999991223,1.000000000000116,1.000000000000116
2615,262.500000,262.500000,1.000000,1.000000
2615,262.499999999991246,262.499999999991246,1.000000000000100,1.000000000000100
2616,262.600000,262.600000,1.000000,1.000000
2616,262.599999999991269,262.599999999991269,1.000000000000085,1.000000000000085
2617,262.700000,262.700000,1.000000,1.000000
2617,262.699999999991292,262.699999999991292,1.000000000000069,1.000000000000069
2618,262.800000,262.800000,1.000000,1.000000
2618,262.799999999991314,262.799999999991314,1.000000000000053,1.000000000000053
2619,262.900000,262.900000,1.000000,1.000000
2619,262.899999999991337,262.899999999991337,1.000000000000037,1.000000000000037
2620,263.000000,263.000000,1.000000,1.000000
2620,262.999999999991360,262.999999999991360,1.000000000000022,1.000000000000022
2621,263.100000,263.100000,1.000000,1.000000
2621,263.099999999991383,263.099999999991383,1.000000000000006,1.000000000000006
2622,263.200000,263.200000,1.000000,1.000000
2622,263.199999999991405,263.199999999991405,0.999999999999990,0.999999999999990
2623,263.300000,263.300000,1.000000,1.000000
2623,263.299999999991428,263.299999999991428,0.999999999999974,0.999999999999974
2624,263.400000,263.400000,1.000000,1.000000
2624,263.399999999991451,263.399999999991451,0.999999999999958,0.999999999999958
2625,263.500000,263.500000,1.000000,1.000000
2625,263.499999999991473,263.499999999991473,0.999999999999942,0.999999999999942
2626,263.600000,263.600000,1.000000,1.000000
2626,263.599999999991439,263.599999999991439,0.999999999999942,0.999999999999942
2627,263.700000,263.700000,1.000000,1.000000
2627,263.699999999991405,263.699999999991405,0.999999999999958,0.999999999999958
2628,263.800000,263.800000,1.000000,1.000000
2628,263.799999999991428,263.799999999991428,0.999999999999974,0.999999999999974
2629,263.900000,263.900000,1.000000,1.000000
2629,263.899999999991451,263.899999999991451,0.999999999999990,0.999999999999990
2630,264.000000,264.000000,1.000000,1.000000
2630,263.999999999991473,263.999999999991473,1.000000000000006,1.000000000000006
2631,264.100000,264.100000,1.000000,1.000000
2631,264.099999999991496,264.099999999991496,1.000000000000022,1.000000000000022
2632,264.200000,264.200000,1.000000,1.000000
2632,264.199999999991519,264.199999999991519,1.000000000000037,1.000000000000037
2633,264.300000,264.300000,1.000000,1.000000
2633,264.299999999991542,264.299999999991542,1.000000000000053,1.000000000000053
2634,264.400000,264.400000,1.000000,1.000000
2634,264.399999999991564,264.399999999991564,1.000000000000069,1.000000000000069
2635,264.500000,264.500000,1.000000,1.000000
2635,264.499999999991587,264.499999999991587,1.000000000000085,1.000000000000085
2636,264.600000,264.600000,1.000000,1.000000
2636,264.599999999991610,264.599999999991610,1.000000000000100,1.000000000000100
2637,264.700000,264.700000,1.000000,1.000000
2637,264.699999999991633,264.699999999991633,1.000000000000116,1.000000000000116
2638,264.800000,264.800000,1.000000,1.000000
2638,264.799999999991655,264.799999999991655,1.000000000000132,1.000000000000132
2639,264.900000,264.900000,1.000000,1.000000
2639,264.899999999991678,264.899999999991678,1.000000000000148,1.000000000000148
2640,265.000000,265.000000,1.000000,1.000000
2640,264.999999999991701,264.999999999991701,1.000000000000163,1.000000000000163
2641,265.100000,265.100000,1.000000,1.000000
2641,265.099999999991724,265.099999999991724,1.000000000000179,1.000000000000179
2642,265.200000,265.200000,1.000000,1.000000
2642,265.199999999991746,265.199999999991746,1.000000000000195,1.000000000000195
2643,265.300000,265.300000,1.000000,1.000000
2643,265.299999999991769,265.299999999991769,1.000000000000211,1.000000000000211
2644,265.400000,265.400000,1.000000,1.000000
2644,265.399999999991792,265.399999999991792,1.000000000000226,1.000000000000226
2645,265.500000,265.500000,1.000000,1.000000
2645,265.499999999991815,265.499999999991815,1.000000000000242,1.000000000000242
2646,265.600000,265.600000,1.000000,1.000000
2646,265.599999999991837,265.599999999991837,1.000000000000258,1.000000000000258
2647,265.700000,265.700000,1.000000,1.000000
2647,265.699999999991860,265.699999999991860,1.000000000000274,1.000000000000274
2648,265.800000,265.800000,1.000000,1.000000
2648,265.799999999991883,265.799999999991883,1.000000000000290,1.000000000000290
2649,265.900000,265.900000,1.000000,1.000000
2649,265.899999999991905,265.899999999991905,1.000000000000305,1.000000000000305
2650,266.000000,266.000000,1.000000,1.000000
2650,265.999999999991928,265.999999999991928,1.000000000000321,1.000000000000321
2651,266.100000,266.100000,1.000000,1.000000
2651,266.099999999991951,266.099999999991951,1.000000000000337,1.000000000000337
2652,266.200000,266.200000,1.000000,1.000000
2652,266.199999999991974,266.199999999991974,1.000000000000353,1.000000000000353
2653,266.300000,266.300000,1.000000,1.000000
2653,266.299999999991996,266.299999999991996,1.000000000000368,1.000000000000368
2654,266.400000,266.400000,1.000000,1.000000
2654,266.399999999992019,266.399999999992019,1.000000000000384,1.000000000000384
2655,266.500000,266.500000,1.000000,1.000000
2655,266.499999999992042,266.499999999992042,1.000000000000400,1.000000000000400
2656,266.600000,266.600000,1.000000,1.000000
2656,266.599999999992065,266.599999999992065,1.000000000000416,1.000000000000416
2657,266.700000,266.700000,1.000000,1.000000
2657,266.699999999992087,266.699999999992087,1.000000000000431,1.000000000000431
2658,266.800000,266.800000,1.000000,1.000000
2658,266.799999999992110,266.799999999992110,1.000000000000447,1.000000000000447
2659,266.900000,266.900000,1.000000,1.000000
2659,266.899999999992133,266.899999999992133,1.000000000000463,1.000000000000463
2660,267.000000,267.000000,1.000000,1.000000
2660,266.999999999992156,266.999999999992156,1.000000000000479,1.000000000000479
2661,267.100000,267.100000,1.000000,1.000000
2661,267.099999999992178,267.099999999992178,1.000000000000494,1.000000000000494
2662,267.200000,267.200000,1.000000,1.000000
2662,267.199999999992201,267.199999999992201,1.000000000000510,1.000000000000510
2663,267.300000,267.300000,1.000000,1.000000
2663,267.299999999992224,267.299999999992224,1.000000000000526,1.000000000000526
2664,267.400000,267.400000,1.000000,1.000000
2664,267.399999999992303,267.399999999992303,1.000000000000526,1.000000000000526
2665,267.500000,267.500000,1.000000,1.000000
2665,267.499999999992383,267.499999999992383,1.000000000000510,1.000000000000510
2666,267.600000,267.600000,1.000000,1.000000
2666,267.599999999992406,267.599999999992406,1.000000000000494,1.000000000000494
2667,267.700000,267.700000,1.000000,1.000000
2667,267.699999999992428,267.699999999992428,1.000000000000479,1.000000000000479
2668,267.800000,267.800000,1.000000,1.000000
2668,267.799999999992451,267.799999999992451,1.000000000000463,1.000000000000463
2669,267.900000,267.900000,1.000000,1.000000
2669,267.899999999992474,267.899999999992474,1.000000000000447,1.000000000000447
2670,268.000000,268.000000,1.000000,1.000000
2670,267.999999999992497,267.999999999992497,1.000000000000431,1.000000000000431
2671,268.100000,268.100000,1.000000,1.000000
2671,268.099999999992519,268.099999999992519,1.000000000000416,1.000000000000416
2672,268.200000,268.200000,1.000000,1.000000
2672,268.199999999992542,268.199999999992542,1.000000000000400,1.000000000000400
2673,268.300000,268.300000,1.000000,1.000000
2673,268.299999999992565,268.299999999992565,1.000000000000384,1.000000000000384
2674,268.400000,268.400000,1.000000,1.000000
2674,268.399999999992588,268.399999999992588,1.000000000000368,1.000000000000368
2675,268.500000,268.500000,1.000000,1.000000
2675,268.499999999992610,268.499999999992610,1.000000000000353,1.000000000000353
2676,268.600000,268.600000,1.000000,1.000000
2676,268.599999999992633,268.599999999992633,1.000000000000337,1.000000000000337
2677,268.700000,268.700000,1.000000,1.000000
2677,268.699999999992656,268.699999999992656,1.000000000000321,1.000000000000321
2678,268.800000,268.800000,1.000000,1.000000
2678,268.799999999992679,268.799999999992679,1.000000000000305,1.000000000000305
2679,268.900000,268.900000,1.000000,1.000000
2679,268.899999999992701,268.899999999992701,1.000000000000290,1.000000000000290
2680,269.000000,269.000000,1.000000,1.000000
2680,268.999999999992724,268.999999999992724,1.000000000000274,1.000000000000274
2681,269.100000,269.100000,1.000000,1.000000
2681,269.099999999992747,269.099999999992747,1.000000000000258,1.000000000000258
2682,269.200000,269.200000,1.000000,1.000000
2682,269.199999999992770,269.199999999992770,1.000000000000242,1.000000000000242
2683,269.300000,269.300000,1.000000,1.000000
2683,269.299999999992792,269.299999999992792,1.000000000000226,1.000000000000226
2684,269.400000,269.400000,1.000000,1.000000
2684,269.399999999992815,269.399999999992815,1.000000000000211,1.000000000000211
2685,269.500000,269.500000,1.000000,1.000000
2685,269.499999999992838,269.499999999992838,1.000000000000195,1.000000000000195
2686,269.600000,269.600000,1.000000,1.000000
2686,269.599999999992860,269.599999999992860,1.000000000000179,1.000000000000179
2687,269.700000,269.700000,1.000000,1.000000
2687,269.699999999992883,269.699999999992883,1.000000000000163,1.000000000000163
2688,269.800000,269.800000,1.000000,1.000000
2688,269.799999999992906,269.799999999992906,1.000000000000148,1.000000000000148
2689,269.900000,269.900000,1.000000,1.000000
2689,269.899999999992929,269.899999999992929,1.000000000000132,1.000000000000132
2690,270.000000,270.000000,1.000000,1.000000
2690,269.999999999992951,269.999999999992951,1.000000000000116,1.000000000000116
2691,270.100000,270.100000,1.000000,1.000000
2691,270.099999999992974,270.099999999992974,1.000000000000100,1.000000000000100
2692,270.200000,270.200000,1.000000,1.000000
2692,270.199999999992997,270.199999999992997,1.000000000000085,1.000000000000085
2693,270.300000,270.300000,1.000000,1.000000
2693,270.299999999993020,270.299999999993020,1.000000000000069,1.000000000000069
2694,270.400000,270.400000,1.000000,1.000000
2694,270.399999999993042,270.399999999993042,1.000000000000053,1.000000000000053
2695,270.500000,270.500000,1.000000,1.000000
2695,270.499999999993065,270.499999999993065,1.000000000000037,1.000000000000037
2696,270.600000,270.600000,1.000000,1.000000
2696,270.599999999993088,270.599999999993088,1.000000000000022,1.000000000000022
2697,270.700000,270.700000,1.000000,1.000000
2697,270.699999999993111,270.699999999993111,1.000000000000006,1.000000000000006
2698,270.800000,270.800000,1.000000,1.000000
2698,270.799999999993133,270.799999999993133,0.999999999999990,0.999999999999990
2699,270.900000,270.900000,1.000000,1.000000
2699,270.899999999993156,270.899999999993156,0.999999999999974,0.999999999999974
2700,271.000000,271.000000,1.000000,1.000000
2700,270.999999999993179,270.999999999993179,0.999999999999958,0.999999999999958
2701,271.100000,271.100000,1.000000,1.000000
2701,271.099999999993202,271.099999999993202,0.999999999999942,0.999999999999942
2702,271.200000,271.200000,1.000000,1.000000
2702,271.199999999993167,271.199999999993167,0.999999999999942,0.999999999999942
2703,271.300000,271.300000,1.000000,1.000000
2703,271.299999999993133,271.299999999993133,0.999999999999958,0.999999999999958
2704,271.400000,271.400000,1.000000,1.000000
2704,271.399999999993156,271.399999999993156,0.999999999999974,0.999999999999974
2705,271.500000,271.500000,1.000000,1.000000
2705,271.499999999993179,271.499999999993179,0.999999999999990,0.999999999999990
2706,271.600000,271.600000,1.000000,1.000000
2706,271.599999999993202,271.599999999993202,1.000000000000006,1.000000000000006
2707,271.700000,271.700000,1.000000,1.000000
2707,271.699999999993224,271.699999999993224,1.000000000000022,1.000000000000022
2708,271.800000,271.800000,1.000000,1.000000
2708,271.799999999993247,271.799999999993247,1.000000000000037,1.000000000000037
2709,271.900000,271.900000,1.000000,1.000000
2709,271.899999999993270,271.899999999993270,1.000000000000053,1.000000000000053
2710,272.000000,272.000000,1.000000,1.000000
2710,271.999999999993292,271.999999999993292,1.000000000000069,1.000000000000069
2711,272.100000,272.100000,1.000000,1.000000
2711,272.099999999993315,272.099999999993315,1.000000000000085,1.000000000000085
2712,272.200000,272.200000,1.000000,1.000000
2712,272.199999999993338,272.199999999993338,1.000000000000100,1.000000000000100
2713,272.300000,272.300000,1.000000,1.000000
2713,272.299999999993361,272.299999999993361,1.000000000000116,1.000000000000116
2714,272.400000,272.400000,1.000000,1.000000
2714,272.399999999993383,272.399999999993383,1.000000000000132,1.000000000000132
2715,272.500000,272.500000,1.000000,1.000000
2715,272.499999999993406,272.499999999993406,1.000000000000148,1.000000000000148
2716,272.600000,272.600000,1.000000,1.000000
2716,272.599999999993429,272.599999999993429,1.000000000000163,1.000000000000163
2717,272.700000,272.700000,1.000000,1.000000
2717,272.699999999993452,272.699999999993452,1.000000000000179,1.000000000000179
2718,272.800000,272.800000,1.000000,1.000000
2718,272.799999999993474,272.799999999993474,1.000000000000195,1.000000000000195
2719,272.900000,272.900000,1.000000,1.000000
2719,272.899999999993497,272.899999999993497,1.000000000000211,1.000000000000211
2720,273.000000,273.000000,1.000000,1.000000
2720,272.999999999993520,272.999999999993520,1.000000000000226,1.000000000000226
2721,273.100000,273.100000,1.000000,1.000000
2721,273.099999999993543,273.099999999993543,1.000000000000242,1.000000000000242
2722,273.200000,273.200000,1.000000,1.000000
2722,273.199999999993565,273.199999999993565,1.000000000000258,1.000000000000258
2723,273.300000,273.300000,1.000000,1.000000
2723,273.299999999993588,273.299999999993588,1.000000000000274,1.000000000000274
2724,273.400000,273.400000,1.000000,1.000000
2724,273.399999999993611,273.399999999993611,1.000000000000290,1.000000000000290
2725,273.500000,273.500000,1.000000,1.000000
2725,273.499999999993634,273.499999999993634,1.000000000000305,1.000000000000305
2726,273.600000,273.600000,1.000000,1.000000
2726,273.599999999993656,273.599999999993656,1.000000000000321,1.000000000000321
2727,273.700000,273.700000,1.000000,1.000000
2727,273.699999999993679,273.699999999993679,1.000000000000337,1.000000000000337
2728,273.800000,273.800000,1.000000,1.000000
2728,273.799999999993702,273.799999999993702,1.000000000000353,1.000000000000353
2729,273.900000,273.900000,1.000000,1.000000
2729,273.899999999993724,273.899999999993724,1.000000000000368,1.000000000000368
2730,274.000000,274.000000,1.000000,1.000000
2730,273.999999999993747,273.999999999993747,1.000000000000384,1.000000000000384
2731,274.100000,274.100000,1.000000,1.000000
2731,274.099999999993770,274.099999999993770,1.000000000000400,1.000000000000400
2732,274.200000,274.200000,1.000000,1.000000
2732,274.199999999993793,274.199999999993793,1.000000000000416,1.000000000000416
2733,274.300000,274.300000,1.000000,1.000000
2733,274.299999999993815,274.299999999993815,1.000000000000431,1.000000000000431
2734,274.400000,274.400000,1.000000,1.000000
2734,274.399999999993838,274.399999999993838,1.000000000000447,1.000000000000447
2735,274.500000,274.500000,1.000000,1.000000
2735,274.499999999993861,274.499999999993861,1.000000000000463,1.000000000000463
2736,274.600000,274.600000,1.000000,1.000000
2736,274.599999999993884,274.599999999993884,1.000000000000479,1.000000000000479
2737,274.700000,274.700000,1.000000,1.000000
2737,274.699999999993906,274.699999999993906,1.000000000000494,1.000000000000494
2738,274.800000,274.800000,1.000000,1.000000
2738,274.799999999993929,274.799999999993929,1.000000000000510,1.000000000000510
2739,274.900000,274.900000,1.000000,1.000000
2739,274.899999999993952,274.899999999993952,1.000000000000526,1.000000000000526
2740,275.000000,275.000000,1.000000,1.000000
2740,274.999999999994031,274.999999999994031,1.000000000000526,1.000000000000526
2741,275.100000,275.100000,1.000000,1.000000
2741,275.099999999994111,275.099999999994111,1.000000000000510,1.000000000000510
2742,275.200000,275.200000,1.000000,1.000000
2742,275.199999999994134,275.199999999994134,1.000000000000494,1.000000000000494
2743,275.300000,275.300000,1.000000,1.000000
2743,275.299999999994156,275.299999999994156,1.000000000000479,1.000000000000479
2744,275.400000,275.400000,1.000000,1.000000
2744,275.399999999994179,275.399999999994179,1.000000000000463,1.000000000000463
2745,275.500000,275.500000,1.000000,1.000000
2745,275.499999999994202,275.499999999994202,1.000000000000447,1.000000000000447
2746,275.600000,275.600000,1.000000,1.000000
2746,275.599999999994225,275.599999999994225,1.000000000000431,1.000000000000431
2747,275.700000,275.700000,1.000000,1.000000
2747,275.699999999994247,275.699999999994247,1.000000000000416,1.000000000000416
2748,275.800000,275.800000,1.000000,1.000000
2748,275.799999999994270,275.799999999994270,1.000000000000400,1.000000000000400
2749,275.900000,275.900000,1.000000,1.000000
2749,275.899999999994293,275.899999999994293,1.000000000000384,1.000000000000384
2750,276.000000,276.000000,1.000000,1.000000
2750,275.999999999994316,275.999999999994316,1.000000000000368,1.000000000000368
2751,276.100000,276.100000,1.000000,1.000000
2751,276.099999999994338,276.099999999994338,1.000000000000353,1.000000000000353
2752,276.200000,276.200000,1.000000,1.000000
2752,276.199999999994361,276.199999999994361,1.000000000000337,1.000000000000337
2753,276.300000,276.300000,1.000000,1.000000
2753,276.299999999994384,276.299999999994384,1.000000000000321,1.000000000000321
2754,276.400000,276.400000,1.000000,1.000000
2754,276.399999999994407,276.399999999994407,1.000000000000305,1.000000000000305
2755,276.500000,276.500000,1.000000,1.000000
2755,276.499999999994429,276.499999999994429,1.000000000000290,1.000000000000290
2756,276.600000,276.600000,1.000000,1.000000
2756,276.599999999994452,276.599999999994452,1.000000000000274,1.000000000000274
2757,276.700000,276.700000,1.000000,1.000000
2757,276.699999999994475,276.699999999994475,1.000000000000258,1.000000000000258
2758,276.800000,276.800000,1.000000,1.000000
2758,276.799999999994498,276.799999999994498,1.000000000000242,1.000000000000242
2759,276.900000,276.900000,1.000000,1.000000
2759,276.899999999994520,276.899999999994520,1.000000000000226,1.000000000000226
2760,277.000000,277.000000,1.000000,1.000000
2760,276.999999999994543,276.999999999994543,1.000000000000211,1.000000000000211
2761,277.100000,277.100000,1.000000,1.000000
2761,277.099999999994566,277.099999999994566,1.000000000000195,1.000000000000195
2762,277.200000,277.200000,1.000000,1.000000
2762,277.199999999994589,277.199999999994589,1.000000000000179,1.000000000000179
2763,277.300000,277.300000,1.000000,1.000000
2763,277.299999999994611,277.299999999994611,1.000000000000163,1.000000000000163
2764,277.400000,277.400000,1.000000,1.000000
2764,277.399999999994634,277.399999999994634,1.000000000000148,1.000000000000148
2765,277.500000,277.500000,1.000000,1.000000
2765,277.499999999994657,277.499999999994657,1.000000000000132,1.000000000000132
2766,277.600000,277.600000,1.000000,1.000000
2766,277.599999999994679,277.599999999994679,1.000000000000116,1.000000000000116
2767,277.700000,277.700000,1.000000,1.000000
2767,277.699999999994702,277.699999999994702,1.000000000000100,1.000000000000100
2768,277.800000,277.800000,1.000000,1.000000
2768,277.799999999994725,277.799999999994725,1.000000000000085,1.000000000000085
2769,277.900000,277.900000,1.000000,1.000000
2769,277.899999999994748,277.899999999994748,1.000000000000069,1.000000000000069
2770,278.000000,278.000000,1.000000,1.000000
2770,277.999999999994770,277.999999999994770,1.000000000000053,1.000000000000053
2771,278.100000,278.100000,1.000000,1.000000
2771,278.099999999994793,278.099999999994793,1.000000000000037,1.000000000000037
2772,278.200000,278.200000,1.000000,1.000000
2772,278.199999999994816,278.199999999994816,1.000000000000022,1.000000000000022
2773,278.300000,278.300000,1.000000,1.000000
2773,278.299999999994839,278.299999999994839,1.000000000000006,1.000000000000006
2774,278.400000,278.400000,1.000000,1.000000
2774,278.399999999994861,278.399999999994861,0.999999999999990,0.999999999999990
2775,278.500000,278.500000,1.000000,1.000000
2775,278.499999999994884,278.499999999994884,0.999999999999974,0.999999999999974
2776,278.600000,278.600000,1.000000,1.000000
2776,278.599999999994907,278.599999999994907,0.999999999999958,0.999999999999958
2777,278.700000,278.700000,1.000000,1.000000
2777,278.699999999994930,278.699999999994930,0.999999999999942,0.999999999999942
2778,278.800000,278.800000,1.000000,1.000000
2778,278.799999999994895,278.799999999994895,0.999999999999942,0.999999999999942
2779,278.900000,278.900000,1.000000,1.000000
2779,278.899999999994861,278.899999999994861,0.999999999999958,0.999999999999958
2780,279.000000,279.000000,1.000000,1.000000
2780,278.999999999994884,278.999999999994884,0.999999999999974,0.999999999999974
2781,279.100000,279.100000,1.000000,1.000000
2781,279.099999999994907,279.099999999994907,0.999999999999990,0.999999999999990
2782,279.200000,279.200000,1.000000,1.000000
2782,279.199999999994930,279.199999999994930,1.000000000000006,1.000000000000006
2783,279.300000,279.300000,1.000000,1.000000
2783,279.299999999994952,279.299999999994952,1.000000000000022,1.000000000000022
2784,279.400000,279.400000,1.000000,1.000000
2784,279.399999999994975,279.399999999994975,1.000000000000037,1.000000000000037
2785,279.500000,279.500000,1.000000,1.000000
2785,279.499999999994998,279.499999999994998,1.000000000000053,1.000000000000053
2786,279.600000,279.600000,1.000000,1.000000
2786,279.599999999995021,279.599999999995021,1.000000000000069,1.000000000000069
2787,279.700000,279.700000,1.000000,1.000000
2787,279.699999999995043,279.699999999995043,1.000000000000085,1.000000000000085
2788,279.800000,279.800000,1.000000,1.000000
2788,279.799999999995066,279.799999999995066,1.000000000000100,1.000000000000100
2789,279.900000,279.900000,1.000000,1.000000
2789,279.899999999995089,279.899999999995089,1.000000000000116,1.000000000000116
2790,280.000000,280.000000,1.000000,1.000000
2790,279.999999999995111,279.999999999995111,1.000000000000132,1.000000000000132
2791,280.100000,280.100000,1.000000,1.000000
2791,280.099999999995134,280.099999999995134,1.000000000000148,1.000000000000148
2792,280.200000,280.200000,1.000000,1.000000
2792,280.199999999995157,280.199999999995157,1.000000000000163,1.000000000000163
2793,280.300000,280.300000,1.000000,1.000000
2793,280.299999999995180,280.299999999995180,1.000000000000179,1.000000000000179
2794,280.400000,280.400000,1.000000,1.000000
2794,280.399999999995202,280.399999999995202,1.000000000000195,1.000000000000195
2795,280.500000,280.500000,1.000000,1.000000
2795,280.499999999995225,280.499999999995225,1.000000000000211,1.000000000000211
2796,280.600000,280.600000,1.000000,1.000000
2796,280.599999999995248,280.599999999995248,1.000000000000226,1.000000000000226
2797,280.700000,280.700000,1.000000,1.000000
2797,280.699999999995271,280.699999999995271,1.000000000000242,1.000000000000242
2798,280.800000,280.800000,1.000000,1.000000
2798,280.799999999995293,280.799999999995293,1.000000000000258,1.000000000000258
2799,280.900000,280.900000,1.000000,1.000000
2799,280.899999999995316,280.899999999995316,1.000000000000274,1.000000000000274
2800,281.000000,281.000000,1.000000,1.000000
2800,280.999999999995339,280.999999999995339,1.000000000000290,1.000000000000290
2801,281.100000,281.100000,1.000000,1.000000
2801,281.099999999995362,281.099999999995362,1.000000000000305,1.000000000000305
2802,281.200000,281.200000,1.000000,1.000000
2802,281.199999999995384,281.199999999995384,1.000000000000321,1.000000000000321
2803,281.300000,281.300000,1.000000,1.000000
2803,281.299999999995407,281.299999999995407,1.000000000000337,1.000000000000337
2804,281.400000,281.400000,1.000000,1.000000
2804,281.399999999995430,281.399999999995430,1.000000000000353,1.000000000000353
2805,281.500000,281.500000,1.000000,1.000000
2805,281.499999999995453,281.499999999995453,1.000000000000368,1.000000000000368
2806,281.600000,281.600000,1.000000,1.000000
2806,281.599999999995475,281.599999999995475,1.000000000000384,1.000000000000384
2807,281.700000,281.700000,1.000000,1.000000
2807,281.699999999995498,281.699999999995498,1.000000000000400,1.000000000000400
2808,281.800000,281.800000,1.000000,1.000000
2808,281.799999999995521,281.799999999995521,1.000000000000416,1.000000000000416
2809,281.900000,281.900000,1.000000,1.000000
2809,281.899999999995543,281.899999999995543,1.000000000000431,1.000000000000431
2810,282.000000,282.000000,1.000000,1.000000
2810,281.999999999995566,281.999999999995566,1.000000000000447,1.000000000000447
2811,282.100000,282.100000,1.000000,1.000000
2811,282.099999999995589,282.099999999995589,1.000000000000463,1.000000000000463
2812,282.200000,282.200000,1.000000,1.000000
2812,282.199999999995612,282.199999999995612,1.000000000000479,1.000000000000479
2813,282.300000,282.300000,1.000000,1.000000
2813,282.299999999995634,282.299999999995634,1.000000000000494,1.000000000000494
2814,282.400000,282.400000,1.000000,1.000000
2814,282.399999999995657,282.399999999995657,1.000000000000510,1.000000000000510
2815,282.500000,282.500000,1.000000,1.000000
2815,282.499999999995680,282.499999999995680,1.000000000000526,1.000000000000526
2816,282.600000,282.600000,1.000000,1.000000
2816,282.599999999995759,282.599999999995759,1.000000000000526,1.000000000000526
2817,282.700000,282.700000,1.000000,1.000000
2817,282.699999999995839,282.699999999995839,1.000000000000510,1.000000000000510
2818,282.800000,282.800000,1.000000,1.000000
2818,282.799999999995862,282.799999999995862,1.000000000000494,1.000000000000494
2819,282.900000,282.900000,1.000000,1.000000
2819,282.899999999995885,282.899999999995885,1.000000000000479,1.000000000000479
2820,283.000000,283.000000,1.000000,1.000000
2820,282.999999999995907,282.999999999995907,1.000000000000463,1.000000000000463
2821,283.100000,283.100000,1.000000,1.000000
2821,283.099999999995930,283.099999999995930,1.000000000000447,1.000000000000447
2822,283.200000,283.200000,1.000000,1.000000
2822,283.199999999995953,283.199999999995953,1.000000000000431,1.000000000000431
2823,283.300000,283.300000,1.000000,1.000000
2823,283.299999999995975,283.299999999995975,1.000000000000416,1.000000000000416
2824,283.400000,283.400000,1.000000,1.000000
2824,283.399999999995998,283.399999999995998,1.000000000000400,1.000000000000400
2825,283.500000,283.500000,1.000000,1.000000
2825,283.499999999996021,283.499999999996021,1.000000000000384,1.000000000000384
2826,283.600000,283.600000,1.000000,1.000000
2826,283.599999999996044,283.599999999996044,1.000000000000368,1.000000000000368
2827,283.700000,283.700000,1.000000,1.000000
2827,283.699999999996066,283.699999999996066,1.000000000000353,1.000000000000353
2828,283.800000,283.800000,1.000000,1.000000
2828,283.799999999996089,283.799999999996089,1.000000000000337,1.000000000000337
2829,283.900000,283.900000,1.000000,1.000000
2829,283.899999999996112,283.899999999996112,1.000000000000321,1.000000000000321
2830,284.000000,284.000000,1.000000,1.000000
2830,283.999999999996135,283.999999999996135,1.000000000000305,1.000000000000305
2831,284.100000,284.100000,1.000000,1.000000
2831,284.099999999996157,284.099999999996157,1.000000000000290,1.000000000000290
2832,284.200000,284.200000,1.000000,1.000000
2832,284.199999999996180,284.199999999996180,1.000000000000274,1.000000000000274
2833,284.300000,284.300000,1.000000,1.000000
2833,284.299999999996203,284.299999999996203,1.000000000000258,1.000000000000258
2834,284.400000,284.400000,1.000000,1.000000
2834,284.399999999996226,284.399999999996226,1.000000000000242,1.000000000000242
2835,284.500000,284.500000,1.000000,1.000000
2835,284.499999999996248,284.499999999996248,1.000000000000226,1.000000000000226
2836,284.600000,284.600000,1.000000,1.000000
2836,284.599999999996271,284.599999999996271,1.000000000000211,1.000000000000211
2837,284.700000,284.700000,1.000000,1.000000
2837,284.699999999996294,284.699999999996294,1.000000000000195,1.000000000000195
2838,284.800000,284.800000,1.000000,1.000000
2838,284.799999999996317,284.799999999996317,1.000000000000179,1.000000000000179
2839,284.900000,284.900000,1.000000,1.000000
2839,284.899999999996339,284.899999999996339,1.000000000000163,1.000000000000163
2840,285.000000,285.000000,1.000000,1.000000
2840,284.999999999996362,284.999999999996362,1.000000000000148,1.000000000000148
2841,285.100000,285.100000,1.000000,1.000000
2841,285.099999999996385,285.099999999996385,1.000000000000132,1.000000000000132
2842,285.200000,285.200000,1.000000,1.000000
2842,285.199999999996407,285.199999999996407,1.000000000000116,1.000000000000116
2843,285.300000,285.300000,1.000000,1.000000
2843,285.299999999996430,285.299999999996430,1.000000000000100,1.000000000000100
2844,285.400000,285.400000,1.000000,1.000000
2844,285.399999999996453,285.399999999996453,1.000000000000085,1.000000000000085
2845,285.500000,285.500000,1.000000,1.000000
2845,285.499999999996476,285.499999999996476,1.000000000000069,1.000000000000069
2846,285.600000,285.600000,1.000000,1.000000
2846,285.599999999996498,285.599999999996498,1.000000000000053,1.000000000000053
2847,285.700000,285.700000,1.000000,1.000000
2847,285.699999999996521,285.699999999996521,1.000000000000037,1.000000000000037
2848,285.800000,285.800000,1.000000,1.000000
2848,285.799999999996544,285.799999999996544,1.000000000000022,1.000000000000022
2849,285.900000,285.900000,1.000000,1.000000
2849,285.899999999996567,285.899999999996567,1.000000000000006,1.000000000000006
2850,286.000000,286.000000,1.000000,1.000000
2850,285.999999999996589,285.999999999996589,0.999999999999990,0.999999999999990
2851,286.100000,286.100000,1.000000,1.000000
2851,286.099999999996612,286.099999999996612,0.999999999999974,0.999999999999974
2852,286.200000,286.200000,1.000000,1.000000
2852,286.199999999996635,286.199999999996635,0.999999999999958,0.999999999999958
2853,286.300000,286.300000,1.000000,1.000000
2853,286.299999999996658,286.299999999996658,0.999999999999942,0.999999999999942
2854,286.400000,286.400000,1.000000,1.000000
2854,286.399999999996624,286.399999999996624,0.999999999999942,0.999999999999942
2855,286.500000,286.500000,1.000000,1.000000
2855,286.499999999996589,286.499999999996589,0.999999999999958,0.999999999999958
2856,286.600000,286.600000,1.000000,1.000000
2856,286.599999999996612,286.599999999996612,0.999999999999974,0.999999999999974
2857,286.700000,286.700000,1.000000,1.000000
2857,286.699999999996635,286.699999999996635,0.999999999999990,0.999999999999990
2858,286.800000,286.800000,1.000000,1.000000
2858,286.799999999996658,286.799999999996658,1.000000000000006,1.000000000000006
2859,286.900000,286.900000,1.000000,1.000000
2859,286.899999999996680,286.899999999996680,1.000000000000022,1.000000000000022
2860,287.000000,287.000000,1.000000,1.000000
2860,286.999999999996703,286.999999999996703,1.000000000000037,1.000000000000037
2861,287.100000,287.100000,1.000000,1.000000
2861,287.099999999996726,287.099999999996726,1.000000000000053,1.000000000000053
2862,287.200000,287.200000,1.000000,1.000000
2862,287.199999999996749,287.199999999996749,1.000000000000069,1.000000000000069
2863,287.300000,287.300000,1.000000,1.000000
2863,287.299999999996771,287.299999999996771,1.000000000000085,1.000000000000085
2864,287.400000,287.400000,1.000000,1.000000
2864,287.399999999996794,287.399999999996794,1.000000000000100,1.000000000000100
2865,287.500000,287.500000,1.000000,1.000000
2865,287.499999999996817,287.499999999996817,1.000000000000116,1.000000000000116
2866,287.600000,287.600000,1.000000,1.000000
2866,287.599999999996840,287.599999999996840,1.000000000000132,1.000000000000132
2867,287.700000,287.700000,1.000000,1.000000
2867,287.699999999996862,287.699999999996862,1.000000000000148,1.000000000000148
2868,287.800000,287.800000,1.000000,1.000000
2868,287.799999999996885,287.799999999996885,1.000000000000163,1.000000000000163
2869,287.900000,287.900000,1.000000,1.000000
2869,287.899999999996908,287.899999999996908,1.000000000000179,1.000000000000179
2870,288.000000,288.000000,1.000000,1.000000
2870,287.999999999996930,287.999999999996930,1.000000000000195,1.000000000000195
2871,288.100000,288.100000,1.000000,1.000000
2871,288.099999999996953,288.099999999996953,1.000000000000211,1.000000000000211
2872,288.200000,288.200000,1.000000,1.000000
2872,288.199999999996976,288.199999999996976,1.000000000000226,1.000000000000226
2873,288.300000,288.300000,1.000000,1.000000
2873,288.299999999996999,288.299999999996999,1.000000000000242,1.000000000000242
2874,288.400000,288.400000,1.000000,1.000000
2874,288.399999999997021,288.399999999997021,1.000000000000258,1.000000000000258
2875,288.500000,288.500000,1.000000,1.000000
2875,288.499999999997044,288.499999999997044,1.000000000000274,1.000000000000274
2876,288.600000,288.600000,1.000000,1.000000
2876,288.599999999997067,288.599999999997067,1.000000000000290,1.000000000000290
2877,288.700000,288.700000,1.000000,1.000000
2877,288.699999999997090,288.699999999997090,1.000000000000305,1.000000000000305
2878,288.800000,288.800000,1.000000,1.000000
2878,288.799999999997112,288.799999999997112,1.000000000000321,1.000000000000321
2879,288.900000,288.900000,1.000000,1.000000
2879,288.899999999997135,288.899999999997135,1.000000000000337,1.000000000000337
2880,289.000000,289.000000,1.000000,1.000000
2880,288.999999999997158,288.999999999997158,1.000000000000353,1.000000000000353
2881,289.100000,289.100000,1.000000,1.000000
2881,289.099999999997181,289.099999999997181,1.000000000000368,1.000000000000368
2882,289.200000,289.200000,1.000000,1.000000
2882,289.199999999997203,289.199999999997203,1.000000000000384,1.000000000000384
2883,289.300000,289.300000,1.000000,1.000000
2883,289.299999999997226,289.299999999997226,1.000000000000400,1.000000000000400
2884,289.400000,289.400000,1.000000,1.000000
2884,289.399999999997249,289.399999999997249,1.000000000000416,1.000000000000416
2885,289.500000,289.500000,1.000000,1.000000
2885,289.499999999997272,289.499999999997272,1.000000000000431,1.000000000000431
2886,289.600000,289.600000,1.000000,1.000000
2886,289.599999999997294,289.599999999997294,1.000000000000447,1.000000000000447
2887,289.700000,289.700000,1.000000,1.000000
2887,289.699999999997317,289.699999999997317,1.000000000000463,1.000000000000463
2888,289.800000,289.800000,1.000000,1.000000
2888,289.799999999997340,289.799999999997340,1.000000000000479,1.000000000000479
2889,289.900000,289.900000,1.000000,1.000000
2889,289.899999999997362,289.899999999997362,1.000000000000494,1.000000000000494
2890,290.000000,290.000000,1.000000,1.000000
2890,289.999999999997385,289.999999999997385,1.000000000000510,1.000000000000510
2891,290.100000,290.100000,1.000000,1.000000
2891,290.099999999997408,290.099999999997408,1.000000000000526,1.000000000000526
2892,290.200000,290.200000,1.000000,1.000000
2892,290.199999999997488,290.199999999997488,1.000000000000526,1.000000000000526
2893,290.300000,290.300000,1.000000,1.000000
2893,290.299999999997567,290.299999999997567,1.000000000000510,1.000000000000510
2894,290.400000,290.400000,1.000000,1.000000
2894,290.399999999997590,290.399999999997590,1.000000000000494,1.000000000000494
2895,290.500000,290.500000,1.000000,1.000000
2895,290.499999999997613,290.499999999997613,1.000000000000479,1.000000000000479
2896,290.600000,290.600000,1.000000,1.000000
2896,290.599999999997635,290.599999999997635,1.000000000000463,1.000000000000463
2897,290.700000,290.700000,1.000000,1.000000
2897,290.699999999997658,290.699999999997658,1.000000000000447,1.000000000000447
2898,290.800000,290.800000,1.000000,1.000000
2898,290.799999999997681,290.799999999997681,1.000000000000431,1.000000000000431
2899,290.900000,290.900000,1.000000,1.000000
2899,290.899999999997704,290.899999999997704,1.000000000000416,1.000000000000416
2900,291.000000,291.000000,1.000000,1.000000
2900,290.999999999997726,290.999999999997726,1.000000000000400,1.000000000000400
2901,291.100000,291.100000,1.000000,1.000000
2901,291.099999999997749,291.099999999997749,1.000000000000384,1.000000000000384
2902,291.200000,291.200000,1.000000,1.000000
2902,291.199999999997772,291.199999999997772,1.000000000000368,1.000000000000368
2903,291.300000,291.300000,1.000000,1.000000
2903,291.299999999997794,291.299999999997794,1.000000000000353,1.000000000000353
2904,291.400000,291.400000,1.000000,1.000000
2904,291.399999999997817,291.399999999997817,1.000000000000337,1.000000000000337
2905,291.500000,291.500000,1.000000,1.000000
2905,291.499999999997840,291.499999999997840,1.000000000000321,1.000000000000321
2906,291.600000,291.600000,1.000000,1.000000
2906,291.599999999997863,291.599999999997863,1.000000000000305,1.000000000000305
2907,291.700000,291.700000,1.000000,1.000000
2907,291.699999999997885,291.699999999997885,1.000000000000290,1.000000000000290
2908,291.800000,291.800000,1.000000,1.000000
2908,291.799999999997908,291.799999999997908,1.000000000000274,1.000000000000274
2909,291.900000,291.900000,1.000000,1.000000
2909,291.899999999997931,291.899999999997931,1.000000000000258,1.000000000000258
2910,292.000000,292.000000,1.000000,1.000000
2910,291.999999999997954,291.999999999997954,1.000000000000242,1.000000000000242
2911,292.100000,292.100000,1.000000,1.000000
2911,292.099999999997976,292.099999999997976,1.000000000000226,1.000000000000226
2912,292.200000,292.200000,1.000000,1.000000
2912,292.199999999997999,292.199999999997999,1.000000000000211,1.000000000000211
2913,292.300000,292.300000,1.000000,1.000000
2913,292.299999999998022,292.299999999998022,1.000000000000195,1.000000000000195
2914,292.400000,292.400000,1.000000,1.000000
2914,292.399999999998045,292.399999999998045,1.000000000000179,1.000000000000179
2915,292.500000,292.500000,1.000000,1.000000
2915,292.499999999998067,292.499999999998067,1.000000000000163,1.000000000000163
2916,292.600000,292.600000,1.000000,1.000000
2916,292.599999999998090,292.599999999998090,1.000000000000148,1.000000000000148
2917,292.700000,292.700000,1.000000,1.000000
2917,292.699999999998113,292.699999999998113,1.000000000000132,1.000000000000132
2918,292.800000,292.800000,1.000000,1.000000
2918,292.799999999998136,292.799999999998136,1.000000000000116,1.000000000000116
2919,292.900000,292.900000,1.000000,1.000000
2919,292.899999999998158,292.899999999998158,1.000000000000100,1.000000000000100
2920,293.000000,293.000000,1.000000,1.000000
2920,292.999999999998181,292.999999999998181,1.000000000000085,1.000000000000085
2921,293.100000,293.100000,1.000000,1.000000
2921,293.099999999998204,293.099999999998204,1.000000000000069,1.000000000000069
2922,293.200000,293.200000,1.000000,1.000000
2922,293.199999999998226,293.199999999998226,1.000000000000053,1.000000000000053
2923,293.300000,293.300000,1.000000,1.000000
2923,293.299999999998249,293.299999999998249,1.000000000000037,1.000000000000037
2924,293.400000,293.400000,1.000000,1.000000
2924,293.399999999998272,293.399999999998272,1.000000000000022,1.000000000000022
2925,293.500000,293.500000,1.000000,1.000000
2925,293.499999999998295,293.499999999998295,1.000000000000006,1.000000000000006
2926,293.600000,293.600000,1.000000,1.000000
2926,293.599999999998317,293.599999999998317,0.999999999999990,0.999999999999990
2927,293.700000,293.700000,1.000000,1.000000
2927,293.699999999998340,293.699999999998340,0.999999999999974,0.999999999999974
2928,293.800000,293.800000,1.000000,1.000000
2928,293.799999999998363,293.799999999998363,0.999999999999958,0.999999999999958
2929,293.900000,293.900000,1.000000,1.000000
2929,293.899999999998386,293.899999999998386,0.999999999999942,0.999999999999942
2930,294.000000,294.000000,1.000000,1.000000
2930,293.999999999998352,293.999999999998352,0.999999999999942,0.999999999999942
2931,294.100000,294.100000,1.000000,1.000000
2931,294.099999999998317,294.099999999998317,0.999999999999958,0.999999999999958
2932,294.200000,294.200000,1.000000,1.000000
2932,294.199999999998340,294.199999999998340,0.999999999999974,0.999999999999974
2933,294.300000,294.300000,1.000000,1.000000
2933,294.299999999998363,294.299999999998363,0.999999999999990,0.999999999999990
2934,294.400000,294.400000,1.000000,1.000000
2934,294.399999999998386,294.399999999998386,1.000000000000006,1.000000000000006
2935,294.500000,294.500000,1.000000,1.000000
2935,294.499999999998408,294.499999999998408,1.000000000000022,1.000000000000022
2936,294.600000,294.600000,1.000000,1.000000
2936,294.599999999998431,294.599999999998431,1.000000000000037,1.000000000000037
2937,294.700000,294.700000,1.000000,1.000000
2937,294.699999999998454,294.699999999998454,1.000000000000053,1.000000000000053
2938,294.800000,294.800000,1.000000,1.000000
2938,294.799999999998477,294.799999999998477,1.000000000000069,1.000000000000069
2939,294.900000,294.900000,1.000000,1.000000
2939,294.899999999998499,294.899999999998499,1.000000000000085,1.000000000000085
2940,295.000000,295.000000,1.000000,1.000000
2940,294.999999999998522,294.999999999998522,1.000000000000100,1.000000000000100
2941,295.100000,295.100000,1.000000,1.000000
2941,295.099999999998545,295.099999999998545,1.000000000000116,1.000000000000116
2942,295.200000,295.200000,1.000000,1.000000
2942,295.199999999998568,295.199999999998568,1.000000000000132,1.000000000000132
2943,295.300000,295.300000,1.000000,1.000000
2943,295.299999999998590,295.299999999998590,1.000000000000148,1.000000000000148
2944,295.400000,295.400000,1.000000,1.000000
2944,295.399999999998613,295.399999999998613,1.000000000000163,1.000000000000163
2945,295.500000,295.500000,1.000000,1.000000
2945,295.499999999998636,295.499999999998636,1.000000000000179,1.000000000000179
2946,295.600000,295.600000,1.000000,1.000000
2946,295.599999999998658,295.599999999998658,1.000000000000195,1.000000000000195
2947,295.700000,295.700000,1.000000,1.000000
2947,295.699999999998681,295.699999999998681,1.000000000000211,1.000000000000211
2948,295.800000,295.800000,1.000000,1.000000
2948,295.799999999998704,295.799999999998704,1.000000000000226,1.000000000000226
2949,295.900000,295.900000,1.000000,1.000000
2949,295.899999999998727,295.899999999998727,1.000000000000242,1.000000000000242
2950,296.000000,296.000000,1.000000,1.000000
2950,295.999999999998749,295.999999999998749,1.000000000000258,1.000000000000258
2951,296.100000,296.100000,1.000000,1.000000
2951,296.099999999998772,296.099999999998772,1.000000000000274,1.000000000000274
2952,296.200000,296.200000,1.000000,1.000000
2952,296.199999999998795,296.199999999998795,1.000000000000290,1.000000000000290
2953,296.300000,296.300000,1.000000,1.000000
2953,296.299999999998818,296.299999999998818,1.000000000000305,1.000000000000305
2954,296.400000,296.400000,1.000000,1.000000
2954,296.399999999998840,296.399999999998840,1.000000000000321,1.000000000000321
2955,296.500000,296.500000,1.000000,1.000000
2955,296.499999999998863,296.499999999998863,1.000000000000337,1.000000000000337
2956,296.600000,296.600000,1.000000,1.000000
2956,296.599999999998886,296.599999999998886,1.000000000000353,1.000000000000353
2957,296.700000,296.700000,1.000000,1.000000
2957,296.699999999998909,296.699999999998909,1.000000000000368,1.000000000000368
2958,296.800000,296.800000,1.000000,1.000000
2958,296.799999999998931,296.799999999998931,1.000000000000384,1.000000000000384
2959,296.900000,296.900000,1.000000,1.000000
2959,296.899999999998954,296.899999999998954,1.000000000000400,1.000000000000400
2960,297.000000,297.000000,1.000000,1.000000
2960,296.999999999998977,296.999999999998977,1.000000000000416,1.000000000000416
2961,297.100000,297.100000,1.000000,1.000000
2961,297.099999999999000,297.099999999999000,1.000000000000431,1.000000000000431
2962,297.200000,297.200000,1.000000,1.000000
2962,297.199999999999022,297.199999999999022,1.000000000000447,1.000000000000447
2963,297.300000,297.300000,1.000000,1.000000
2963,297.299999999999045,297.299999999999045,1.000000000000463,1.000000000000463
2964,297.400000,297.400000,1.000000,1.000000
2964,297.399999999999068,297.399999999999068,1.000000000000479,1.000000000000479
2965,297.500000,297.500000,1.000000,1.000000
2965,297.499999999999091,297.499999999999091,1.000000000000494,1.000000000000494
2966,297.600000,297.600000,1.000000,1.000000
2966,297.599999999999113,297.599999999999113,1.000000000000510,1.000000000000510
2967,297.700000,297.700000,1.000000,1.000000
2967,297.699999999999136,297.699999999999136,1.000000000000526,1.000000000000526
2968,297.800000,297.800000,1.000000,1.000000
2968,297.799999999999216,297.799999999999216,1.000000000000526,1.000000000000526
2969,297.900000,297.900000,1.000000,1.000000
2969,297.899999999999295,297.899999999999295,1.000000000000510,1.000000000000510
2970,298.000000,298.000000,1.000000,1.000000
2970,297.999999999999318,297.999999999999318,1.000000000000494,1.000000000000494
2971,298.100000,298.100000,1.000000,1.000000
2971,298.099999999999341,298.099999999999341,1.000000000000479,1.000000000000479
2972,298.200000,298.200000,1.000000,1.000000
2972,298.199999999999363,298.199999999999363,1.000000000000463,1.000000000000463
2973,298.300000,298.300000,1.000000,1.000000
2973,298.299999999999386,298.299999999999386,1.000000000000447,1.000000000000447
2974,298.400000,298.400000,1.000000,1.000000
2974,298.399999999999409,298.399999999999409,1.000000000000431,1.000000000000431
2975,298.500000,298.500000,1.000000,1.000000
2975,298.499999999999432,298.499999999999432,1.000000000000416,1.000000000000416
2976,298.600000,298.600000,1.000000,1.000000
2976,298.599999999999454,298.599999999999454,1.000000000000400,1.000000000000400
2977,298.700000,298.700000,1.000000,1.000000
2977,298.699999999999477,298.699999999999477,1.000000000000384,1.000000000000384
2978,298.800000,298.800000,1.000000,1.000000
2978,298.799999999999500,298.799999999999500,1.000000000000368,1.000000000000368
2979,298.900000,298.900000,1.000000,1.000000
2979,298.899999999999523,298.899999999999523,1.000000000000353,1.000000000000353
2980,299.000000,299.000000,1.000000,1.000000
2980,298.999999999999545,298.999999999999545,1.000000000000337,1.000000000000337
2981,299.100000,299.100000,1.000000,1.000000
2981,299.099999999999568,299.099999999999568,1.000000000000321,1.000000000000321
2982,299.200000,299.200000,1.000000,1.000000
2982,299.199999999999591,299.199999999999591,1.000000000000305,1.000000000000305
2983,299.300000,299.300000,1.000000,1.000000
2983,299.299999999999613,299.299999999999613,1.000000000000290,1.000000000000290
2984,299.400000,299.400000,1.000000,1.000000
2984,299.399999999999636,299.399999999999636,1.000000000000274,1.000000000000274
2985,299.500000,299.500000,1.000000,1.000000
2985,299.499999999999659,299.499999999999659,1.000000000000258,1.000000000000258
2986,299.600000,299.600000,1.000000,1.000000
2986,299.599999999999682,299.599999999999682,1.000000000000242,1.000000000000242
2987,299.700000,299.700000,1.000000,1.000000
2987,299.699999999999704,299.699999999999704,1.000000000000226,1.000000000000226
2988,299.800000,299.800000,1.000000,1.000000
2988,299.799999999999727,299.799999999999727,1.000000000000211,1.000000000000211
2989,299.900000,299.900000,1.000000,1.000000
2989,299.899999999999750,299.899999999999750,1.000000000000195,1.000000000000195
2990,300.000000,300.000000,1.000000,1.000000
2990,299.999999999999773,299.999999999999773,1.000000000000179,1.000000000000179
2991,300.100000,300.100000,1.000000,1.000000
2991,300.099999999999795,300.099999999999795,1.000000000000163,1.000000000000163
2992,300.200000,300.200000,1.000000,1.000000
2992,300.199999999999818,300.199999999999818,1.000000000000148,1.000000000000148
2993,300.300000,300.300000,1.000000,1.000000
2993,300.299999999999841,300.299999999999841,1.000000000000132,1.000000000000132
2994,300.400000,300.400000,1.000000,1.000000
2994,300.399999999999864,300.399999999999864,1.000000000000116,1.000000000000116
2995,300.500000,300.500000,1.000000,1.000000
2995,300.499999999999886,300.499999999999886,1.000000000000100,1.000000000000100
2996,300.600000,300.600000,1.000000,1.000000
2996,300.599999999999909,300.599999999999909,1.000000000000085,1.000000000000085
2997,300.700000,300.700000,1.000000,1.000000
2997,300.699999999999932,300.699999999999932,1.000000000000069,1.000000000000069
2998,300.800000,300.800000,1.000000,1.000000
2998,300.799999999999955,300.799999999999955,1.000000000000053,1.000000000000053
2999,300.900000,300.900000,1.000000,1.000000
2999,300.899999999999977,300.899999999999977,1.000000000000037,1.000000000000037
3000,301.000000,301.000000,1.000000,1.000000
3000,301.000000000000000,301.000000000000000,1.000000000000022,1.000000000000022
3001,301.100000,301.100000,1.000000,1.000000
3001,301.100000000000023,301.100000000000023,1.000000000000006,1.000000000000006
3002,301.200000,301.200000,1.000000,1.000000
3002,301.200000000000045,301.200000000000045,0.999999999999990,0.999999999999990
3003,301.300000,301.300000,1.000000,1.000000
3003,301.300000000000068,301.300000000000068,0.999999999999974,0.999999999999974
3004,301.400000,301.400000,1.000000,1.000000
3004,301.400000000000091,301.400000000000091,0.999999999999958,0.999999999999958
3005,301.500000,301.500000,1.000000,1.000000
3005,301.500000000000114,301.500000000000114,0.999999999999942,0.999999999999942
3006,301.600000,301.600000,1.000000,1.000000
3006,301.600000000000080,301.600000000000080,0.999999999999942,0.999999999999942
3007,301.700000,301.700000,1.000000,1.000000
3007,301.700000000000045,301.700000000000045,0.999999999999958,0.999999999999958
3008,301.800000,301.800000,1.000000,1.000000
3008,301.800000000000068,301.800000000000068,0.999999999999974,0.999999999999974
3009,301.900000,301.900000,1.000000,1.000000
3009,301.900000000000091,301.900000000000091,0.999999999999990,0.999999999999990
3010,302.000000,302.000000,1.000000,1.000000
3010,302.000000000000114,302.000000000000114,1.000000000000006,1.000000000000006
3011,302.100000,302.100000,1.000000,1.000000
3011,302.100000000000136,302.100000000000136,1.000000000000022,1.000000000000022
3012,302.200000,302.200000,1.000000,1.000000
3012,302.200000000000159,302.200000000000159,1.000000000000037,1.000000000000037
3013,302.300000,302.300000,1.000000,1.000000
3013,302.300000000000182,302.300000000000182,1.000000000000053,1.000000000000053
3014,302.400000,302.400000,1.000000,1.000000
3014,302.400000000000205,302.400000000000205,1.000000000000069,1.000000000000069
3015,302.500000,302.500000,1.000000,1.000000
3015,302.500000000000227,302.500000000000227,1.000000000000085,1.000000000000085
3016,302.600000,302.600000,1.000000,1.000000
3016,302.600000000000250,302.600000000000250,1.000000000000100,1.000000000000100
3017,302.700000,302.700000,1.000000,1.000000
3017,302.700000000000273,302.700000000000273,1.000000000000116,1.000000000000116
3018,302.800000,302.800000,1.000000,1.000000
3018,302.800000000000296,302.800000000000296,1.000000000000132,1.000000000000132
3019,302.900000,302.900000,1.000000,1.000000
3019,302.900000000000318,302.900000000000318,1.000000000000148,1.000000000000148
3020,303.000000,303.000000,1.000000,1.000000
3020,303.000000000000341,303.000000000000341,1.000000000000163,1.000000000000163
3021,303.100000,303.100000,1.000000,1.000000
3021,303.100000000000364,303.100000000000364,1.000000000000179,1.000000000000179
3022,303.200000,303.200000,1.000000,1.000000
3022,303.200000000000387,303.200000000000387,1.000000000000195,1.000000000000195
3023,303.300000,303.300000,1.000000,1.000000
3023,303.300000000000409,303.300000000000409,1.000000000000211,1.000000000000211
3024,303.400000,303.400000,1.000000,1.000000
3024,303.400000000000432,303.400000000000432,1.000000000000226,1.000000000000226
3025,303.500000,303.500000,1.000000,1.000000
3025,303.500000000000455,303.500000000000455,1.000000000000242,1.000000000000242
3026,303.600000,303.600000,1.000000,1.000000
3026,303.600000000000477,303.600000000000477,1.000000000000258,1.000000000000258
3027,303.700000,303.700000,1.000000,1.000000
3027,303.700000000000500,303.700000000000500,1.000000000000274,1.000000000000274
3028,303.800000,303.800000,1.000000,1.000000
3028,303.800000000000523,303.800000000000523,1.000000000000290,1.000000000000290
3029,303.900000,303.900000,1.000000,1.000000
3029,303.900000000000546,303.900000000000546,1.000000000000305,1.000000000000305
3030,304.000000,304.000000,1.000000,1.000000
3030,304.000000000000568,304.000000000000568,1.000000000000321,1.000000000000321
3031,304.100000,304.100000,1.000000,1.000000
3031,304.100000000000591,304.100000000000591,1.000000000000337,1.000000000000337
3032,304.200000,304.200000,1.000000,1.000000
3032,304.200000000000614,304.200000000000614,1.000000000000353,1.000000000000353
3033,304.300000,304.300000,1.000000,1.000000
3033,304.300000000000637,304.300000000000637,1.000000000000368,1.000000000000368
3034,304.400000,304.400000,1.000000,1.000000
3034,304.400000000000659,304.400000000000659,1.000000000000384,1.000000000000384
3035,304.500000,304.500000,1.000000,1.000000
3035,304.500000000000682,304.500000000000682,1.000000000000400,1.000000000000400
3036,304.600000,304.600000,1.000000,1.000000
3036,304.600000000000705,304.600000000000705,1.000000000000416,1.000000000000416
3037,304.700000,304.700000,1.000000,1.000000
3037,304.700000000000728,304.700000000000728,1.000000000000431,1.000000000000431
3038,304.800000,304.800000,1.000000,1.000000
3038,304.800000000000750,304.800000000000750,1.000000000000447,1.000000000000447
3039,304.900000,304.900000,1.000000,1.000000
3039,304.900000000000773,304.900000000000773,1.000000000000463,1.000000000000463
